Fecha,Torneo,Torneo_ID_Sofascore,Categoria,Superficie,Ronda,Hora_Aprox,Jugador_Local,Jugador_Local_ID_Sofascore,Jugador_Visitante,Jugador_Visitante_ID_Sofascore
2026-06-06,"Bad Rappenau, Germany",186312,Challenger,Red clay,Semifinals,10:05,Henri Squire,208225,Emilio Nava,232057
2026-06-06,ITF W15 Ontinyent Women,186408,ITF Women,Arcilla,Semifinals,10:05,Maileen Nuudi,213927,Carmen Gallardo Guevara,287781
2026-06-06,"French Open, Wheelchairs, Women",186397,Wheelchairs,Red clay,Final,10:05,Diede de Groot,244702,Ksenia Chasteau,490553
2026-06-06,ITF W50 Montemor-O-Novo Women,153853,ITF Women,Dura,Semifinals,10:09,Francisca Jorge,199408,Matilde Jorge,290206
2026-06-06,"S-Hertogenbosch, Netherlands, Qualifying",166485,ATP,Hierba,Qualification Round 1,10:10,Mac Visser,828033,Elias Ymer,83661
2026-06-06,"S-Hertogenbosch, Netherlands, Qualifying",166485,ATP,Hierba,Qualification Round 1,10:10,Michael Geerts,103625,Elias Ymer,83661
2026-06-06,"S-Hertogenbosch, Netherlands, Qualifying",187450,WTA,Hierba,Qualification Round 1,10:15,Carol Young-suh Lee,260726,Lin Zhu,45584
2026-06-06,ITF M15 Szentendre Men Doubles,152120,ITF Men,Arcilla,Final,10:16,Hrazdil J / Poritskyy A,1233862,Bakonyi D / Jilly A,489963
2026-06-06,ITF W15 Kursumlijska Banja 3 Women,151598,ITF Women,Arcilla,Semifinals,10:21,Anastasia Zolotareva,284553,Michaela Bayerlová,210225
2026-06-06,ITF M15 Monastir 20 Men Doubles,152813,ITF Men,Hardcourt outdoor,Final,10:25,Rankin M / Walters M,1099649,Bennour Dit Sahli A / Hermassi R,555415
2026-06-06,ITF M15 Ljubljana Men Doubles,153893,ITF Men,Arcilla,Final,10:28,Hribar M / Mohar V,1233406,Mueller C / Schell N,1123669
2026-06-06,"Stuttgart, Germany, Qualifying",187431,ATP,Hierba,Qualification Round 1,10:30,Luca Castelnuovo,92667,Jurij Rodionov,200159
2026-06-06,"Stuttgart, Germany, Qualifying",187431,ATP,Hierba,Qualification Round 1,10:30,Sho Shimabukuro,216154,Stefanos Sakellaridis,302567
2026-06-06,ITF W15 Monastir 15 Women Doubles,150136,ITF Women,Hardcourt outdoor,Final,10:30,Andrienko M / Bartel K,1233404,Ayala L / Passola B,1233396
2026-06-06,"French Open, Girls",186365,Juniors,Red clay,Final,10:30,Alisa Oktiabreva,451932,Xinran Sun,1091182
2026-06-06,"Prostejov, Czech Republic",186314,Challenger,Red clay,Semifinals,10:40,Sebastián Báez,221806,Nikolas Sanchez Izquierdo,193644
2026-06-06,ITF M15 Kayseri 3 Men Doubles,154323,ITF Men,Hardcourt outdoor,Quarterfinals,10:41,Anavatan M / Sengul B,1102716,Ozdemir S M / Turker M N,237972
2026-06-06,ITF M15 Kayseri 3 Men Doubles,154323,ITF Men,Hardcourt outdoor,Semifinals,10:47,Dinev D / Markov V,1233247,Fradkin J / McKennon M,1217954
2026-06-06,"Centurion 2, South Africa",186719,Challenger,Hardcourt outdoor,Semifinals,10:50,Khololwam Montsi,272228,Alexander Donski,163538
2026-06-06,"Birmingham, Great Britain",186304,WTA 125,Hierba,Semifinals,10:50,Alexandra Eala,327924,Rebeka Masarova,124804
2026-06-06,"Birmingham, Great Britain",186304,WTA 125,Hierba,Semifinals,10:50,Nikola Bartunkova,348987,Ashlyn Krueger,311012
2026-06-06,"S-Hertogenbosch, Netherlands, Qualifying",187450,WTA,Hierba,Qualification Round 1,10:55,Hanne Vandewinkel,383994,Mona Barthel,42839
2026-06-06,ITF W15 Ontinyent Women,186408,ITF Women,Arcilla,Semifinals,10:58,Neus Torner Sensano,929299,Maria Garcia Cid,371872
2026-06-06,ITF W15 Monastir 15 Women Doubles,150136,ITF Women,Hardcourt outdoor,Final,11:00,Andrienko M / Bartel K,1233404,Berta Passola,455696
2026-06-06,ITF W15 Kursumlijska Banja 3 Women Doubles,151599,ITF Women,Arcilla,Final,11:06,Milovanovic E / Senic N,1234486,Anghel A I / Masiianskaia M,1144987
2026-06-06,"Bad Rappenau, Germany",186312,Challenger,Red clay,Semifinals,11:15,Diego Dedura-Palomero,484219,Luka Mikrut,349090
2026-06-06,"French Open, Legends Doubles",187017,Legends,Red clay,,11:15,Forget G / Leconte H,479534,Chang M / Mcenroe J,318955
2026-06-06,"S-Hertogenbosch, Netherlands, Qualifying",187450,WTA,Hierba,Qualification Round 1,11:20,Anouck Vrancken Peeters,407873,Anouk Koevermans,296390
2026-06-06,ITF M25 Bistrita Men Doubles,186380,ITF Men,Arcilla,Final,11:25,Horia Haita S / Turcanu R D,1233285,Ghetu G / Guna R,854315
2026-06-06,ITF W15 Banja Luka Women Doubles,153875,ITF Women,Arcilla,Semifinals,11:30,Gobbi Monllau A V / Korpanec Davies A,1234734,Ivanovic I / Trnkovski K,1233468
2026-06-06,"French Open, Wheelchairs",186393,Wheelchairs,Red clay,Final,11:35,Tokito Oda,417706,Alfie Hewett,244698
2026-06-06,ITF M15 Ljubljana Men,153892,ITF Men,Arcilla,Semifinals,11:41,Jan Kupčič,332110,Aljaž Jeran,421677
2026-06-06,"Stuttgart, Germany, Qualifying",187431,ATP,Hierba,Qualification Round 1,11:45,Pierre-Hugues Herbert,44553,Daniil Glinka,210033
2026-06-06,"S-Hertogenbosch, Netherlands, Qualifying",166485,ATP,Hierba,Qualification Round 1,11:50,Mackenzie McDonald,63438,Niels Visker,296802
2026-06-06,ITF M15 Rosbach Men,186385,ITF Men,Arcilla,Semifinals,11:57,Niels McDonald,484006,Vincent Marysko,463772
2026-06-06,ITF M15 Kayseri 3 Men Doubles,154323,ITF Men,Hardcourt outdoor,Semifinals,11:58,De Alba R / Sau Franco A,416910,Ozdemir S M / Turker M N,237972
2026-06-06,ITF W15 Banja Luka Women Doubles,153875,ITF Women,Arcilla,Semifinals,11:58,Bokova V / Nesmianovych A,1234450,Haavisto E / Remander S,475409
2026-06-06,"S-Hertogenbosch, Netherlands, Qualifying",166485,ATP,Hierba,Qualification Round 1,12:00,Sander Jong,355527,Shintaro Mochizuki,298795
2026-06-06,"Stuttgart, Germany, Qualifying",187431,ATP,Hierba,Qualification Round 1,12:05,Yu Hsiou Hsu,204329,Alexis Galarneau,187236
2026-06-06,ITF W50 Montemor-O-Novo Women,153853,ITF Women,Dura,Semifinals,12:05,Anastasia Kulikova,165006,Yeonwoo Ku,253353
2026-06-06,ITF W15 Casablanca Women,157025,ITF Women,Arcilla,Semifinals,12:08,Carolina Dibenedetto,1105742,Marta Soriano Santiago,404441
2026-06-06,ITF W15 Casablanca Women,157025,ITF Women,Arcilla,Semifinals,12:09,Elina Nepliy,111767,Nina Vargova,353490
2026-06-06,ITF M15 Kursumlijska Banja 3 Men,151557,ITF Men,Arcilla,Semifinals,12:19,Sean Cuenin,289972,Ali Yazdani,397604
2026-06-06,"S-Hertogenbosch, Netherlands, Qualifying",187450,WTA,Hierba,Qualification Round 1,12:20,Yue Yuan,190996,Robin Montgomery,297368
2026-06-06,"Perugia, Italy, Doubles",186309,Challenger,Red clay,Final,12:30,Gille S / Verbeek S,321984,Seggerman R / Winegar T,1232876
2026-06-06,"French Open, Boys",186358,Juniors,Red clay,Final,12:30,Luis Guto Miguel,517358,Michael Antonius,1108293
2026-06-06,"S-Hertogenbosch, Netherlands, Qualifying",166485,ATP,Hierba,Qualification Round 1,12:35,Alec Deckers,273778,Bernard Tomic,17080
2026-06-06,"S-Hertogenbosch, Netherlands, Qualifying",166485,ATP,Hierba,Qualification Round 1,12:45,Coleman Wong,289106,James McCabe,339452
2026-06-06,"Stuttgart, Germany, Qualifying",187431,ATP,Hierba,Qualification Round 1,12:50,Lorenzo Sonego,104847,Mert Alkaya,200150
2026-06-06,"Prostejov, Czech Republic, Doubles",186315,Challenger,Red clay,Final,12:55,Liutarevich I / Pieczonka F,1171958,Karol M / Paulson A,1091622
2026-06-06,ITF M15 Rosbach Men Doubles,186386,ITF Men,Arcilla,Final,13:00,Louis Wessels,180446,Kai Wehnelt,77501
2026-06-06,"UTR PTT Philadelphia Men 02, 1-4 Playoff",187338,UTR Men,Hardcourt outdoor,Final,13:00,Callum Markowitz,1089922,Kase Schinnerer,530753
2026-06-06,"UTR PTT Philadelphia Men 02, 1-4 Playoff",187338,UTR Men,Hardcourt outdoor,Match for 3rd place,13:00,Shaurya Bharadwaj,477391,Ainius Sabaliauskas,276378
2026-06-06,"UTR PTT Philadelphia Men 02, 5-8 Playoff",187341,UTR Men,Hardcourt outdoor,Final,13:00,Nischal Spurling,1072334,Mikkel Zinder,1095877
2026-06-06,"UTR PTT Philadelphia Women 01, 1-4 Playoff",187347,UTR Women,Hardcourt outdoor,Final,13:00,Vivian Yang,340583,Valerie Shue,1097567
2026-06-06,"UTR PTT Philadelphia Women 01, 5-8 Playoff",187348,UTR Women,Hardcourt outdoor,Match for 3rd place,13:00,Isabelle Oak,1166509,Caroline Manzi,1095885
2026-06-06,"UTR PTT Philadelphia Women 01, 9-12 Playoff",187350,UTR Women,Hardcourt outdoor,Final,13:00,Nikoline Gullacksen,382879,Mayra Gisone,1211591
2026-06-06,ITF W15 Osijek Women Doubles,153895,ITF Women,Arcilla,Final,13:01,Barbulescu b E / Tsygourova K,1233372,Biro M / Mišković D,1233880
2026-06-06,ITF W75 Caserta Women Doubles,153870,ITF Women,Arcilla,Final,13:09,Christie F / Silva E,405974,Cavalle-Reimers Y / Pigossi L,1210050
2026-06-06,"Bad Rappenau, Germany, Doubles",186313,Challenger,Red clay,Semifinals,13:10,Jung J / Uesugi K,1162196,Barrena A / Nava E,1232899
2026-06-06,"French Open, Paris, France",185246,WTA,Red clay,Final,13:25,Maja Chwalinska,211014,Mirra Andreeva,406776
2026-06-06,"Stuttgart, Germany, Qualifying",187431,ATP,Hierba,Qualification Round 1,13:25,Michalis Sakellaridis,193697,Mert Alkaya,200150
2026-06-06,"Foggia, Italy, Doubles",186327,WTA 125,Red clay,Final,13:30,Cascino E / Radisic N,1233898,Cho I-H / Cho Y T,257105
2026-06-06,"Centurion 2, South Africa",186719,Challenger,Hardcourt outdoor,Semifinals,13:35,Harold Mayot,248846,Philip Henning,238147
2026-06-06,"French Open, Girls, Doubles",186399,Juniors,Red clay,Final,13:35,Hazelitt J / Newman W,1232608,Kovackova J / Zajickova K,1232597
2026-06-06,"S-Hertogenbosch, Netherlands, Qualifying",166485,ATP,Hierba,Qualification Round 1,13:50,Benjamin Bonzi,94485,Marc Polmans,80665
2026-06-06,"S-Hertogenbosch, Netherlands, Qualifying",187450,WTA,Hierba,Qualification Round 1,14:00,Britt Du Pree,1090429,Joanna Garland,230384
2026-06-06,"French Open, Boys, Doubles",186390,Juniors,Red clay,Final,14:00,Mackenzie J / Reisach V J,1232574,Domenc M / Jade D,503984
2026-06-06,Amichevoli,184684,Italy,Desconocida,,14:00,Giorgio Cristofori,1103480,Bianca Tombacco,1218054
2026-06-06,ITF M15 Rosbach Men Doubles,186386,ITF Men,Arcilla,Final,14:13,Opitz J / Wessels L,1234528,AL Azmeh T / Wehnelt K,528204
2026-06-06,"Bad Rappenau, Germany, Doubles",186313,Challenger,Red clay,Semifinals,14:15,Ruehl T / Veldheer M,1179055,Dodig M / Mikrut L,486580
2026-06-06,ITF M15 Kursumlijska Banja 3 Men,151557,ITF Men,Arcilla,Semifinals,14:33,Lorenzo Gagliardo,255413,Anton Arzhankin,1108227
2026-06-06,"Stuttgart, Germany, Qualifying",187431,ATP,Hierba,Qualification Round 1,14:35,Roman Safiullin,124930,Petr Bar Biryukov,373829
2026-06-06,"UTR PTT Philadelphia Women 01, 9-12 Playoff",187350,UTR Women,Hardcourt outdoor,Match for 3rd place,14:45,Mia Palladino,1234566,Madelynn Ludwig,931274
2026-06-06,"UTR PTT Philadelphia Women 01, 13-16 Playoff",187351,UTR Women,Hardcourt outdoor,Final,14:50,Elizabeth Fauchet,1134413,Anna Lorie Lemongo Toumbou,1234795
2026-06-06,"Makarska, Croatia",186355,WTA 125,Red clay,Semifinals,15:05,Elina Avanesyan,262594,Darja Semenistaja,314519
2026-06-06,"Makarska, Croatia",186355,WTA 125,Red clay,Semifinals,15:05,Sara Sorribes Tormo,60392,Maria Timofeeva,293867
2026-06-06,ITF W75 Caserta Women,153856,ITF Women,Arcilla,Semifinals,15:05,Nastasja Schunk,308404,Alessandra Mazzola,246108
2026-06-06,ITF W15 Casablanca Women Doubles,157026,ITF Women,Arcilla,Final,15:06,El Aouni A / El Jardi D,1093117,Iliev S / Léné E,490057
2026-06-06,"ITF W100 Sumter, SC Women Doubles",186389,ITF Women,Hardcourt outdoor,Final,15:09,Rogers A / Zamarripa A,1222794,Harrison C / Osborne A,1234027
2026-06-06,ITF M25 Caltanissetta Men ,186382,ITF Men,Arcilla,Semifinals,15:10,Massimo Giunta,142884,Alexandre Reco,212808
2026-06-06,"UTR PTT Philadelphia Women 01, 13-16 Playoff",187351,UTR Women,Hardcourt outdoor,Match for 3rd place,15:10,Eva Frissora,421130,Aubrey Nisbet,318713
2026-06-06,ITF W15 Banja Luka Women Doubles,153875,ITF Women,Arcilla,Final,15:18,Ivanovic I / Trnkovski K,1233468,Haavisto E / Remander S,475409
2026-06-06,"UTR PTT Philadelphia Men 02, 13-16 Playoff",187337,UTR Men,Hardcourt outdoor,Final,15:20,Jacob Hewitt,1234565,Lun Obrul,386239
2026-06-06,ITF M25 Caltanissetta Men Doubles,186381,ITF Men,Arcilla,Final,15:37,Coccioli A / Lorusso L,455404,Fancutt T / Rai A,384740
2026-06-06,"Foggia, Italy",186320,WTA 125,Red clay,Semifinals,15:40,Tyra Caterina Grant,460330,Darya Astakhova,287756
2026-06-06,"UTR PTT Philadelphia Men 02, 5-8 Playoff",187341,UTR Men,Hardcourt outdoor,Match for 3rd place,15:45,Mitchell Sheldon,550121,David Krasner,448195
2026-06-06,"Perugia, Italy",186308,Challenger,Red clay,Semifinals,16:00,Timofey Skatov,229275,Henrique Rocha,341820
2026-06-06,"UTR PTT Philadelphia Men 02, 9-12 Playoff",187340,UTR Men,Hardcourt outdoor,Final,16:10,Colson Wells,418101,Alberto Altur Fernandez,422783
2026-06-06,"UTR PTT Philadelphia Men 02, 13-16 Playoff",187337,UTR Men,Hardcourt outdoor,Match for 3rd place,16:10,Santiago Valle,511706,Jack Casciato,1125002
2026-06-06,"Tyler, USA",186725,Challenger,Hardcourt outdoor,Semifinals,17:05,Adam Walton,207575,Liam Draxl,223513
2026-06-06,"ITF W15 Lakewood, CA 2 Women",186402,ITF Women,Hardcourt outdoor,Semifinals,17:05,Dasha Plekhanova,341204,Mayu Crossley,450750
2026-06-06,"ITF W15 Lakewood, CA 2 Women",186402,ITF Women,Hardcourt outdoor,Semifinals,17:06,Tatum Evans,391876,Kristina Penickova,489712
2026-06-06,"ITF W100 Sumter, SC Women",186388,ITF Women,Hardcourt outdoor,Semifinals,17:06,Whitney Osuigwe,223130,Kristina Liutova,927960
2026-06-06,ITF W50 Montemor-o-Novo Women Doubles,153887,ITF Women,Dura,Final,17:06,Adeshina E / John-Baptiste L,1220316,Kuzmova K / Micic E,1233333
2026-06-06,ITF W75 Caserta Women,153856,ITF Women,Arcilla,Semifinals,17:07,Federica Urgesi,362614,Deborah Chiesa,55793
2026-06-06,"ITF M15 Lakewood, CA 2 Men",186383,ITF Men,Hardcourt outdoor,Semifinals,17:08,Oliver Bonding,478944,Dmitry Popko,50901
2026-06-06,"ITF M15 Lakewood, CA 2 Men",186383,ITF Men,Hardcourt outdoor,Semifinals,17:10,Iiro Vasa,326985,Oliver Ojakäär,398073
2026-06-06,ITF W15 Brasilia Women,186406,ITF Women,Hardcourt outdoor,Semifinals,17:10,Marjorie Souza,424829,Noelia Zeballos Melgar,60028
2026-06-06,ITF W15 Brasilia Women,186406,ITF Women,Hardcourt outdoor,Semifinals,17:13,Camila Romero,171354,Luiza Fullana,250522
2026-06-06,"Tyler, USA",186725,Challenger,Hardcourt outdoor,Semifinals,17:15,Karl Poling,199453,Andre Ilagan,244985
2026-06-06,ITF M25 Caltanissetta Men ,186382,ITF Men,Arcilla,Semifinals,17:15,Luca Potenza,226810,Gabriele Piraino,381399
2026-06-06,"Foggia, Italy",186320,WTA 125,Red clay,Semifinals,17:25,Lucia Bronzetti,110055,Leyre Romero Gormaz,236833
2026-06-06,"Makarska, Croatia, Doubles",186356,WTA 125,Red clay,Final,17:35,Martins I / Ovcharenko E,1217146,Haverlag I / Waltert S,932724
2026-06-06,"Tyler, USA, Doubles",186733,Challenger,Hardcourt outdoor,Quarterfinals,18:20,Fuchs Z / Thayne W,498641,Harper P / Milavsky D,1229920
2026-06-06,"Perugia, Italy",186308,Challenger,Red clay,Semifinals,18:30,Daniel Merida,338890,Andrea Pellegrino,93597
2026-06-06,ITF M25 Cuiaba Men Doubles,162991,ITF Men,Arcilla,Final,18:52,Kohlmann E / Pagotto V,1233618,Rodrigues P / Almeida G,469597
2026-06-06,ITF M25 Cuiaba Men Doubles,162991,ITF Men,Arcilla,Final,18:52,Victor Hugo Remondy Pagotto,508354,Rodrigues P / Almeida G,469597
2026-06-06,"ITF W100 Sumter, SC Women",186388,ITF Women,Hardcourt outdoor,Semifinals,18:54,Reese Brantmeier,316464,Cadence Brace,368344
2026-06-06,"ITF W15 Lakewood, CA 2 Women Doubles",186403,ITF Women,Hardcourt outdoor,Final,18:54,Hrastar A / Mulville V,1195910,Evans K / Taylor L,1233613
2026-06-06,"Tyler, USA, Doubles",186733,Challenger,Hardcourt outdoor,Quarterfinals,19:10,Basel V / Oliveira B,1229924,Pearson K / Puttergill C,1232985
2026-06-06,"ITF M15 Lakewood, CA 2 Men Doubles",186384,ITF Men,Hardcourt outdoor,Final,19:15,Arseneault M / Gurenko V,1234020,Falck R / Shearer M,1108333
2026-06-06,ITF W15 Brasilia Women Doubles,186407,ITF Women,Hardcourt outdoor,Final,19:43,Romero C / Zeballos Melgar N,457524,Herazo M / Mattioli F,1233607
2026-06-06,"Tyler, USA, Doubles",186733,Challenger,Hardcourt outdoor,Quarterfinals,20:35,Martinez L D / Masur D,1127320,Sun F / Watanabe S,455167
2026-06-06,ITF M25 Cuiaba Men,162990,ITF Men,Arcilla,Semifinals,20:45,Nicolas Oliveira,454680,Carlos Maria Zarate,511702
2026-06-06,"UTR PTT Newport Beach Men 13, 1-4 Playoff",187497,UTR Men,Hardcourt outdoor,Semifinals,21:00,Matic Kriznik,420969,Connor Church,527991
2026-06-06,"UTR PTT Newport Beach Men 13, 1-4 Playoff",187497,UTR Men,Hardcourt outdoor,Semifinals,21:00,Vasco Leote Prata,376431,Niels Hoffmann,528093
2026-06-06,"UTR PTT Newport Beach Men 13, 5-8 Playoff",187500,UTR Men,Hardcourt outdoor,Semifinals,21:00,Benjamin Sparks,507045,David Duong,418895
2026-06-06,"UTR PTT Newport Beach Women 13, 1-4 Playoff",187491,UTR Women,Hardcourt outdoor,Semifinals,21:00,Alina Shcherbinina,295045,Shona Nakano,340550
2026-06-06,"UTR PTT Newport Beach Women 13, 1-4 Playoff",187491,UTR Women,Hardcourt outdoor,Semifinals,21:00,Anastasia Grechkina,391744,Veronica Miroshnichenko,130628
2026-06-06,"UTR PTT Newport Beach Women 13, 5-8 Playoff",187492,UTR Women,Hardcourt outdoor,Semifinals,21:00,Shakhnoza Khatamova,148242,Skylar Kasday,1138495
2026-06-06,"UTR PTT Newport Beach Men 13, 13-16 Playoff",187502,UTR Men,Hardcourt outdoor,Semifinals,22:30,Sklar Phillips,1097735,Emmett Potter,496774
2026-06-06,"UTR PTT Newport Beach Women 13, 13-16 Playoff",187494,UTR Women,Hardcourt outdoor,Semifinals,22:30,Jane Dunyon,505360,Anastasia Malysheva,933880
2026-06-06,"Tyler, USA, Doubles",186733,Challenger,Hardcourt outdoor,Semifinals,22:45,Pearson K / Puttergill C,1232985,Fuchs Z / Thayne W,498641
2026-06-06,"UTR PTT Newport Beach Women 13, 5-8 Playoff",187492,UTR Women,Hardcourt outdoor,Semifinals,22:45,Letizia Corsini,299716,Scarlett Nicholson,396117
2026-06-06,"UTR PTT Gold Coast Men 04, 1-4 Playoff",187356,UTR Men,Hardcourt outdoor,Final,23:00,Noah Brownrigg,859196,Jeremy Beale,138850
2026-06-06,"UTR PTT Gold Coast Men 04, 5-8 Playoff",187357,UTR Men,Hardcourt outdoor,Final,23:00,Omar Jasika,79467,Valentino de Pellegrin,264367
2026-06-06,"UTR PTT Gold Coast Men 04, 9-12 Playoff",187361,UTR Men,Hardcourt outdoor,Final,23:00,Oliver King,859195,Nikolas Baker,1055343
2026-06-06,"UTR PTT Newport Beach Men 13, 5-8 Playoff",187500,UTR Men,Hardcourt outdoor,Semifinals,23:00,Tyler Lee,523909,Patricio Alvarado,16311
2026-06-06,"UTR PTT Gold Coast Women 04, 13-16 Playoff",181488,UTR Women,Hardcourt outdoor,Final,23:00,Emma Tran,1168686,Sara Mickoska,464824
2026-06-06,"UTR PTT Gold Coast Women 04, 1-4 Playoff",187363,UTR Women,Hardcourt outdoor,Final,23:00,Kaylah McPhee,119496,Caitlin Baker,415197
2026-06-06,"UTR PTT Gold Coast Women 04, 17-20 Playoff",187365,UTR Women,Hardcourt outdoor,Final,23:00,Grace Cadwallader,1089801,Isabelle Criddle,491816
2026-06-06,"UTR PTT Newport Beach Women 13, 9-12 Playoff",187493,UTR Women,Hardcourt outdoor,Semifinals,23:00,Gabriella Vannessa Lindgren,449838,Gala Arangio,323271
2026-06-06,"UTR PTT Newport Beach Women 13, 9-12 Playoff",187493,UTR Women,Hardcourt outdoor,Semifinals,23:00,Kingsley Wolf,1129196,Aya Manning,1173501
2026-06-06,"UTR PTT Newport Beach Women 13, 17-20 Playoff",187496,UTR Women,Hardcourt outdoor,Semifinals,23:00,Tricia Mar,256866,Alexandra Wolf,523904
2026-06-06,"UTR PTT Newport Beach Men 13, 9-12 Playoff",187498,UTR Men,Hardcourt outdoor,Semifinals,23:05,Lathan Skrobarcek,1074779,Max Fardanesh,482677
2026-06-06,ITF M25 Cuiaba Men,162990,ITF Men,Arcilla,Semifinals,23:11,Nick Hardt,186885,Gonzalo Villanueva,85877
2026-06-06,"Tyler, USA, Doubles",186733,Challenger,Hardcourt outdoor,Semifinals,23:30,Bollipalli R C / Ramanathan R,1229926,Sun F / Watanabe S,455167
2026-06-07,"UTR PTT Newport Beach Men 13, 9-12 Playoff",187498,UTR Men,Hardcourt outdoor,Semifinals,00:00,Robert Yang,1162167,Antreas Djakouris,252748
2026-06-07,ITF M15 Harmon Men,154204,ITF Men,Hardcourt outdoor,Final,00:10,Jake Delaney,79223,Youssef Kadiri Hassani,420997
2026-06-07,"UTR PTT Newport Beach Men 13, 17-20 Playoff",187503,UTR Men,Hardcourt outdoor,Semifinals,00:10,Rui Ning Huang,483218,Redd Owen,1089929
2026-06-07,Modus Super Series 2026,175026,UTR Women,Hardcourt outdoor,Final,00:10,Ruby Ward,1084336,Whitney Moon,484775
2026-06-07,"UTR PTT Newport Beach Women 13, 17-20 Playoff",187496,UTR Women,Hardcourt outdoor,Semifinals,00:10,Amina Salibayeva,375609,Sophia Dumitrascu,1120114
2026-06-07,"UTR PTT Newport Beach Women 13, 13-16 Playoff",187494,UTR Women,Hardcourt outdoor,Semifinals,00:45,Emily Golovanov,1046934,Simone Kay,530958
2026-06-07,ITF M15 Maanshan 5 Men,156869,ITF Men,Dura,Qualifications,01:00,Hugh Winter,407831,Alexey Aleshchev,111571
2026-06-07,ITF M15 Maanshan 5 Men,156869,ITF Men,Dura,Qualifications,01:00,Patrick Edward Toman,403860,Xinqi Yu,1178661
2026-06-07,ITF M15 Maanshan 5 Men,156869,ITF Men,Dura,Qualifications,01:00,Vishal Prakash,1094427,Hangyu Ai,485633
2026-06-07,ITF M15 Maanshan 5 Men,156869,ITF Men,Dura,Qualifications,01:00,Xin Zhou,1174723,Jun Ji He,1080119
2026-06-07,ITF M15 Maanshan 5 Men,156869,ITF Men,Dura,Qualifications,01:00,Yaoyu Yang,1176104,Zhe Jiang,1221910
2026-06-07,ITF M15 Tokyo Men,156513,ITF Men,Hardcourt outdoor,Qualifications,01:00,Kosuke Ogura,288283,Shun Egashira,1235314
2026-06-07,ITF M15 Tokyo Men,156513,ITF Men,Hardcourt outdoor,Qualifications,01:00,Noritaka Koizumi,491950,Lev Seidman,470483
2026-06-07,ITF M15 Tokyo Men,156513,ITF Men,Hardcourt outdoor,Qualifications,01:00,Riku Takahata,223430,Toshiki Karigyo,1046240
2026-06-07,ITF M15 Tokyo Men,156513,ITF Men,Hardcourt outdoor,Qualifications,01:00,Woong Chan Lee,1139772,Ryota Tanuma,134638
2026-06-07,ITF W15 Tokyo Women,187310,ITF Women,Hardcourt outdoor,Qualifications,01:00,Lucia Gale,477301,Cherry Kim,203938
2026-06-07,ITF W15 Tokyo Women,187310,ITF Women,Hardcourt outdoor,Qualifications,01:00,Natsuho Arakawa,151384,Moeka Miyata,466991
2026-06-07,ITF W15 Tokyo Women,187310,ITF Women,Hardcourt outdoor,Qualifications,01:00,Shiho Tsujioka,462063,Himari Sato,230629
2026-06-07,ITF W15 Tokyo Women,187310,ITF Women,Hardcourt outdoor,Qualifications,01:00,Yukina Saigo,99775,Remika Ohashi,456716
2026-06-07,"UTR PTT Newport Beach Men 13, 17-20 Playoff",187503,UTR Men,Hardcourt outdoor,Semifinals,01:10,Hardy Owen,1089930,Rohan Sachdev,522418
2026-06-07,"UTR PTT Newport Beach Men 13, 9-12 Playoff",187498,UTR Men,Hardcourt outdoor,Semifinals,01:30,Lathan Skrobarcek,1074779,Sklar Phillips,1097735
2026-06-07,"UTR PTT Newport Beach Men 13, 9-12 Playoff",187498,UTR Men,Hardcourt outdoor,Semifinals,01:30,Max Fardanesh,482677,Robert Yang,1162167
2026-06-07,"UTR PTT Newport Beach Men 13, 13-16 Playoff",187502,UTR Men,Hardcourt outdoor,Semifinals,01:30,Emmett Potter,496774,Antreas Djakouris,252748
2026-06-07,ITF W100 Wuning Women,187072,ITF Women,Hardcourt outdoor,Qualifications,01:36,Boyoung Jeong,264414,Jiangxue Han,256824
2026-06-07,ITF W100 Wuning Women,187072,ITF Women,Hardcourt outdoor,Qualifications,01:39,Jiaqi Wang,246135,Anna Yang,481849
2026-06-07,ITF W100 Wuning Women,187072,ITF Women,Hardcourt outdoor,Qualifications,01:40,Meng Yi Chen,310575,Ya-Yi Yang,303934
2026-06-07,ITF W100 Wuning Women,187072,ITF Women,Hardcourt outdoor,Qualifications,01:41,Yanan Hou,457911,Daria Zelinskaya,382898
2026-06-07,"UTR PTT Gold Coast Women 04, 5-8 Playoff",187364,UTR Women,Hardcourt outdoor,Final,01:50,Lexie Weir,246671,Lily Fannin,1230341
2026-06-07,"UTR PTT Gold Coast Men 04, 17-20 Playoff",187362,UTR Men,Hardcourt outdoor,Final,02:00,Corban Crowther,337897,Asher Brownrigg,1118700
2026-06-07,"UTR PTT Gold Coast Men 04, 13-16 Playoff",187360,UTR Men,Hardcourt outdoor,Final,02:05,Marcus Schoeman,394128,Jonas Hahn,464324
2026-06-07,ITF M15 Luan 3 Men,150523,ITF Men,Dura,Final,02:06,Matthew Dellavedova,192246,Hanyi Liu,214247
2026-06-07,ITF M15 Maanshan 5 Men,156869,ITF Men,Dura,Qualifications,03:00,Jinpeng Tang,373244,Shengyu Wang,1207726
2026-06-07,ITF M15 Maanshan 5 Men,156869,ITF Men,Dura,Qualifications,03:00,Lin Hao-Yu,1120747,Zhan Hang Ye,1232538
2026-06-07,ITF M15 Maanshan 5 Men,156869,ITF Men,Dura,Qualifications,03:00,Natthayut Nithithananont,262858,Artem Alekseychuk,456402
2026-06-07,ITF M15 Maanshan 5 Men,156869,ITF Men,Dura,Qualifications,03:00,Ryder Jackson,268258,Fanming Meng,479754
2026-06-07,ITF M15 Maanshan 5 Men,156869,ITF Men,Dura,Qualifications,03:00,Yue Xia,1095313,Yile Li,417249
2026-06-07,ITF M15 Tokyo Men,156513,ITF Men,Hardcourt outdoor,Qualifications,03:00,Azuma Visaya,386199,Makoto Ochi,182967
2026-06-07,ITF M15 Tokyo Men,156513,ITF Men,Hardcourt outdoor,Qualifications,03:00,Daisuke Sumizawa,217462,Shion Itsusaki,935448
2026-06-07,ITF M15 Tokyo Men,156513,ITF Men,Hardcourt outdoor,Qualifications,03:00,Gaku Matsumoto,1235311,Taketo Takamisawa,248446
2026-06-07,ITF M15 Tokyo Men,156513,ITF Men,Hardcourt outdoor,Qualifications,03:00,Jangjun Kim,445424,Ryusuke Horiuchi,248227
2026-06-07,ITF M15 Tokyo Men,156513,ITF Men,Hardcourt outdoor,Qualifications,03:00,Jumpei Yamasaki,105973,Natsuki Yamamoto,468460
2026-06-07,ITF M15 Tokyo Men,156513,ITF Men,Hardcourt outdoor,Qualifications,03:00,Sergey Petrov,1158124,Asahi Harazaki,406646
2026-06-07,ITF M15 Tokyo Men,156513,ITF Men,Hardcourt outdoor,Qualifications,03:00,Yu Tanaka,467944,Saki Tange,491955
2026-06-07,ITF M15 Tokyo Men,156513,ITF Men,Hardcourt outdoor,Qualifications,03:00,Yuta Tomida,415589,Yua Taka,467031
2026-06-07,ITF W15 Tokyo Women,187310,ITF Women,Hardcourt outdoor,Qualifications,03:00,Kanna Soeda,484892,Riko Kikawada,462156
2026-06-07,ITF W15 Tokyo Women,187310,ITF Women,Hardcourt outdoor,Qualifications,03:00,Mana Kawamura,230648,Yuka Hosoki,197536
2026-06-07,ITF W15 Tokyo Women,187310,ITF Women,Hardcourt outdoor,Qualifications,03:00,Mao Mushika,384609,Honori Koyama,450620
2026-06-07,ITF W15 Tokyo Women,187310,ITF Women,Hardcourt outdoor,Qualifications,03:00,Tomoka Umeda,1225157,Nao Nishino,493716
2026-06-07,ITF W15 Tokyo Women,187310,ITF Women,Hardcourt outdoor,Qualifications,03:00,Yingqun Sun,477600,Rio Wakayama,413668
2026-06-07,ITF W15 Tokyo Women,187310,ITF Women,Hardcourt outdoor,Qualifications,03:00,Yui Ohwaki,508394,Anri Nagata,197534
2026-06-07,ITF W15 Tokyo Women,187310,ITF Women,Hardcourt outdoor,Qualifications,03:00,Yujin Kim,486072,Yui Chikaraishi,197532
2026-06-07,ITF W15 Tokyo Women,187310,ITF Women,Hardcourt outdoor,Qualifications,03:00,Yuzuha Negishi,506371,Mutsumi Uemura,452518
2026-06-07,ITF W100 Wuning Women,187072,ITF Women,Hardcourt outdoor,Qualifications,03:19,Zongyu Li,395218,Ankita Raina,46625
2026-06-07,ITF W100 Wuning Women,187072,ITF Women,Hardcourt outdoor,Qualifications,03:32,Aunchisa Chanta,258783,Yuqi Liu,1084870
2026-06-07,ITF W100 Wuning Women,187072,ITF Women,Hardcourt outdoor,Qualifications,03:45,Shiyu Ye,478921,Ekaterina Yashina,41359
2026-06-07,ITF M15 Tokyo Men,156513,ITF Men,Hardcourt outdoor,Qualifications,04:30,Hayden Jones,387400,Riki Utsuyama,1235313
2026-06-07,ITF M15 Tokyo Men,156513,ITF Men,Hardcourt outdoor,Qualifications,04:30,Jesse Delaney,196903,Elijah Cham,403370
2026-06-07,ITF M15 Tokyo Men,156513,ITF Men,Hardcourt outdoor,Qualifications,04:30,Reiya Komagata,455088,Kazuki Nishiwaki,155696
2026-06-07,ITF M15 Tokyo Men,156513,ITF Men,Hardcourt outdoor,Qualifications,04:30,Shu Matsuoka,406828,Toshihide Matsui,15275
2026-06-07,ITF W15 Tokyo Women,187310,ITF Women,Hardcourt outdoor,Qualifications,04:30,Chiara Di Tommaso,310080,Kurea Hayasaka,469001
2026-06-07,ITF W15 Tokyo Women,187310,ITF Women,Hardcourt outdoor,Qualifications,04:30,Im Hee Rae,327990,Jiho Shin,256083
2026-06-07,ITF W15 Tokyo Women,187310,ITF Women,Hardcourt outdoor,Qualifications,04:30,Natsuki Irokawa,1052486,Aishi Das,459457
2026-06-07,ITF W15 Tokyo Women,187310,ITF Women,Hardcourt outdoor,Qualifications,04:30,Shihomi Li Xuan Leong,463821,Tori Kinard,44978
2026-06-07,ITF W100 Wuning Women,187072,ITF Women,Hardcourt outdoor,Qualifications,04:30,Evialina Laskevich,318710,Erika Sema,37638
2026-06-07,ITF W100 Wuning Women,187072,ITF Women,Hardcourt outdoor,Qualifications,04:30,Hong Yi Cody Wong,234309,Chengyiyi Yuan,194579
2026-06-07,ITF W100 Wuning Women,187072,ITF Women,Hardcourt outdoor,Qualifications,04:30,Patcharin Cheapchandej,73448,Ke Ren,447370
2026-06-07,ITF M15 Maanshan 5 Men,156869,ITF Men,Dura,Qualifications,05:00,Darrshan Suresh Kumar,485400,Xiuyuan Ye,526178
2026-06-07,ITF M15 Maanshan 5 Men,156869,ITF Men,Dura,Qualifications,05:00,Hanlei Lu,1235312,Ziwen Ju,464399
2026-06-07,ITF M15 Maanshan 5 Men,156869,ITF Men,Dura,Qualifications,05:00,James van Herzeele,418750,Tianlin Xie,926740
2026-06-07,ITF M15 Maanshan 5 Men,156869,ITF Men,Dura,Qualifications,05:00,Seongwoo Cho,1168191,Adam Farag-Cao,457224
2026-06-07,ITF M15 Maanshan 5 Men,156869,ITF Men,Dura,Qualifications,05:00,Yingjie Cheng,1229860,Yuquan Jin,294323
2026-06-07,ITF W50 Wuning Women,186404,ITF Women,Hardcourt outdoor,Final,06:00,Xinxin Yao,398054,Yufei Ren,455715
2026-06-07,ITF M15 Tsaghkadzor 2 Men,153811,ITF Men,Arcilla,Final,06:30,Ruslan Tiukaev,401470,Lorenzo Bocchi,208628
2026-06-07,ITF W15 Focsani Women,153923,ITF Women,Arcilla,Final,06:30,Sophie Greiner,338900,Daria Yesypchuk,414969
2026-06-07,ITF W100 Wuning Women,187072,ITF Women,Hardcourt outdoor,Qualifications,06:30,Ekaterina Maklakova,313796,Xiaowei Li,478923
2026-06-07,ITF W100 Wuning Women,187072,ITF Women,Hardcourt outdoor,Qualifications,06:30,Huang Yujia,1093550,Michika Ozeki,72634
2026-06-07,ITF W100 Wuning Women,187072,ITF Women,Hardcourt outdoor,Qualifications,06:30,Wushuang Zheng,148276,Jialan Cai,487173
2026-06-07,ITF M15 Kayseri 3 Men ,154322,ITF Men,Hardcourt outdoor,Final,07:00,Dimitris Azoidis,237562,Mert Naci Turker,100317
2026-06-07,ITF M15 Nyiregyhaza Men,154319,ITF Men,Arcilla,Qualifications,07:00,Alexander Wagner,329311,Samuel Kyjaci,458389
2026-06-07,ITF M15 Nyiregyhaza Men,154319,ITF Men,Arcilla,Qualifications,07:00,Aron Paul Samson,330449,Vyacheslav Ovchinnikov,345758
2026-06-07,ITF M15 Nyiregyhaza Men,154319,ITF Men,Arcilla,Qualifications,07:00,Filip Kosinski,482091,Marcin Zarski,418430
2026-06-07,ITF M15 Nyiregyhaza Men,154319,ITF Men,Arcilla,Qualifications,07:00,Iker Ibarrondo Suarez,1095469,Botond Kisantal,394386
2026-06-07,ITF M15 Nyiregyhaza Men,154319,ITF Men,Arcilla,Qualifications,07:00,Kristof Kincses,1232782,Samuel Stolarik,386226
2026-06-07,ITF M15 Nyiregyhaza Men,154319,ITF Men,Arcilla,Qualifications,07:00,Richard Antoni,470404,Miklos Szebeni,1092170
2026-06-07,ITF M15 Curtea de Arges Men,159812,ITF Men,Arcilla,Qualifications,07:00,Gabriel Miller,937001,Norbert Cernat,1227629
2026-06-07,ITF M15 Curtea de Arges Men,159812,ITF Men,Arcilla,Qualifications,07:00,Mihai Leonard Mironescu,929009,Guillem Campos Perez,510402
2026-06-07,ITF M15 Curtea de Arges Men,159812,ITF Men,Arcilla,Qualifications,07:00,Nicolas Goldberg Alviani,384009,Robert Damian Savin,286489
2026-06-07,ITF M15 Curtea de Arges Men,159812,ITF Men,Arcilla,Qualifications,07:00,Paul Popoaca,1227649,Dominic Ducariu,477284
2026-06-07,ITF M15 Kayseri 4 Men,154952,ITF Men,Hardcourt outdoor,Qualifications,07:00,Alex-Dominic Moldovan,1174603,S Mert Ozdemir,200826
2026-06-07,ITF M15 Kayseri 4 Men,154952,ITF Men,Hardcourt outdoor,Qualifications,07:00,Daniel Phillips,481408,Lakshilt Sood,60944
2026-06-07,ITF M15 Kayseri 4 Men,154952,ITF Men,Hardcourt outdoor,Qualifications,07:00,G. Da Silva Albiero,935278,Bogdan Seleznev,375077
2026-06-07,ITF M15 Kayseri 4 Men,154952,ITF Men,Hardcourt outdoor,Qualifications,07:00,Guillem Busquets Brau,393599,Piotr Pawlak,336138
2026-06-07,ITF M15 Kayseri 4 Men,154952,ITF Men,Hardcourt outdoor,Qualifications,07:00,Kerem Tufekci,1155628,Darwin Andres Macias Elizalde,1149914
2026-06-07,ITF M15 Kayseri 4 Men,154952,ITF Men,Hardcourt outdoor,Qualifications,07:00,Zubin Omar,380575,Amirhosein Kepadkho,402438
2026-06-07,ITF M15 Maanshan 5 Men,156869,ITF Men,Dura,Qualifications,07:00,Dakun Tong,1235316,Liang Liang,1093383
2026-06-07,ITF M15 Maanshan 5 Men,156869,ITF Men,Dura,Qualifications,07:00,Hua-Yu Wei,1212228,Weiwen Pan,524722
2026-06-07,ITF M15 Maanshan 5 Men,156869,ITF Men,Dura,Qualifications,07:00,Sile Hu,524716,Ye Chen,507588
2026-06-07,ITF M15 Maanshan 5 Men,156869,ITF Men,Dura,Qualifications,07:00,Siwanat Auytayakul,478093,Jae-sung Choe,447301
2026-06-07,ITF M15 Maanshan 5 Men,156869,ITF Men,Dura,Qualifications,07:00,Xinyuan Xie,483219,Yanhong Li,926742
2026-06-07,ITF W15 Kayseri 3 Women,154370,ITF Women,Hardcourt outdoor,Final,07:00,Deniz Dilek,496032,Ann Akasha Ceuca,420635
2026-06-07,ITF W15 Madrid 2 Women,163018,ITF Women,Hardcourt outdoor,Qualifications,07:00,Alexia Lavinia Puiac,447329,Audrey Dabomve,284089
2026-06-07,ITF W15 Madrid 2 Women,163018,ITF Women,Hardcourt outdoor,Qualifications,07:00,Lucia Llinares Domingo,291911,C. Gutierrez Imaz,522260
2026-06-07,ITF W15 Madrid 2 Women,163018,ITF Women,Hardcourt outdoor,Qualifications,07:00,Rocio Patier,530836,Sofia Kova,1143584
2026-06-07,ITF W15 Madrid 2 Women,163018,ITF Women,Hardcourt outdoor,Qualifications,07:00,Sarah Suljadžić,424722,Ksenija Rage,478070
2026-06-07,ITF W15 Madrid 2 Women,163018,ITF Women,Hardcourt outdoor,Qualifications,07:00,Silvia Caliman,1150319,Liliana Tucky Drukerova,530892
2026-06-07,ITF W15 Madrid 2 Women,163018,ITF Women,Hardcourt outdoor,Qualifications,07:00,Valentina Vargas,85067,Carlota Corte,458343
2026-06-07,ITF W50 Hurghada Women,187080,ITF Women,Hierba,Qualifications,07:00,Adaugo Ukaegbu,395259,Madison Rose,395309
2026-06-07,ITF W50 Hurghada Women,187080,ITF Women,Hierba,Qualifications,07:00,Anne Marthe Keuya,496744,Agata Prepslova,449029
2026-06-07,ITF W50 Hurghada Women,187080,ITF Women,Hierba,Qualifications,07:00,Ilze Reva,1219355,Ashleigh Harvey,928974
2026-06-07,ITF W50 Hurghada Women,187080,ITF Women,Hierba,Qualifications,07:00,Leslie Rose,190520,Helena Mužinić,469576
2026-06-07,"Lyon, France, Qualifying",187562,Challenger,Red clay,Qualification Round 1,08:00,Geoffrey Blancaneaux,141882,Luca Staeheli,245546
2026-06-07,"Lyon, France, Qualifying",187562,Challenger,Red clay,Qualification Round 1,08:00,Lucas Poullain,135778,Loann Massard,405559
2026-06-07,"Lyon, France, Qualifying",187562,Challenger,Red clay,Qualification Round 1,08:00,Mariano Kestelboim,99377,Iliyan Radulov,421138
2026-06-07,"Modena, Italy, Qualifying",187565,WTA 125,Desconocida,Qualification Round 1,08:00,Jazmin Ortenzi,254281,Viola Turini,373682
2026-06-07,ITF M15 Nyiregyhaza Men,154319,ITF Men,Arcilla,Qualifications,08:00,Andy Allen,487191,Parv Patel,1207721
2026-06-07,ITF M15 Nyiregyhaza Men,154319,ITF Men,Arcilla,Qualifications,08:00,Baltazar Wiger Nordas,1097454,Martin Delnido,379449
2026-06-07,ITF M15 Nyiregyhaza Men,154319,ITF Men,Arcilla,Qualifications,08:00,Manuel Lazic,387311,Simon Diossy,1212237
2026-06-07,ITF M15 Nyiregyhaza Men,154319,ITF Men,Arcilla,Qualifications,08:00,Marton Liszka,478967,Balazs Tobias,1232763
2026-06-07,ITF M15 Nyiregyhaza Men,154319,ITF Men,Arcilla,Qualifications,08:00,Martyn Pawelski,351300,Alexandr Tiutchenko,1235359
2026-06-07,ITF M15 Nyiregyhaza Men,154319,ITF Men,Arcilla,Qualifications,08:00,Ostap Talama,1235375,Axel Huysmans,479821
2026-06-07,ITF M15 Nyiregyhaza Men,154319,ITF Men,Arcilla,Qualifications,08:00,Samuel Melaga,1235378,Amaan Siddiqui,379434
2026-06-07,ITF M15 Kursumlijska Banja 3 Men,151557,ITF Men,Arcilla,Final,08:00,Sean Cuenin,289972,Anton Arzhankin,1108227
2026-06-07,ITF M15 Ljubljana Men,153892,ITF Men,Arcilla,Final,08:00,Dylan Dietrich,377488,Jan Kupčič,332110
2026-06-07,ITF M25 Bistrita Men,186375,ITF Men,Arcilla,Final,08:00,Radu Mihai Papoe,286484,Stefan Horia Haita,486375
2026-06-07,ITF M25 Ceska Lipa Men,154195,ITF Men,Arcilla,Qualifications,08:00,Dean Thurner,251821,Enrique Bogo,68478
2026-06-07,ITF M25 Ceska Lipa Men,154195,ITF Men,Arcilla,Qualifications,08:00,Jiri Cizek,415590,Sebastian Heinrich,1130287
2026-06-07,ITF M25 Ceska Lipa Men,154195,ITF Men,Arcilla,Qualifications,08:00,Krystof Kominek,1235371,Niels Lootsma,102817
2026-06-07,ITF M25 Ceska Lipa Men,154195,ITF Men,Arcilla,Qualifications,08:00,Mariano Dedura-Palomero,460789,Max Frohlich,1235373
2026-06-07,ITF M25 Kiseljak Men,154187,ITF Men,Arcilla,Qualifications,08:00,Edin Islamagic,1235366,Jonas Philipp Poswiat,342843
2026-06-07,ITF M25 Kiseljak Men,154187,ITF Men,Arcilla,Qualifications,08:00,Lucas Gustin,468505,Kan Musabegovic,1235370
2026-06-07,ITF M25 Kiseljak Men,154187,ITF Men,Arcilla,Qualifications,08:00,Pavel Kelo,406186,Leon Formella,1174975
2026-06-07,ITF W75 Ceska Lipa Women ,154333,ITF Women,Arcilla,Qualifications,08:00,Amy Sucha,497679,Anna Dvoračkova,525006
2026-06-07,ITF W75 Ceska Lipa Women ,154333,ITF Women,Arcilla,Qualifications,08:00,Anna Jelinkova,515227,Anna Kmiecik,530860
2026-06-07,ITF W75 Ceska Lipa Women ,154333,ITF Women,Arcilla,Qualifications,08:00,Carolin Raschdorf,372051,Ingrid Vojčináková,105543
2026-06-07,ITF W75 Ceska Lipa Women ,154333,ITF Women,Arcilla,Qualifications,08:00,Kamila Neradova,401398,Barbora Michalkova,414234
2026-06-07,ITF W15 Kursumlijska Banja 3 Women,151598,ITF Women,Arcilla,Final,08:00,Anastasia Zolotareva,284553,Lidia Encheva,445462
2026-06-07,ITF W15 Madrid 2 Women,163018,ITF Women,Hardcourt outdoor,Qualifications,08:00,Adriana Monlleo Ramos,498347,Carla Guerrero Calvo,1233268
2026-06-07,ITF W15 Madrid 2 Women,163018,ITF Women,Hardcourt outdoor,Qualifications,08:00,Barbara Straszewska,825477,Andrea Burguete Beltran,303885
2026-06-07,ITF W15 Madrid 2 Women,163018,ITF Women,Hardcourt outdoor,Qualifications,08:00,Liron Loiter,510406,Alba Maria Coromina Boluda,828029
2026-06-07,ITF W15 Madrid 2 Women,163018,ITF Women,Hardcourt outdoor,Qualifications,08:00,María Jiménez Pérez,1086552,Paola Napal Villanueva,479802
2026-06-07,ITF W15 Madrid 2 Women,163018,ITF Women,Hardcourt outdoor,Qualifications,08:00,María Paredes Pérez,375543,Lidia Gonzalez,303884
2026-06-07,ITF W15 Madrid 2 Women,163018,ITF Women,Hardcourt outdoor,Qualifications,08:00,Valentina Bertonazzi,377360,Greta Fenyves,459132
2026-06-07,ITF W15 Osijek Women,153894,ITF Women,Arcilla,Final,08:00,Katerina Tsygourova,171026,Živa Falkner,288841
2026-06-07,ITF W35 San Gregorio 3 Women,187306,ITF Women,Arcilla,Qualifications,08:00,Lara Mancuso,277186,R. Lo Pumo,456392
2026-06-07,ITF W35 San Gregorio 3 Women,187306,ITF Women,Arcilla,Qualifications,08:00,Marleen Glaeser,1235372,Ema Kovacevic,487650
2026-06-07,ITF W35 San Gregorio 3 Women,187306,ITF Women,Arcilla,Qualifications,08:00,Virginia Carnino,1235381,Serena Paris,417404
2026-06-07,ITF W100 Wuning Women,187072,ITF Women,Hardcourt outdoor,Qualifications,08:00,Ayano Shimizu,191769,Liuyan An,489644
2026-06-07,ITF W100 Wuning Women,187072,ITF Women,Hardcourt outdoor,Qualifications,08:00,Peangtarn Plipuech,50915,Ying Zhang,142758
2026-06-07,ITF W100 Wuning Women,187072,ITF Women,Hardcourt outdoor,Qualifications,08:00,Ye Qiuyu,98523,Reina Goto,450619
2026-06-07,ITF W100 Zagreb Women,187069,ITF Women,Arcilla,Qualifications,08:00,Anika Jaskova,329139,Eszter Méri,289986
2026-06-07,ITF W100 Zagreb Women,187069,ITF Women,Arcilla,Qualifications,08:00,Ilinca Dalina Amariei,257537,Melis Rasim,451566
2026-06-07,ITF W100 Zagreb Women,187069,ITF Women,Arcilla,Qualifications,08:00,Natalie Barbir,49430,Sara Mikača,318707
2026-06-07,ITF W100 Zagreb Women,187069,ITF Women,Arcilla,Qualifications,08:00,Nika Dragičević,1232796,Briana Szabo,338897
2026-06-07,"Bratislava, Slovakia, Qualifying",187561,Challenger,Red clay,Qualification Round 1,08:30,Alex Marti Pujolras,217446,Benjamin Hassan,108767
2026-06-07,"Bratislava, Slovakia, Qualifying",187561,Challenger,Red clay,Qualification Round 1,08:30,Daniel Michalski,257091,Andrej Martin,24415
2026-06-07,"Bratislava, Slovakia, Qualifying",187561,Challenger,Red clay,Qualification Round 1,08:30,Martin Krumich,286492,Viktor Durasovic,96239
2026-06-07,"Cattolica, Italy, Qualifying",187559,Challenger,Desconocida,Qualification Round 1,08:30,Aleksandr Braynin,208160,Sergio Callejon Hernando,405101
2026-06-07,"Cattolica, Italy, Qualifying",187559,Challenger,Desconocida,Qualification Round 1,08:30,Gabriele Bosio,227434,Gianmarco Ferrari,291760
2026-06-07,"Cattolica, Italy, Qualifying",187559,Challenger,Desconocida,Qualification Round 1,08:30,Pyotr Nesterov,332304,Michele Mecarelli,487990
2026-06-07,ITF M15 Monastir 21 Men,153247,ITF Men,Dura,Qualifications,08:30,Alex De Gabriele,384966,Hayden Shoemake,1075652
2026-06-07,ITF M15 Monastir 21 Men,153247,ITF Men,Dura,Qualifications,08:30,Ashwin Vaithianathan,454111,Ty Wunderlich,387884
2026-06-07,ITF M15 Monastir 21 Men,153247,ITF Men,Dura,Qualifications,08:30,Fedor Dorokhov,1219292,Hudson Baxter,449746
2026-06-07,ITF M15 Monastir 21 Men,153247,ITF Men,Dura,Qualifications,08:30,Gianluca Carlini,477312,Teodor Cariov,519116
2026-06-07,ITF M15 Monastir 21 Men,153247,ITF Men,Dura,Qualifications,08:30,Nathan Qi,1227646,Augusto Mateo Lucarelli,512562
2026-06-07,ITF M15 Monastir 21 Men,153247,ITF Men,Dura,Qualifications,08:30,Seiichiro Ichikawa,243893,Louis Allen,329560
2026-06-07,ITF M15 Monastir 21 Men,153247,ITF Men,Dura,Qualifications,08:30,Tiago Silva,403168,Pietro Arci,1174573
2026-06-07,ITF W15 Kursumlijska Banja 4 Women,152147,ITF Women,Arcilla,Qualifications,08:30,Andzhelina Kostova,830567,Aleksandra Mateva,391748
2026-06-07,"S-Hertogenbosch, Netherlands, Qualifying",166485,ATP,Hierba,Qualification Final,09:00,Martin Damm Jr,51345,Juan Pablo Ficovich,113979
2026-06-07,"French Open, Paris, France, Doubles",185514,WTA,Red clay,Final,09:00,Siniakova K / Townsend T,518399,Danilina A / Krunic A,421754
2026-06-07,"Stuttgart, Germany, Qualifying",187431,ATP,Hierba,Qualification Final,09:00,Marc-Andrea Huesler,145112,Gauthier Onclin,233700
2026-06-07,"Stuttgart, Germany, Qualifying",187431,ATP,Hierba,Qualification Final,09:00,Sho Shimabukuro,216154,Jurij Rodionov,200159
2026-06-07,"S-Hertogenbosch, Netherlands, Qualifying",187450,WTA,Hierba,Qualification Final,09:00,Ella Seidel,371932,Greet Minnen,110803
2026-06-07,"S-Hertogenbosch, Netherlands, Qualifying",187450,WTA,Hierba,Qualification Final,09:00,Hanne Vandewinkel,383994,Anouk Koevermans,296390
2026-06-07,"Prostejov, Czech Republic",186314,Challenger,Red clay,Final,09:00,Sebastián Báez,221806,Alex Molčan,145130
2026-06-07,"Ilkley, Great Britain, Qualifying",187567,WTA 125,Hierba,Qualification Round 1,09:00,Kayla Cross,384697,Megan Knight,1100591
2026-06-07,"Ilkley, Great Britain, Qualifying",187567,WTA 125,Hierba,Qualification Round 1,09:00,Maria Kozyreva,211012,Clervie Ngounoue,380771
2026-06-07,ITF M15 Curtea de Arges Men,159812,ITF Men,Arcilla,Qualifications,09:00,David Stefan Burac,1235352,Ruben Hartig,405102
2026-06-07,ITF M15 Curtea de Arges Men,159812,ITF Men,Arcilla,Qualifications,09:00,Gabriele Thomas Brancatelli,458328,David Cristian Carteputreda,484826
2026-06-07,ITF M15 Curtea de Arges Men,159812,ITF Men,Arcilla,Qualifications,09:00,Iulius Maximus Stoica,1153030,Mihai David Haita,517888
2026-06-07,ITF M15 Curtea de Arges Men,159812,ITF Men,Arcilla,Qualifications,09:00,Rares Andrei Golescu,478136,Daniel Penteleichuk,498507
2026-06-07,ITF M15 Kayseri 4 Men,154952,ITF Men,Hardcourt outdoor,Qualifications,09:00,Alan Raul Sau Franco,216859,Jacques-Kai Inoue,398784
2026-06-07,ITF M15 Kayseri 4 Men,154952,ITF Men,Hardcourt outdoor,Qualifications,09:00,Ali Alshati,269865,Patricio Betancourt Gonzalez,517932
2026-06-07,ITF M15 Kayseri 4 Men,154952,ITF Men,Hardcourt outdoor,Qualifications,09:00,Cole Thurgur,1229623,Aslan Gemuhluoglu,510362
2026-06-07,ITF M15 Kayseri 4 Men,154952,ITF Men,Hardcourt outdoor,Qualifications,09:00,Igor Piasek,930345,Chandril Sood,60942
2026-06-07,ITF M15 Kayseri 4 Men,154952,ITF Men,Hardcourt outdoor,Qualifications,09:00,Martin Abraham Ramirez,486450,Marcco Iannoni,1212038
2026-06-07,ITF M15 Kayseri 4 Men,154952,ITF Men,Hardcourt outdoor,Qualifications,09:00,Matvey Greschner,455073,Cesar Ariel Hidalgo Aguirre,1149915
2026-06-07,ITF M15 Kayseri 4 Men,154952,ITF Men,Hardcourt outdoor,Qualifications,09:00,Rastin Akbari,1235376,Carlos Silvestre,464939
2026-06-07,ITF M15 Maanshan 5 Men,156869,ITF Men,Dura,Qualifications,09:00,Chen Dong,275470,Lingxi Zhao,238826
2026-06-07,ITF M15 Maanshan 5 Men,156869,ITF Men,Dura,Qualifications,09:00,Jia-Jing Lu,43502,Peidong Liu,1224842
2026-06-07,ITF M15 Maanshan 5 Men,156869,ITF Men,Dura,Qualifications,09:00,Lachlan Vickery,449119,Siwei Dai,1097888
2026-06-07,ITF M15 Maanshan 5 Men,156869,ITF Men,Dura,Qualifications,09:00,Shixun Zhu,801442,Xiaoyin Yang,479752
2026-06-07,ITF M15 Maanshan 5 Men,156869,ITF Men,Dura,Qualifications,09:00,Zhenxiong Dong,257517,Adrian Arcon,390226
2026-06-07,ITF M15 Monastir 20 Men,152812,ITF Men,Hardcourt outdoor,Final,09:00,Jacob Bradshaw,396118,Yassine Dlimi,323244
2026-06-07,ITF M15 Rosbach Men,186385,ITF Men,Arcilla,Final,09:00,Kai Wehnelt,77501,Niels McDonald,484006
2026-06-07,ITF M15 Szentendre Men,152119,ITF Men,Arcilla,Final,09:00,Peter Makk,217878,Yannik Kelm,391081
2026-06-07,ITF M25 Ceska Lipa Men,154195,ITF Men,Arcilla,Qualifications,09:00,David Petrofsky,1154301,Marcin Andrzejczak,531077
2026-06-07,ITF M25 Ceska Lipa Men,154195,ITF Men,Arcilla,Qualifications,09:00,Jan Psota,1153936,Gregor Hausberger,387310
2026-06-07,ITF M25 Ceska Lipa Men,154195,ITF Men,Arcilla,Qualifications,09:00,Nico Hipfl,446858,Laelson Rodrigues,252259
2026-06-07,ITF M25 Ceska Lipa Men,154195,ITF Men,Arcilla,Qualifications,09:00,Roman Postolka,237435,Sebastian Chodura,405567
2026-06-07,ITF W75 Ceska Lipa Women ,154333,ITF Women,Arcilla,Qualifications,09:00,Izabela Heinzova,296388,Emma Slavikova,382351
2026-06-07,ITF W75 Ceska Lipa Women ,154333,ITF Women,Arcilla,Qualifications,09:00,Maria Eleni Poulka,398743,Amelie Justine Hejtmanek,420995
2026-06-07,ITF W75 Ceska Lipa Women ,154333,ITF Women,Arcilla,Qualifications,09:00,Sara Oliveriusova,1235354,Tamara Šramková,458319
2026-06-07,ITF W75 Ceska Lipa Women ,154333,ITF Women,Arcilla,Qualifications,09:00,Valeriya Strakhova,51943,Olivia Gram,300984
2026-06-07,ITF W50 Montemor-O-Novo Women,153853,ITF Women,Dura,Final,09:00,Francisca Jorge,199408,Yeonwoo Ku,253353
2026-06-07,ITF W15 Banja Luka Women,153852,ITF Women,Arcilla,Final,09:00,Allegra Korpanec Davies,455713,Lucie Petruželova,287199
2026-06-07,ITF W15 Monastir 15 Women,150135,ITF Women,Hardcourt outdoor,Final,09:00,Andrė Lukošiūtė,306488,Berta Passola,455696
2026-06-07,ITF W15 Ontinyent Women,186408,ITF Women,Arcilla,Final,09:00,Carmen Gallardo Guevara,287781,Neus Torner Sensano,929299
2026-06-07,ITF M15 Kayseri 3 Men Doubles,154323,ITF Men,Hardcourt outdoor,Final,09:00,Fradkin J / McKennon M,1217954,Ozdemir S M / Turker M N,237972
2026-06-07,"Lyon, France, Qualifying",187562,Challenger,Red clay,Qualification Round 1,09:10,David Jorda Sanchis,57155,S D Prajwal Dev,191056
2026-06-07,"Lyon, France, Qualifying",187562,Challenger,Red clay,Qualification Round 1,09:10,Leo Raquillet,405556,Svyatoslav Gulin,403858
2026-06-07,"Lyon, France, Qualifying",187562,Challenger,Red clay,Qualification Round 1,09:10,Noah Karma,522667,Raphael Perot,307390
2026-06-07,"Modena, Italy, Qualifying",187565,WTA 125,Desconocida,Qualification Round 1,09:10,Tiantsoa Rakotomanga Rajaonah,385274,Chloe Paquet,46591
2026-06-07,"London, Great Britain, Qualifying",187453,WTA,Hierba,Qualification Round 1,09:30,Donna Vekić,50641,Carole Monnet,221362
2026-06-07,"London, Great Britain, Qualifying",187453,WTA,Hierba,Qualification Round 1,09:30,Jodie Burrage,172590,Anna Blinkova,189995
2026-06-07,"London, Great Britain, Qualifying",187453,WTA,Hierba,Qualification Round 1,09:30,Priscilla Hon,87834,Polina Kudermetova,293868
2026-06-07,"London, Great Britain, Qualifying",187453,WTA,Hierba,Qualification Round 1,09:30,Talia Gibson,308088,Alina Charaeva,255445
2026-06-07,ITF M15 Nyiregyhaza Men,154319,ITF Men,Arcilla,Qualifications,09:30,Anuj Watane,246043,Bence Juhasz,479291
2026-06-07,ITF M15 Nyiregyhaza Men,154319,ITF Men,Arcilla,Qualifications,09:30,Csongor Vitez,1235363,Filip Drab,1139030
2026-06-07,ITF M15 Nyiregyhaza Men,154319,ITF Men,Arcilla,Qualifications,09:30,Jiang Yi Qing,1092167,Merse Deli,478969
2026-06-07,ITF M15 Nyiregyhaza Men,154319,ITF Men,Arcilla,Qualifications,09:30,Kolos Kincses,394378,Lenny Couturier,1096190
2026-06-07,ITF M15 Nyiregyhaza Men,154319,ITF Men,Arcilla,Qualifications,09:30,Lucas Hammond,426109,Maximilian Todorov,302027
2026-06-07,ITF M15 Nyiregyhaza Men,154319,ITF Men,Arcilla,Qualifications,09:30,Pavel Gula,390518,Adam Gabor Szoke,447338
2026-06-07,ITF M15 Nyiregyhaza Men,154319,ITF Men,Arcilla,Qualifications,09:30,Radovan Michalik,371080,Vilmos Krisztian Kovacs,1232812
2026-06-07,ITF M15 Curtea de Arges Men,159812,ITF Men,Arcilla,Qualifications,09:30,Adrian Constantin,416517,Liviu Popirlan,416518
2026-06-07,ITF M15 Curtea de Arges Men,159812,ITF Men,Arcilla,Qualifications,09:30,Calin Apostol,524783,Mihnea Georgescu,1174813
2026-06-07,ITF M15 Curtea de Arges Men,159812,ITF Men,Arcilla,Qualifications,09:30,Eduard Gabriel Coreisa,488809,Andrei-Cristian Jinga,423598
2026-06-07,ITF M15 Curtea de Arges Men,159812,ITF Men,Arcilla,Qualifications,09:30,Wiktor Sasko,937173,Ioan Alexandru Teglas,423596
2026-06-07,ITF W100 Zagreb Women,187069,ITF Women,Arcilla,Qualifications,09:30,Chiara Jerolimov,451570,Valeriia Artemeva,517912
2026-06-07,ITF W100 Zagreb Women,187069,ITF Women,Arcilla,Qualifications,09:30,Gina Marie Dittmann,288577,Marta Dobrić,1227645
2026-06-07,ITF W100 Zagreb Women,187069,ITF Women,Arcilla,Qualifications,09:30,Ipek Oz,118052,Nika Bumbak,493421
2026-06-07,ITF W100 Zagreb Women,187069,ITF Women,Arcilla,Qualifications,09:30,Pia Petelinšek,468053,Salma Drugdová,377987
2026-06-07,"Bratislava, Slovakia, Qualifying",187561,Challenger,Red clay,Qualification Round 1,09:40,Buvaysar Gadamauri,225214,Matthew William Donald,353705
2026-06-07,"Bratislava, Slovakia, Qualifying",187561,Challenger,Red clay,Qualification Round 1,09:40,Faris Zakaria,265632,Mathys Erhard,213076
2026-06-07,"Bratislava, Slovakia, Qualifying",187561,Challenger,Red clay,Qualification Round 1,09:40,Tomas Lanik,371081,Taro Daniel,48632
2026-06-07,"Cattolica, Italy, Qualifying",187559,Challenger,Desconocida,Qualification Round 1,09:40,Carlos Sanchez Jover,196922,Gerard Campana Lee,380044
2026-06-07,"Cattolica, Italy, Qualifying",187559,Challenger,Desconocida,Qualification Round 1,09:40,Lucio Ratti,405124,Filippo Mazzola,478083
2026-06-07,"Cattolica, Italy, Qualifying",187559,Challenger,Desconocida,Qualification Round 1,09:40,Manuel Mazza,204255,Lorenzo Carboni,462062
2026-06-07,"Birmingham, Great Britain",186299,Challenger,Hierba,Semifinals,10:00,Arthur Fery,321789,Yunchaokete Bu,254227
2026-06-07,"Birmingham, Great Britain",186299,Challenger,Hierba,Semifinals,10:00,Otto Virtanen,229218,Kamil Majchrzak,108709
2026-06-07,"Centurion 2, South Africa",186719,Challenger,Hardcourt outdoor,Final,10:00,Philip Henning,238147,Alexander Donski,163538
2026-06-07,"Bad Rappenau, Germany, Doubles",186313,Challenger,Red clay,Final,10:00,Ruehl T / Veldheer M,1179055,Jung J / Uesugi K,1162196
2026-06-07,"Birmingham, Great Britain, Doubles",186302,Challenger,Hierba,Final,10:00,Chandrasekar A / Yuzuki T,1163865,Jones B / Paris J,294116
2026-06-07,"Ilkley, Great Britain, Qualifying",187568,Challenger,Hierba,Qualification Round 1,10:00,Finn Bass,182086,Keegan Smith,232059
2026-06-07,"Ilkley, Great Britain, Qualifying",187568,Challenger,Hierba,Qualification Round 1,10:00,Mark Lajal,383991,Anton Matusevich,245110
2026-06-07,"Ilkley, Great Britain, Qualifying",187568,Challenger,Hierba,Qualification Round 1,10:00,Max Basing,275074,Paul Jubb,220537
2026-06-07,"Ilkley, Great Britain, Qualifying",187567,WTA 125,Hierba,Qualification Round 1,10:00,Elena Pridankina,383652,Ella McDonald,405775
2026-06-07,"Ilkley, Great Britain, Qualifying",187567,WTA 125,Hierba,Qualification Round 1,10:00,Harmony Tan,67322,Amelia Rajecki,303340
2026-06-07,"Ilkley, Great Britain, Qualifying",187567,WTA 125,Hierba,Qualification Round 1,10:00,Tegan Bush,503280,Emily Appleton,168526
2026-06-07,ITF M25 Kiseljak Men,154187,ITF Men,Arcilla,Qualifications,10:00,Danin Saciragic,1235365,Frederik Brindopke,497684
2026-06-07,ITF M25 Kiseljak Men,154187,ITF Men,Arcilla,Qualifications,10:00,Lazar Dimitrijević,449795,Luis Klaus,258895
2026-06-07,ITF M25 Kiseljak Men,154187,ITF Men,Arcilla,Qualifications,10:00,Sacha Maes,1235377,Ze Ming Yang,1235382
2026-06-07,ITF W15 Kursumlijska Banja 4 Women,152147,ITF Women,Arcilla,Qualifications,10:00,Aurora Corvi,488884,Staša Bulatović,524931
2026-06-07,ITF W15 Kursumlijska Banja 4 Women,152147,ITF Women,Arcilla,Qualifications,10:00,Ema Lina Picorusević,416612,Teodora Vlajić,1165557
2026-06-07,ITF W15 Kursumlijska Banja 4 Women,152147,ITF Women,Arcilla,Qualifications,10:00,Sara Cozma,1141370,Katya Ramirez,302598
2026-06-07,ITF W15 Madrid 2 Women,163018,ITF Women,Hardcourt outdoor,Qualifications,10:00,Briyana Ivanova,929290,E. Molla Pons,456008
2026-06-07,ITF W15 Madrid 2 Women,163018,ITF Women,Hardcourt outdoor,Qualifications,10:00,Candela Cimarra Munoz,418054,Cayetana Gay,418049
2026-06-07,ITF W15 Madrid 2 Women,163018,ITF Women,Hardcourt outdoor,Qualifications,10:00,Carlota Lujan,1152045,Nikola Koprivova,489664
2026-06-07,ITF W15 Madrid 2 Women,163018,ITF Women,Hardcourt outdoor,Qualifications,10:00,Min Liu,213441,Nikola Nikolajeva,509649
2026-06-07,ITF W15 Madrid 2 Women,163018,ITF Women,Hardcourt outdoor,Qualifications,10:00,Raquel Caballero Chica,1093831,Sofia Fernandez Figueras,478993
2026-06-07,ITF W15 Madrid 2 Women,163018,ITF Women,Hardcourt outdoor,Qualifications,10:00,Valeria Martin Lopez,1235380,Mireia Sagrista Bermejo,511021
2026-06-07,ITF W35 Casablanca Women ,157437,ITF Women,Arcilla,Qualifications,10:00,Irene Vigara Ramos,469050,Warda Ait El Bachir,419862
2026-06-07,ITF W35 Casablanca Women ,157437,ITF Women,Arcilla,Qualifications,10:00,Natalia Klys,1080364,Marina Gatell,464849
2026-06-07,ITF W35 San Gregorio 3 Women,187306,ITF Women,Arcilla,Qualifications,10:00,Ludovica Di Sauro,324655,Sofia Prutean,517894
2026-06-07,ITF W35 San Gregorio 3 Women,187306,ITF Women,Arcilla,Qualifications,10:00,Virginia Proietti,1095092,Camilla Iervolino,335029
2026-06-07,"French Open, Legends Doubles",187017,Legends,Red clay,,10:00,Clement A / Pioline C,1234502,Bahrami M / Grosjean S,1097189
2026-06-07,"S-Hertogenbosch, Netherlands, Qualifying",166485,ATP,Hierba,Qualification Final,10:10,Benjamin Bonzi,94485,Bernard Tomic,17080
2026-06-07,"S-Hertogenbosch, Netherlands, Qualifying",166485,ATP,Hierba,Qualification Final,10:10,Niels Visker,296802,Elias Ymer,83661
2026-06-07,"Stuttgart, Germany, Qualifying",187431,ATP,Hierba,Qualification Final,10:10,Mert Alkaya,200150,Pierre-Hugues Herbert,44553
2026-06-07,"Stuttgart, Germany, Qualifying",187431,ATP,Hierba,Qualification Final,10:10,Roman Safiullin,124930,Alexis Galarneau,187236
2026-06-07,"S-Hertogenbosch, Netherlands, Qualifying",187450,WTA,Hierba,Qualification Final,10:10,Katie Volynets,256104,Lin Zhu,45584
2026-06-07,"Lyon, France, Qualifying",187562,Challenger,Red clay,Qualification Round 1,10:20,Alex Martinez,276766,Nitin Kumar Sinha,181384
2026-06-07,"Lyon, France, Qualifying",187562,Challenger,Red clay,Qualification Round 1,10:20,Andrea Baudel,1235344,Alejo Sanchez Quilez,451920
2026-06-07,"Lyon, France, Qualifying",187562,Challenger,Red clay,Qualification Round 1,10:20,Max Alcala Gurri,281447,Kenny De Schepper,41473
2026-06-07,"Modena, Italy, Qualifying",187565,WTA 125,Desconocida,Qualification Round 1,10:20,Victoria Bosio,44417,Francesca Pace,401988
2026-06-07,"Birmingham, Great Britain",186304,WTA 125,Hierba,Final,10:30,Alexandra Eala,327924,Nikola Bartunkova,348987
2026-06-07,ITF M15 Monastir 21 Men,153247,ITF Men,Dura,Qualifications,10:30,Achref Ltaief,1170958,Luca Giordano,402435
2026-06-07,ITF M15 Monastir 21 Men,153247,ITF Men,Dura,Qualifications,10:30,Alessandro Barbieri,1165603,Ikenna Prosper Okonkwo,1235367
2026-06-07,ITF M15 Monastir 21 Men,153247,ITF Men,Dura,Qualifications,10:30,Archie Stewart,1219312,Loan Gervais,1174967
2026-06-07,ITF M15 Monastir 21 Men,153247,ITF Men,Dura,Qualifications,10:30,Balthazar Huss,1096408,Achref Ltaief,1170958
2026-06-07,ITF M15 Monastir 21 Men,153247,ITF Men,Dura,Qualifications,10:30,Chirag Duhan,377356,Ahmed Hassairi,398779
2026-06-07,ITF M15 Monastir 21 Men,153247,ITF Men,Dura,Qualifications,10:30,Dominick Mosejczuk,517915,Danil Panarin,463423
2026-06-07,ITF M15 Monastir 21 Men,153247,ITF Men,Dura,Qualifications,10:30,Filippo Francesco Garbero,526201,Ignacio Mendoza,980368
2026-06-07,ITF M15 Monastir 21 Men,153247,ITF Men,Dura,Qualifications,10:30,Idriss Haddouch,389512,Omar Knani,382335
2026-06-07,ITF M15 Monastir 21 Men,153247,ITF Men,Dura,Qualifications,10:30,Ivan Dorokhov,1232776,Nick Beamish,501560
2026-06-07,ITF M15 Monastir 21 Men,153247,ITF Men,Dura,Qualifications,10:30,Jose Pablo Renovales Salazar,1235369,Jordan Chiu,254795
2026-06-07,ITF M15 Monastir 21 Men,153247,ITF Men,Dura,Qualifications,10:30,Kristijonas Milasauskas,1232781,Andrey Barbiero,470481
2026-06-07,ITF M15 Monastir 21 Men,153247,ITF Men,Dura,Qualifications,10:30,Ludovico Vaccari,484847,Rayen Hermassi,372757
2026-06-07,ITF M15 Monastir 21 Men,153247,ITF Men,Dura,Qualifications,10:30,Luke Hooper,516804,Julius Augunas,449077
2026-06-07,ITF M15 Monastir 21 Men,153247,ITF Men,Dura,Qualifications,10:30,Paul Barbier Gazeu,394383,Arin Pallegar,932478
2026-06-07,ITF M15 Monastir 21 Men,153247,ITF Men,Dura,Qualifications,10:30,Rodrigo Fernandes,464370,Yong Chao He Wang,1227668
2026-06-07,ITF M15 Monastir 21 Men,153247,ITF Men,Dura,Qualifications,10:30,Skander Nsairi,1113868,Meaizur Rahman Khan,332997
2026-06-07,ITF M25 Ceska Lipa Men,154195,ITF Men,Arcilla,Qualifications,10:30,Adam Soukup,476486,Patrik Homola,401386
2026-06-07,ITF M25 Ceska Lipa Men,154195,ITF Men,Arcilla,Qualifications,10:30,Jan Klimas,522246,Jakub Vrtilka,1227638
2026-06-07,ITF M25 Ceska Lipa Men,154195,ITF Men,Arcilla,Qualifications,10:30,Niklas Waldner,294348,Felix Einig,275106
2026-06-07,ITF M25 Ceska Lipa Men,154195,ITF Men,Arcilla,Qualifications,10:30,Paulo Knippling,300982,Matyas Kozlovsky,927347
2026-06-07,ITF M25 Kiseljak Men,154187,ITF Men,Arcilla,Qualifications,10:30,Alex Ganchev,332527,Kemal Asotić,478139
2026-06-07,ITF M25 Kiseljak Men,154187,ITF Men,Arcilla,Qualifications,10:30,Gustavo Masiero,485704,Eduardo Lage,1176107
2026-06-07,ITF M25 Kiseljak Men,154187,ITF Men,Arcilla,Qualifications,10:30,Joel Lamotte,1235368,Andrej Djokic,317452
2026-06-07,ITF W75 Ceska Lipa Women ,154333,ITF Women,Arcilla,Qualifications,10:30,Denisa Zoldakova,517983,Agatha Chytilova,1149339
2026-06-07,ITF W75 Ceska Lipa Women ,154333,ITF Women,Arcilla,Qualifications,10:30,Laura Svatikova,54961,Tereza Polakova,290632
2026-06-07,ITF W75 Ceska Lipa Women ,154333,ITF Women,Arcilla,Qualifications,10:30,Lenka Munzarova,336768,Laetitia Pulchartová,213436
2026-06-07,ITF W75 Ceska Lipa Women ,154333,ITF Women,Arcilla,Qualifications,10:30,Petra Sedláčková,231010,Zuzana Kudlackova,932370
2026-06-07,"London, Great Britain, Qualifying",187453,WTA,Hierba,Qualification Round 1,10:40,Antonia Ružić,316468,Aoi Ito,297194
2026-06-07,"London, Great Britain, Qualifying",187453,WTA,Hierba,Qualification Round 1,10:40,Heather Watson,41404,Beatriz Haddad Maia,59702
2026-06-07,"London, Great Britain, Qualifying",187453,WTA,Hierba,Qualification Round 1,10:40,Shuai Zhang,19607,Hannah Klugman,420872
2026-06-07,"London, Great Britain, Qualifying",187453,WTA,Hierba,Qualification Round 1,10:40,Storm Hunter,45835,Aliaksandra Sasnovich,45902
2026-06-07,"Bratislava, Slovakia, Qualifying",187561,Challenger,Red clay,Qualification Round 1,10:50,Akira Santillan,83263,Marko Bekeni,1229809
2026-06-07,"Bratislava, Slovakia, Qualifying",187561,Challenger,Red clay,Qualification Round 1,10:50,Lukas Neumayer,339450,Michal Krajci,376934
2026-06-07,"Bratislava, Slovakia, Qualifying",187561,Challenger,Red clay,Qualification Round 1,10:50,Vadym Ursu,111857,Dimitar Kuzmanov,51009
2026-06-07,"Cattolica, Italy, Qualifying",187559,Challenger,Desconocida,Qualification Round 1,10:50,Francesco Forti,217834,Luca Castagnola,333004
2026-06-07,"Cattolica, Italy, Qualifying",187559,Challenger,Desconocida,Qualification Round 1,10:50,Giovanni Oradini,138712,Samuele Pieri,376882
2026-06-07,"Cattolica, Italy, Qualifying",187559,Challenger,Desconocida,Qualification Round 1,10:50,Lorenzo Rottoli,230966,Juan Cruz Martin Manzano,418785
2026-06-07,ITF M15 Nyiregyhaza Men,154319,ITF Men,Arcilla,Qualifications,11:00,Balazs Pesti,488795,Myhalo Kovalov,453442
2026-06-07,ITF M15 Nyiregyhaza Men,154319,ITF Men,Arcilla,Qualifications,11:00,David Bakonyi,448153,Zalan Sandor Savay,394373
2026-06-07,ITF M15 Nyiregyhaza Men,154319,ITF Men,Arcilla,Qualifications,11:00,Matteo Fondriest,397934,Daniel Balascak,467810
2026-06-07,ITF M15 Nyiregyhaza Men,154319,ITF Men,Arcilla,Qualifications,11:00,Oliver Pivnik,478964,Dvir Osipov,1224875
2026-06-07,ITF M15 Nyiregyhaza Men,154319,ITF Men,Arcilla,Qualifications,11:00,Peter Nad,349490,Peter Sallay,217880
2026-06-07,ITF M15 Nyiregyhaza Men,154319,ITF Men,Arcilla,Qualifications,11:00,Peter Zavacky,553660,Xavier Ferrer Mateo,506995
2026-06-07,ITF M15 Nyiregyhaza Men,154319,ITF Men,Arcilla,Qualifications,11:00,Sebastian Paulovcak,1170342,Bercel Sandor Takacs,1097870
2026-06-07,ITF M15 Kayseri 4 Men,154952,ITF Men,Hardcourt outdoor,Qualifications,11:00,Airik Abedinzadeh,1090788,Andreas Papadopoulos,470386
2026-06-07,ITF M15 Kayseri 4 Men,154952,ITF Men,Hardcourt outdoor,Qualifications,11:00,Igor Ferreira de Souza,935282,George Gregoriou,305650
2026-06-07,ITF M15 Kayseri 4 Men,154952,ITF Men,Hardcourt outdoor,Qualifications,11:00,Kemal Arda Karakas,373204,Aarya Jadhav,932369
2026-06-07,ITF M15 Kayseri 4 Men,154952,ITF Men,Hardcourt outdoor,Qualifications,11:00,Oscar Wang,1235374,Ilyos Abrorov,1219352
2026-06-07,ITF M15 Kayseri 4 Men,154952,ITF Men,Hardcourt outdoor,Qualifications,11:00,Pedro Almeida Andres,1222132,Uladzimir Svetlakou,1174502
2026-06-07,ITF M15 Kayseri 4 Men,154952,ITF Men,Hardcourt outdoor,Qualifications,11:00,Rethin Pranav Senthil Kumar,468477,Neil Kandhai,288505
2026-06-07,ITF M15 Kayseri 4 Men,154952,ITF Men,Hardcourt outdoor,Qualifications,11:00,Ricard Novell Del Campo,1044102,Tokitaka Ito,1153027
2026-06-07,ITF M15 Kayseri 4 Men,154952,ITF Men,Hardcourt outdoor,Qualifications,11:00,Roman Sancilio,1094495,Tarun Karra,409907
2026-06-07,ITF M15 Maanshan 5 Men,156869,ITF Men,Dura,Qualifications,11:00,Wihan van der Merwe,1168726,Mingliang Yue,492566
2026-06-07,ITF M15 Maanshan 5 Men,156869,ITF Men,Dura,Qualifications,11:00,Yukun Wang,261062,Stefan Storch,275469
2026-06-07,ITF W100 Zagreb Women,187069,ITF Women,Arcilla,Qualifications,11:00,Bianca Elena Barbulescu,383429,Ivana Celić,519896
2026-06-07,ITF W100 Zagreb Women,187069,ITF Women,Arcilla,Qualifications,11:00,Enola Chiesa,204753,Victoria Borodulina,250861
2026-06-07,ITF W100 Zagreb Women,187069,ITF Women,Arcilla,Qualifications,11:00,Laura Mair,270439,Mirjana Jovanović,348718
2026-06-07,ITF W100 Zagreb Women,187069,ITF Women,Arcilla,Qualifications,11:00,Weronika Falkowska,217160,Mariia Drobysheva,457903
2026-06-07,"Ilkley, Great Britain, Qualifying",187568,Challenger,Hierba,Qualification Round 1,11:10,Daniel Evans,16375,James Watt,459208
2026-06-07,"Ilkley, Great Britain, Qualifying",187568,Challenger,Hierba,Qualification Round 1,11:10,Quinn Vandecasteele,290569,Charles Broom,202181
2026-06-07,"Ilkley, Great Britain, Qualifying",187568,Challenger,Hierba,Qualification Round 1,11:10,Rio Noguchi,217464,Patrick Brady,386194
2026-06-07,"Ilkley, Great Britain, Qualifying",187567,WTA 125,Hierba,Qualification Round 1,11:10,Celine Naef,374578,Hiroko Kuwata,64315
2026-06-07,"Ilkley, Great Britain, Qualifying",187567,WTA 125,Hierba,Qualification Round 1,11:10,Katy Dunne,50064,Momoko Kobori,183957
2026-06-07,"Ilkley, Great Britain, Qualifying",187567,WTA 125,Hierba,Qualification Round 1,11:10,Ranah Akua Stoiber,384606,Victoria Allen,232666
2026-06-07,"S-Hertogenbosch, Netherlands, Qualifying",187450,WTA,Hierba,Qualification Final,11:20,Robin Montgomery,297368,Joanna Garland,230384
2026-06-07,"Lyon, France, Qualifying",187562,Challenger,Red clay,Qualification Round 1,11:30,Jules Fabre,1235345,Johan Nikles,114885
2026-06-07,"Lyon, France, Qualifying",187562,Challenger,Red clay,Qualification Round 1,11:30,Matteo Martineau,145122,Mae Malige,421695
2026-06-07,"Lyon, France, Qualifying",187562,Challenger,Red clay,Qualification Round 1,11:30,Maxime Janvier,107625,Laurent Lokoli,66002
2026-06-07,ITF W15 Madrid 2 Women,163018,ITF Women,Hardcourt outdoor,Qualifications,11:30,Aleksandra Pozarenko,464863,Maria Gajete Diaz,1155594
2026-06-07,ITF W15 Madrid 2 Women,163018,ITF Women,Hardcourt outdoor,Qualifications,11:30,Annika Kannan,285264,Sara Gutierrez Garcia,1235379
2026-06-07,ITF W15 Madrid 2 Women,163018,ITF Women,Hardcourt outdoor,Qualifications,11:30,Covadonga Mendoza,1152007,Irene Serrano Maestre,939868
2026-06-07,ITF W15 Madrid 2 Women,163018,ITF Women,Hardcourt outdoor,Qualifications,11:30,Eva Alvarez Sande,369664,Magdalena Baniak,801352
2026-06-07,ITF W15 Madrid 2 Women,163018,ITF Women,Hardcourt outdoor,Qualifications,11:30,Gabriela Maria Vancea,392758,Amelie Drukerova,449032
2026-06-07,ITF W15 Madrid 2 Women,163018,ITF Women,Hardcourt outdoor,Qualifications,11:30,Maileen Nuudi,213927,Sofia Alberto Vilar,939536
2026-06-07,ITF W15 Madrid 2 Women,163018,ITF Women,Hardcourt outdoor,Qualifications,11:30,Nuria Sarganella Verdu,457166,Abhinaya Balaji,1123763
2026-06-07,"London, Great Britain, Qualifying",187453,WTA,Hierba,Qualification Round 1,11:35,Elsa Jacquemot,275530,Hanyu Guo,153652
2026-06-07,"London, Great Britain, Qualifying",187453,WTA,Hierba,Qualification Round 1,11:40,Maddison Inglis,99405,Alycia Parks,221410
2026-06-07,"London, Great Britain, Qualifying",187453,WTA,Hierba,Qualification Round 1,11:45,Ekaterine Gorgodze,48486,Kamilla Rakhimova,217828
2026-06-07,"London, Great Britain, Qualifying",187453,WTA,Hierba,Qualification Round 1,11:45,Tatjana Maria,19520,Yuriko Lily Miyazaki,165866
2026-06-07,"S-Hertogenbosch, Netherlands, Qualifying",166485,ATP,Hierba,Qualification Final,12:00,James McCabe,339452,Sander Jong,355527
2026-06-07,"Bad Rappenau, Germany",186312,Challenger,Red clay,Final,12:00,Luka Mikrut,349090,Emilio Nava,232057
2026-06-07,"Bratislava, Slovakia, Qualifying",187561,Challenger,Red clay,Qualification Round 1,12:00,Hynek Barton,372310,Sebastian Sorger,355096
2026-06-07,"Bratislava, Slovakia, Qualifying",187561,Challenger,Red clay,Qualification Round 1,12:00,Max Lorincik,1235339,Abdullah Shelbayh,307383
2026-06-07,"Bratislava, Slovakia, Qualifying",187561,Challenger,Red clay,Qualification Round 1,12:00,Nicolas Alvarez Varona,205989,Miloš Karol,341853
2026-06-07,"Cattolica, Italy, Qualifying",187559,Challenger,Desconocida,Qualification Round 1,12:00,Carlo Alberto Caniato,403167,Giuseppe La Vela,290531
2026-06-07,"Cattolica, Italy, Qualifying",187559,Challenger,Desconocida,Qualification Round 1,12:00,Oriol Roca Batalla,51100,Pietro Ricci,519984
2026-06-07,"Cattolica, Italy, Qualifying",187559,Challenger,Desconocida,Qualification Round 1,12:00,Peter Fajta,289149,Miguel Tobon,451986
2026-06-07,ITF W15 Kursumlijska Banja 4 Women,152147,ITF Women,Arcilla,Qualifications,12:00,Emma Ottavia Ghirardato,484315,Kristina Kovgan,489675
2026-06-07,ITF W15 Kursumlijska Banja 4 Women,152147,ITF Women,Arcilla,Qualifications,12:00,Eva Kaliadina,1106039,Milica Stošović,475210
2026-06-07,ITF W15 Kursumlijska Banja 4 Women,152147,ITF Women,Arcilla,Qualifications,12:00,Louanne Djafari,420373,Odeta Panasa,448154
2026-06-07,ITF W35 Casablanca Women ,157437,ITF Women,Arcilla,Qualifications,12:00,Aya El Aouni,371052,Gabriela Paun,470414
2026-06-07,ITF W35 Casablanca Women ,157437,ITF Women,Arcilla,Qualifications,12:00,Valeriia Krokhotina,387935,Z. El Mouttaki,421002
2026-06-07,"Ilkley, Great Britain, Qualifying",187568,Challenger,Hierba,Qualification Round 1,12:20,Edward Winter,338420,Alastair Gray,222958
2026-06-07,"Ilkley, Great Britain, Qualifying",187568,Challenger,Hierba,Qualification Round 1,12:20,Millen Hurrion,324613,Hamish Stewart,245307
2026-06-07,"Ilkley, Great Britain, Qualifying",187568,Challenger,Hierba,Qualification Round 1,12:20,Oliver Crawford,213057,Mark Ceban,530564
2026-06-07,"Ilkley, Great Britain, Qualifying",187567,WTA 125,Hierba,Qualification Round 1,12:20,Brooke Anna Black,405589,Tereza Martincova,48318
2026-06-07,"Ilkley, Great Britain, Qualifying",187567,WTA 125,Hierba,Qualification Round 1,12:20,Iryna Shymanovich,92879,Savannah Dada-Mascoll,1235351
2026-06-07,ITF M15 Nyiregyhaza Men,154319,ITF Men,Arcilla,Qualifications,12:30,Bence Boros,830527,Filippo Callerio,530872
2026-06-07,ITF M15 Nyiregyhaza Men,154319,ITF Men,Arcilla,Qualifications,12:30,David Vizy,1232767,Timo Rosenkranz Koenig,1110086
2026-06-07,ITF M15 Nyiregyhaza Men,154319,ITF Men,Arcilla,Qualifications,12:30,Heorhii Shylov,1129098,Andras Necz,218260
2026-06-07,ITF M15 Nyiregyhaza Men,154319,ITF Men,Arcilla,Qualifications,12:30,Milan Zavaczki,478971,Sasha Colleu,1122593
2026-06-07,ITF M15 Nyiregyhaza Men,154319,ITF Men,Arcilla,Qualifications,12:30,Trisztan Gubi,447340,Aron Janos Major,520933
2026-06-07,ITF M15 Monastir 21 Men,153247,ITF Men,Dura,Qualifications,12:30,Joseph Hernandez,1152085,Anas Bennour Dit Sahli,401368
2026-06-07,ITF M15 Monastir 21 Men,153247,ITF Men,Dura,Qualifications,12:30,Yannic Nittmann,825704,Ahmed Mouhan,260471
2026-06-07,ITF M25 Ceska Lipa Men,154195,ITF Men,Arcilla,Qualifications,12:30,Daniel Bien,478140,Martin Doskocil,1149346
2026-06-07,ITF M25 Ceska Lipa Men,154195,ITF Men,Arcilla,Qualifications,12:30,Jan Hrazdil,400523,Vojtech Mares,333059
2026-06-07,ITF M25 Ceska Lipa Men,154195,ITF Men,Arcilla,Qualifications,12:30,Ondrej Horak,303067,Lars Aregger,302724
2026-06-07,ITF M25 Ceska Lipa Men,154195,ITF Men,Arcilla,Qualifications,12:30,Vitek Horak,287172,Jakub Vrba,489272
2026-06-07,ITF W75 Ceska Lipa Women ,154333,ITF Women,Arcilla,Qualifications,12:30,Allura Zamarripa,299937,Sara Husar,530855
2026-06-07,ITF W75 Ceska Lipa Women ,154333,ITF Women,Arcilla,Qualifications,12:30,Aneta Kučmová,195997,Rozalie Vrajikova,1235353
2026-06-07,ITF W75 Ceska Lipa Women ,154333,ITF Women,Arcilla,Qualifications,12:30,Julie Jirakova,517903,Khrystyna Vozniak,131752
2026-06-07,ITF W75 Ceska Lipa Women ,154333,ITF Women,Arcilla,Qualifications,12:30,Veronika Kulhava,342269,Lola Giza,425546
2026-06-07,"French Open, Paris, France",185245,ATP,Red clay,Final,13:00,Flavio Cobolli,273680,Alexander Zverev,57163
2026-06-07,"San Miguel de Tucuman, Argentina, Qualifying",187572,Challenger,Red clay,Qualification Round 1,13:00,Connor Huertas Del Pino,161868,Mateo Del Pino,391778
2026-06-07,"San Miguel de Tucuman, Argentina, Qualifying",187572,Challenger,Red clay,Qualification Round 1,13:00,Johan Alexander Rodriguez Rodriguez,315057,Manuel Mouilleron Salvo,322053
2026-06-07,"San Miguel de Tucuman, Argentina, Qualifying",187572,Challenger,Red clay,Qualification Round 1,13:00,Juan Ignacio Gallego,496769,Arklon Huertas Del Pino Cordova,266259
2026-06-07,ITF M15 Curtea de Arges Men,159812,ITF Men,Arcilla,Qualifications,13:00,Alexandru Hebhang Balan,522878,Gery Silvestri,929026
2026-06-07,ITF M15 Curtea de Arges Men,159812,ITF Men,Arcilla,Qualifications,13:00,Ioan Alexandru Manita,802760,Matei Marius Partal,1123557
2026-06-07,ITF M15 Curtea de Arges Men,159812,ITF Men,Arcilla,Qualifications,13:00,Matei Sucu,1120901,Cezar Stefan Bentzel,517886
2026-06-07,ITF M15 Curtea de Arges Men,159812,ITF Men,Arcilla,Qualifications,13:00,Tudor Alexandru Zecheru,1235356,David Gabor,377420
2026-06-07,ITF M15 Kayseri 4 Men,154952,ITF Men,Hardcourt outdoor,Qualifications,13:00,Abdulaziz Usmonjonov,1093532,Felipe Jose Rivadeneira Gallegos,388402
2026-06-07,ITF M15 Kayseri 4 Men,154952,ITF Men,Hardcourt outdoor,Qualifications,13:00,Brian Dal Zilio,504723,Utku Kerem Biberli,460250
2026-06-07,ITF M15 Kayseri 4 Men,154952,ITF Men,Hardcourt outdoor,Qualifications,13:00,Damir Abdusamadov,830651,R. Lebron Puerta,503262
2026-06-07,ITF M15 Kayseri 4 Men,154952,ITF Men,Hardcourt outdoor,Qualifications,13:00,Daniel Bernovskyi,1235364,Emmanuel Cottle,1152732
2026-06-07,ITF M15 Kayseri 4 Men,154952,ITF Men,Hardcourt outdoor,Qualifications,13:00,Eduardo Pobes,381839,Denis Vishenchuk Vishenko,1041525
2026-06-07,ITF M15 Kayseri 4 Men,154952,ITF Men,Hardcourt outdoor,Qualifications,13:00,Mohammad Hosseinzadeh,1174931,Matthew Dubas,1229932
2026-06-07,ITF M15 Kayseri 4 Men,154952,ITF Men,Hardcourt outdoor,Qualifications,13:00,Thomas Nicholas Gadecki,408251,Aleksandrs Sotikovs,1138013
2026-06-07,ITF M15 Kayseri 4 Men,154952,ITF Men,Hardcourt outdoor,Qualifications,13:00,Vladimir Osminkin,338957,Ersel Kalfaoglu,458318
2026-06-07,ITF W15 Madrid 2 Women,163018,ITF Women,Hardcourt outdoor,Qualifications,13:00,C. Mulet Bouza,384003,Lucia Ros Parres,449161
2026-06-07,ITF W15 Madrid 2 Women,163018,ITF Women,Hardcourt outdoor,Qualifications,13:00,Juliana Giaccio,933964,Julia Millan Tejedor,423707
2026-06-07,ITF W15 Madrid 2 Women,163018,ITF Women,Hardcourt outdoor,Qualifications,13:00,Malika Kabdesh,500353,Sophie Martin,382884
2026-06-07,ITF W15 Madrid 2 Women,163018,ITF Women,Hardcourt outdoor,Qualifications,13:00,Maryia Kolas,933834,A. Fernandez Sanchez,931382
2026-06-07,ITF W15 Madrid 2 Women,163018,ITF Women,Hardcourt outdoor,Qualifications,13:00,Maxine Murphy,420339,Vanja Gudelj,378436
2026-06-07,ITF W15 Madrid 2 Women,163018,ITF Women,Hardcourt outdoor,Qualifications,13:00,Sofia Montesinos,501202,Clara Parames,1235362
2026-06-07,ITF W15 Madrid 2 Women,163018,ITF Women,Hardcourt outdoor,Qualifications,13:00,Valentina Abril Bruno,828031,Venla Ahti,261835
2026-06-07,"UTR PTT Philadelphia Men 02, 9-12 Playoff",187340,UTR Men,Hardcourt outdoor,Match for 3rd place,13:00,Andrew Kotzen,1045226,Santiago Padilla Cote,397980
2026-06-07,"UTR PTT Philadelphia Women 01, 1-4 Playoff",187347,UTR Women,Hardcourt outdoor,Match for 3rd place,13:00,Cy McTorry,1232444,Victoria Mann,1146538
2026-06-07,"UTR PTT Philadelphia Women 01, 5-8 Playoff",187348,UTR Women,Hardcourt outdoor,Final,13:00,Sophia Holod,1044095,Anna Grigoreva,342908
2026-06-07,"Ilkley, Great Britain, Qualifying",187568,Challenger,Hierba,Qualification Round 1,13:30,Michael Mmoh,131442,Filippo Romano,399603
2026-06-07,"Ilkley, Great Britain, Qualifying",187568,Challenger,Hierba,Qualification Round 1,13:30,Oliver Okonkwo,323272,Antoine Ghibaudo,339606
2026-06-07,"Ilkley, Great Britain, Qualifying",187567,WTA 125,Hierba,Qualification Round 1,13:30,Edie Griffiths,1105441,Naiktha Bains,71284
2026-06-07,"Ilkley, Great Britain, Qualifying",187567,WTA 125,Hierba,Qualification Round 1,13:30,Vendula Valdmannova,410231,Sayaka Ishii,414511
2026-06-07,"Modena, Italy, Qualifying",187565,WTA 125,Desconocida,Qualification Round 1,13:30,Noemi Basiletti,374193,Beatrice Ricci,305030
2026-06-07,ITF W15 Brasilia Women,186406,ITF Women,Hardcourt outdoor,Final,13:30,Marjorie Souza,424829,Luiza Fullana,250522
2026-06-07,ITF W15 Kursumlijska Banja 4 Women,152147,ITF Women,Arcilla,Qualifications,13:30,Ana Giraldi Requena,197469,Hana Djedović,481875
2026-06-07,ITF W15 Kursumlijska Banja 4 Women,152147,ITF Women,Arcilla,Qualifications,13:30,Anastasia Zolotareva,284553,Duda Ewa,222067
2026-06-07,ITF W15 Kursumlijska Banja 4 Women,152147,ITF Women,Arcilla,Qualifications,13:30,Elena Torbica,522281,Iva Ivanović,500320
2026-06-07,ITF W15 Kursumlijska Banja 4 Women,152147,ITF Women,Arcilla,Qualifications,13:30,Klara Vaja,489680,Sameeksha Shroff,404429
2026-06-07,ITF W15 Kursumlijska Banja 4 Women,152147,ITF Women,Arcilla,Qualifications,13:30,Mia Milisavljević,516801,Stela Džimović,801445
2026-06-07,ITF W15 Kursumlijska Banja 4 Women,152147,ITF Women,Arcilla,Qualifications,13:30,Pauline Gloeckner,1097061,Alexandrova Ralitsa,362063
2026-06-07,ITF W15 Kursumlijska Banja 4 Women,152147,ITF Women,Arcilla,Qualifications,13:30,Saoirse Breen,446815,Galena Krastenova,487195
2026-06-07,ITF M25 Kiseljak Men,154187,ITF Men,Arcilla,Qualifications,14:00,Fran Rakonić,465596,Uroš Manasijević,1093497
2026-06-07,ITF M25 Kiseljak Men,154187,ITF Men,Arcilla,Qualifications,14:00,Mak Stjepanović,1224876,Nikola Lazetic,520936
2026-06-07,ITF M25 Kiseljak Men,154187,ITF Men,Arcilla,Qualifications,14:00,Rafael Behr,1227652,Jonah Haidarian,1174946
2026-06-07,ITF W15 Casablanca Women,157025,ITF Women,Arcilla,Final,14:00,Marta Soriano Santiago,404441,Nina Vargova,353490
2026-06-07,ITF W35 Casablanca Women ,157437,ITF Women,Arcilla,Qualifications,14:00,Sharanya Shetty,457232,Alina Mokrynska,1232959
2026-06-07,ITF W100 Zagreb Women,187069,ITF Women,Arcilla,Qualifications,14:00,Kali Šupová,496039,Kiara Zabkova,452955
2026-06-07,ITF W100 Zagreb Women,187069,ITF Women,Arcilla,Qualifications,14:00,Nika Peskar Majoli,1224872,Alja Senica,467025
2026-06-07,ITF W100 Zagreb Women,187069,ITF Women,Arcilla,Qualifications,14:00,Noa Krznarić Uygungul,254738,Adrienn Nagy,218346
2026-06-07,"San Miguel de Tucuman, Argentina, Qualifying",187572,Challenger,Red clay,Qualification Round 1,14:10,Felipe de Dios,379443,Wilson Leite,54477
2026-06-07,"San Miguel de Tucuman, Argentina, Qualifying",187572,Challenger,Red clay,Qualification Round 1,14:10,Mateo Carballo,519114,Julian Cundom,285840
2026-06-07,"San Miguel de Tucuman, Argentina, Qualifying",187572,Challenger,Red clay,Qualification Round 1,14:10,Samuel Heredia,400534,Jose Gabriel Fernandez,455731
2026-06-07,ITF M15 Monastir 21 Men,153247,ITF Men,Dura,Qualifications,14:30,Andres Rendon,1235360,Romain Andres,490727
2026-06-07,ITF M15 Monastir 21 Men,153247,ITF Men,Dura,Qualifications,14:30,Finn Reilly,1127932,Maksim Tikhomirov,117928
2026-06-07,ITF M15 Monastir 21 Men,153247,ITF Men,Dura,Qualifications,14:30,Louay Makke,514564,Guilherme Valdoleiros,247803
2026-06-07,ITF M15 Monastir 21 Men,153247,ITF Men,Dura,Qualifications,14:30,Matthew Rankin,406647,Jaishnav Shinde,507571
2026-06-07,ITF M15 Monastir 21 Men,153247,ITF Men,Dura,Qualifications,14:30,Riccardo Ciulli,515209,Ahmed Darmoul,932382
2026-06-07,ITF M15 Monastir 21 Men,153247,ITF Men,Dura,Qualifications,14:30,Wali Saissi,1127948,Valentin De Carvalho,247809
2026-06-07,ITF M15 Monastir 21 Men,153247,ITF Men,Dura,Qualifications,14:30,Yacoub Makzoume,197449,Mohamed Oueslati,371419
2026-06-07,ITF W75 Caserta Women,153856,ITF Women,Arcilla,Final,14:30,Federica Urgesi,362614,Alessandra Mazzola,246108
2026-06-07,"Tyler, USA, Doubles",186733,Challenger,Hardcourt outdoor,Final,15:00,Bollipalli R C / Ramanathan R,1229926,Fuchs Z / Thayne W,498641
2026-06-07,ITF M15 Kayseri 4 Men,154952,ITF Men,Hardcourt outdoor,Qualifications,15:00,Aril Kayra Tuna,1043712,Aditya Vardhan Duddupudi,341814
2026-06-07,ITF M15 Kayseri 4 Men,154952,ITF Men,Hardcourt outdoor,Qualifications,15:00,Horia Dragos,476493,Atahan Sedefoglu,1235361
2026-06-07,"ITF W100 Sumter, SC Women",186388,ITF Women,Hardcourt outdoor,Final,15:00,Kristina Liutova,927960,Reese Brantmeier,316464
2026-06-07,ITF W100 Zagreb Women,187069,ITF Women,Arcilla,Qualifications,15:00,Katerina Tsygourova,171026,Milana Rašan-Buha,1091710
2026-06-07,"San Miguel de Tucuman, Argentina, Qualifying",187572,Challenger,Red clay,Qualification Round 1,15:20,Amador Salazar,271977,Ezequiel Monferrer,302587
2026-06-07,"San Miguel de Tucuman, Argentina, Qualifying",187572,Challenger,Red clay,Qualification Round 1,15:20,Ignacio Monzon,107483,Santiago Giamichelle,387340
2026-06-07,"San Miguel de Tucuman, Argentina, Qualifying",187572,Challenger,Red clay,Qualification Round 1,15:20,Samuel Alejandro Linde Palacios,516077,Benjamin Chelia,518228
2026-06-07,ITF W15 Kursumlijska Banja 4 Women,152147,ITF Women,Arcilla,Qualifications,15:30,Fangyu Shang,1158199,Nađa Mladenović,515233
2026-06-07,ITF M25 Caltanissetta Men ,186382,ITF Men,Arcilla,Final,16:00,Massimo Giunta,142884,Luca Potenza,226810
2026-06-07,"Ilkley, Great Britain, Qualifying",187568,Challenger,Hierba,Qualification Round 1,16:30,Yi Zhou,450685,Ben Jones,161448
2026-06-07,"San Miguel de Tucuman, Argentina, Qualifying",187572,Challenger,Red clay,Qualification Round 1,16:30,Federico Zeballos,37637,Tomas Martinez,379453
2026-06-07,"San Miguel de Tucuman, Argentina, Qualifying",187572,Challenger,Red clay,Qualification Round 1,16:30,Leonel Cesar Castro,853621,Thiago Cigarran,303908
2026-06-07,"San Miguel de Tucuman, Argentina, Qualifying",187572,Challenger,Red clay,Qualification Round 1,16:30,Nicolas Villalon Valdes,395251,Gonzalo Zeitune,396004
2026-06-07,"Foggia, Italy",186320,WTA 125,Red clay,Final,16:30,Leyre Romero Gormaz,236833,Tyra Caterina Grant,460330
2026-06-07,"UTR PTT Newport Beach Men 13, 1-4 Playoff",187497,UTR Men,Hardcourt outdoor,Final,16:30,Vasco Leote Prata,376431,Matic Kriznik,420969
2026-06-07,"UTR PTT Newport Beach Men 13, 5-8 Playoff",187500,UTR Men,Hardcourt outdoor,Final,16:30,Patricio Alvarado,16311,David Duong,418895
2026-06-07,"UTR PTT Newport Beach Women 13, 1-4 Playoff",187491,UTR Women,Hardcourt outdoor,Final,16:30,Alina Shcherbinina,295045,Veronica Miroshnichenko,130628
2026-06-07,"UTR PTT Newport Beach Women 13, 5-8 Playoff",187492,UTR Women,Hardcourt outdoor,Final,16:30,Skylar Kasday,1138495,Letizia Corsini,299716
2026-06-07,"UTR PTT Newport Beach Women 13, 9-12 Playoff",187493,UTR Women,Hardcourt outdoor,Final,16:30,Gabriella Vannessa Lindgren,449838,Kingsley Wolf,1129196
2026-06-07,"Tyler, USA",186725,Challenger,Hardcourt outdoor,Final,17:00,Adam Walton,207575,Andre Ilagan,244985
2026-06-07,"ITF M15 Lakewood, CA 2 Men",186383,ITF Men,Hardcourt outdoor,Final,17:00,Oliver Bonding,478944,Oliver Ojakäär,398073
2026-06-07,"ITF W15 Lakewood, CA 2 Women",186402,ITF Women,Hardcourt outdoor,Final,17:00,Kristina Penickova,489712,Mayu Crossley,450750
2026-06-07,"UTR PTT Newport Beach Men 13, 13-16 Playoff",187502,UTR Men,Hardcourt outdoor,Final,17:40,Jonathan Irwanto,406834,Emmett Potter,496774
2026-06-07,"UTR PTT Newport Beach Men 13, 17-20 Playoff",187503,UTR Men,Hardcourt outdoor,Final,17:40,Rui Ning Huang,483218,Rohan Sachdev,522418
2026-06-07,"UTR PTT Newport Beach Women 13, 13-16 Playoff",187494,UTR Women,Hardcourt outdoor,Final,17:40,Anastasia Malysheva,933880,Emily Golovanov,1046934
2026-06-07,"UTR PTT Newport Beach Women 13, 17-20 Playoff",187496,UTR Women,Hardcourt outdoor,Final,17:40,Sophia Dumitrascu,1120114,Alexandra Wolf,523904
2026-06-07,"Makarska, Croatia",186355,WTA 125,Red clay,Final,18:00,Darja Semenistaja,314519,Maria Timofeeva,293867
2026-06-07,ITF W35 Cuiaba Women,162322,ITF Women,Arcilla,Qualifications,18:00,Beatriz Guerra,477370,Daniela Teodoro Souza,1149881
2026-06-07,ITF W35 Cuiaba Women,162322,ITF Women,Arcilla,Qualifications,18:00,Heydi Doldan,269294,Livia Santo,1125259
2026-06-07,ITF W35 Cuiaba Women,162322,ITF Women,Arcilla,Qualifications,18:00,Mariana de Jesus Ribeiro Silveira,1021233,Beatriz Nahmias Melo Rodrigues,1131921
2026-06-07,"UTR PTT Newport Beach Men 13, 9-12 Playoff",187498,UTR Men,Hardcourt outdoor,Final,18:00,Max Fardanesh,482677,Robert Yang,1162167
2026-06-07,"Perugia, Italy",186308,Challenger,Red clay,Final,18:30,Henrique Rocha,341820,Daniel Merida,338890
2026-06-07,ITF W35 Cuiaba Women,162322,ITF Women,Arcilla,Qualifications,20:00,Mariana Soares,509668,Mayra Arce Gonzalez,404015
2026-06-07,ITF W35 Cuiaba Women,162322,ITF Women,Arcilla,Qualifications,20:00,Mia Popović,400670,Chiara Di Genova,302595
2026-06-07,ITF M25 Cuiaba Men,162990,ITF Men,Arcilla,Final,22:00,Carlos Maria Zarate,511702,Nick Hardt,186885
2026-06-07,ITF W35 Cuiaba Women,162322,ITF Women,Arcilla,Qualifications,22:00,Carolina Xavier Laydner,396382,Isadora Sigrist,1174758
2026-06-07,ITF W35 Cuiaba Women,162322,ITF Women,Arcilla,Qualifications,22:00,Luiza Eidelvein,405604,Priyanka Rodricks,247776
2026-06-07,ITF W35 Cuiaba Women,162322,ITF Women,Arcilla,Qualifications,22:00,Maria Luisa Oliveira,399623,Sofia Carez,1143586
2026-06-08,"UTR PTT Glyfada Men 01, Group A",187404,UTR Men,Desconocida,,07:00,Andreas Loizas,455677,Christos Glavas,457148
2026-06-08,"UTR PTT Glyfada Men 01, Group A",187404,UTR Men,Desconocida,,07:00,Andreas Loizas,455677,Jake Dembo,485616
2026-06-08,"UTR PTT Glyfada Men 01, Group A",187404,UTR Men,Desconocida,,07:00,Andreas Loizas,455677,Wojciech Marek,257864
2026-06-08,"UTR PTT Glyfada Men 01, Group A",187404,UTR Men,Desconocida,,07:00,Christos Glavas,457148,Jake Dembo,485616
2026-06-08,"UTR PTT Glyfada Men 01, Group A",187404,UTR Men,Desconocida,,07:00,Wojciech Marek,257864,Christos Glavas,457148
2026-06-08,"UTR PTT Glyfada Men 01, Group A",187404,UTR Men,Desconocida,,07:00,Wojciech Marek,257864,Jake Dembo,485616
2026-06-08,"UTR PTT Glyfada Men 01, Group A",187404,UTR Men,Desconocida,,07:00,Zen Uehling,1135567,Wojciech Marek,257864
2026-06-08,"UTR PTT Glyfada Men 01, Group A",187404,UTR Men,Desconocida,,07:00,Zen Uehling,1135567,Jake Dembo,485616
2026-06-08,"UTR PTT Glyfada Men 01, Group A",187404,UTR Men,Desconocida,,07:00,Zen Uehling,1135567,Andreas Loizas,455677
2026-06-08,"UTR PTT Glyfada Men 01, Group A",187404,UTR Men,Desconocida,,07:00,Zen Uehling,1135567,Christos Glavas,457148
2026-06-08,"UTR PTT Glyfada Men 01, Group B",187403,UTR Men,Desconocida,,07:00,Alexandre Verlaguet,1102026,Mateusz Miton,1124110
2026-06-08,"UTR PTT Glyfada Men 01, Group B",187403,UTR Men,Desconocida,,07:00,Azariah Rusher,457271,Alexandre Verlaguet,1102026
2026-06-08,"UTR PTT Glyfada Men 01, Group B",187403,UTR Men,Desconocida,,07:00,Azariah Rusher,457271,Mateusz Miton,1124110
2026-06-08,"UTR PTT Glyfada Men 01, Group B",187403,UTR Men,Desconocida,,07:00,Azariah Rusher,457271,George Chaidemenos,398755
2026-06-08,"UTR PTT Glyfada Men 01, Group B",187403,UTR Men,Desconocida,,07:00,Azariah Rusher,457271,Odysseas Geladaris,932313
2026-06-08,"UTR PTT Glyfada Men 01, Group B",187403,UTR Men,Desconocida,,07:00,George Chaidemenos,398755,Mateusz Miton,1124110
2026-06-08,"UTR PTT Glyfada Men 01, Group B",187403,UTR Men,Desconocida,,07:00,George Chaidemenos,398755,Alexandre Verlaguet,1102026
2026-06-08,"UTR PTT Glyfada Men 01, Group B",187403,UTR Men,Desconocida,,07:00,Odysseas Geladaris,932313,Mateusz Miton,1124110
2026-06-08,"UTR PTT Glyfada Men 01, Group B",187403,UTR Men,Desconocida,,07:00,Odysseas Geladaris,932313,George Chaidemenos,398755
2026-06-08,"UTR PTT Glyfada Men 01, Group B",187403,UTR Men,Desconocida,,07:00,Odysseas Geladaris,932313,Alexandre Verlaguet,1102026
2026-06-08,"UTR PTT Glyfada Men 01, Group C",187408,UTR Men,Desconocida,,07:00,Alp Horoz,53184,Eyal Shyovitz,415713
2026-06-08,"UTR PTT Glyfada Men 01, Group C",187408,UTR Men,Desconocida,,07:00,Alp Horoz,53184,Raghav Jaisinghani,221328
2026-06-08,"UTR PTT Glyfada Men 01, Group C",187408,UTR Men,Desconocida,,07:00,Alp Horoz,53184,Asaf Friedler,257532
2026-06-08,"UTR PTT Glyfada Men 01, Group C",187408,UTR Men,Desconocida,,07:00,Asaf Friedler,257532,Eyal Shyovitz,415713
2026-06-08,"UTR PTT Glyfada Men 01, Group C",187408,UTR Men,Desconocida,,07:00,Ioannis Kountourakis,277721,Eyal Shyovitz,415713
2026-06-08,"UTR PTT Glyfada Men 01, Group C",187408,UTR Men,Desconocida,,07:00,Ioannis Kountourakis,277721,Raghav Jaisinghani,221328
2026-06-08,"UTR PTT Glyfada Men 01, Group C",187408,UTR Men,Desconocida,,07:00,Ioannis Kountourakis,277721,Alp Horoz,53184
2026-06-08,"UTR PTT Glyfada Men 01, Group C",187408,UTR Men,Desconocida,,07:00,Ioannis Kountourakis,277721,Asaf Friedler,257532
2026-06-08,"UTR PTT Glyfada Men 01, Group C",187408,UTR Men,Desconocida,,07:00,Raghav Jaisinghani,221328,Asaf Friedler,257532
2026-06-08,"UTR PTT Glyfada Men 01, Group C",187408,UTR Men,Desconocida,,07:00,Raghav Jaisinghani,221328,Eyal Shyovitz,415713
2026-06-08,"UTR PTT Glyfada Men 01, Group D",187406,UTR Men,Desconocida,,07:00,Andreas Messis,1081487,Georgios Nouchakis,381838
2026-06-08,"UTR PTT Glyfada Men 01, Group D",187406,UTR Men,Desconocida,,07:00,Juan Pablo Valdez Guzon,554283,Georgios Nouchakis,381838
2026-06-08,"UTR PTT Glyfada Men 01, Group D",187406,UTR Men,Desconocida,,07:00,Juan Pablo Valdez Guzon,554283,Andreas Messis,1081487
2026-06-08,"UTR PTT Glyfada Men 01, Group D",187406,UTR Men,Desconocida,,07:00,Juan Pablo Valdez Guzon,554283,Kotaro Mochizuki,1046237
2026-06-08,"UTR PTT Glyfada Men 01, Group D",187406,UTR Men,Desconocida,,07:00,Kotaro Mochizuki,1046237,Andreas Messis,1081487
2026-06-08,"UTR PTT Glyfada Men 01, Group D",187406,UTR Men,Desconocida,,07:00,Kotaro Mochizuki,1046237,Georgios Nouchakis,381838
2026-06-08,"UTR PTT Glyfada Men 01, Group D",187406,UTR Men,Desconocida,,07:00,Nikolaos Koutroubis,1170260,Kotaro Mochizuki,1046237
2026-06-08,"UTR PTT Glyfada Men 01, Group D",187406,UTR Men,Desconocida,,07:00,Nikolaos Koutroubis,1170260,Georgios Nouchakis,381838
2026-06-08,"UTR PTT Glyfada Men 01, Group D",187406,UTR Men,Desconocida,,07:00,Nikolaos Koutroubis,1170260,Andreas Messis,1081487
2026-06-08,"UTR PTT Glyfada Men 01, Group D",187406,UTR Men,Desconocida,,07:00,Nikolaos Koutroubis,1170260,Juan Pablo Valdez Guzon,554283
2026-06-08,"UTR PTT Glyfada Women 01, Group A",187410,UTR Women,Desconocida,,07:00,Anastasiya Kuparev,370700,Eleni Tsetsou,935227
2026-06-08,"UTR PTT Glyfada Women 01, Group A",187410,UTR Women,Desconocida,,07:00,Anastasiya Kuparev,370700,Given Roach,412574
2026-06-08,"UTR PTT Glyfada Women 01, Group A",187410,UTR Women,Desconocida,,07:00,Anastasiya Kuparev,370700,Iulia Andreea Ionescu,401341
2026-06-08,"UTR PTT Glyfada Women 01, Group A",187410,UTR Women,Desconocida,,07:00,Anastasiya Kuparev,370700,Denise Hrdinkova,375538
2026-06-08,"UTR PTT Glyfada Women 01, Group A",187410,UTR Women,Desconocida,,07:00,Denise Hrdinkova,375538,Given Roach,412574
2026-06-08,"UTR PTT Glyfada Women 01, Group A",187410,UTR Women,Desconocida,,07:00,Eleni Tsetsou,935227,Given Roach,412574
2026-06-08,"UTR PTT Glyfada Women 01, Group A",187410,UTR Women,Desconocida,,07:00,Eleni Tsetsou,935227,Denise Hrdinkova,375538
2026-06-08,"UTR PTT Glyfada Women 01, Group A",187410,UTR Women,Desconocida,,07:00,Eleni Tsetsou,935227,Iulia Andreea Ionescu,401341
2026-06-08,"UTR PTT Glyfada Women 01, Group A",187410,UTR Women,Desconocida,,07:00,Iulia Andreea Ionescu,401341,Denise Hrdinkova,375538
2026-06-08,"UTR PTT Glyfada Women 01, Group A",187410,UTR Women,Desconocida,,07:00,Iulia Andreea Ionescu,401341,Given Roach,412574
2026-06-08,"UTR PTT Glyfada Women 01, Group B",187415,UTR Women,Desconocida,,07:00,Divna Ratkovic,283811,Marianthi Christoforidou,456082
2026-06-08,"UTR PTT Glyfada Women 01, Group B",187415,UTR Women,Desconocida,,07:00,Divna Ratkovic,283811,Styliani Roussopoulou,402452
2026-06-08,"UTR PTT Glyfada Women 01, Group B",187415,UTR Women,Desconocida,,07:00,Gabriella Goyins,1235028,Divna Ratkovic,283811
2026-06-08,"UTR PTT Glyfada Women 01, Group B",187415,UTR Women,Desconocida,,07:00,Gabriella Goyins,1235028,Marianthi Christoforidou,456082
2026-06-08,"UTR PTT Glyfada Women 01, Group B",187415,UTR Women,Desconocida,,07:00,Gabriella Goyins,1235028,Styliani Roussopoulou,402452
2026-06-08,"UTR PTT Glyfada Women 01, Group B",187415,UTR Women,Desconocida,,07:00,Styliani Roussopoulou,402452,Marianthi Christoforidou,456082
2026-06-08,"UTR PTT Glyfada Women 01, Group B",187415,UTR Women,Desconocida,,07:00,Vilma Krebs Hyllested,387968,Gabriella Goyins,1235028
2026-06-08,"UTR PTT Glyfada Women 01, Group B",187415,UTR Women,Desconocida,,07:00,Vilma Krebs Hyllested,387968,Divna Ratkovic,283811
2026-06-08,"UTR PTT Glyfada Women 01, Group B",187415,UTR Women,Desconocida,,07:00,Vilma Krebs Hyllested,387968,Marianthi Christoforidou,456082
2026-06-08,"UTR PTT Glyfada Women 01, Group B",187415,UTR Women,Desconocida,,07:00,Vilma Krebs Hyllested,387968,Styliani Roussopoulou,402452
2026-06-08,"UTR PTT Glyfada Women 01, Group C",187414,UTR Women,Desconocida,,07:00,Anjali Kotecha,475218,Ece Gencer,397923
2026-06-08,"UTR PTT Glyfada Women 01, Group C",187414,UTR Women,Desconocida,,07:00,Anjali Kotecha,475218,Aryana Bartlett,410569
2026-06-08,"UTR PTT Glyfada Women 01, Group C",187414,UTR Women,Desconocida,,07:00,Anjali Kotecha,475218,Sara Victoria Balan,517900
2026-06-08,"UTR PTT Glyfada Women 01, Group C",187414,UTR Women,Desconocida,,07:00,Anjali Kotecha,475218,Lilly Cvanciger,1110722
2026-06-08,"UTR PTT Glyfada Women 01, Group C",187414,UTR Women,Desconocida,,07:00,Aryana Bartlett,410569,Lilly Cvanciger,1110722
2026-06-08,"UTR PTT Glyfada Women 01, Group C",187414,UTR Women,Desconocida,,07:00,Aryana Bartlett,410569,Sara Victoria Balan,517900
2026-06-08,"UTR PTT Glyfada Women 01, Group C",187414,UTR Women,Desconocida,,07:00,Aryana Bartlett,410569,Ece Gencer,397923
2026-06-08,"UTR PTT Glyfada Women 01, Group C",187414,UTR Women,Desconocida,,07:00,Ece Gencer,397923,Sara Victoria Balan,517900
2026-06-08,"UTR PTT Glyfada Women 01, Group C",187414,UTR Women,Desconocida,,07:00,Lilly Cvanciger,1110722,Sara Victoria Balan,517900
2026-06-08,"UTR PTT Glyfada Women 01, Group C",187414,UTR Women,Desconocida,,07:00,Lilly Cvanciger,1110722,Ece Gencer,397923
2026-06-08,"UTR PTT Glyfada Women 01, Group D",187412,UTR Women,Desconocida,,07:00,Artemis Aslanisvili,455196,Ema Mravcova,496741
2026-06-08,"UTR PTT Glyfada Women 01, Group D",187412,UTR Women,Desconocida,,07:00,Artemis Aslanisvili,455196,Foteini-Nefeli Fasoula,1095861
2026-06-08,"UTR PTT Glyfada Women 01, Group D",187412,UTR Women,Desconocida,,07:00,Athina Pitta,338992,Artemis Aslanisvili,455196
2026-06-08,"UTR PTT Glyfada Women 01, Group D",187412,UTR Women,Desconocida,,07:00,Athina Pitta,338992,Ema Mravcova,496741
2026-06-08,"UTR PTT Glyfada Women 01, Group D",187412,UTR Women,Desconocida,,07:00,Athina Pitta,338992,Foteini-Nefeli Fasoula,1095861
2026-06-08,"UTR PTT Glyfada Women 01, Group D",187412,UTR Women,Desconocida,,07:00,Elizabeth Ivanov,422692,Ema Mravcova,496741
2026-06-08,"UTR PTT Glyfada Women 01, Group D",187412,UTR Women,Desconocida,,07:00,Elizabeth Ivanov,422692,Foteini-Nefeli Fasoula,1095861
2026-06-08,"UTR PTT Glyfada Women 01, Group D",187412,UTR Women,Desconocida,,07:00,Elizabeth Ivanov,422692,Athina Pitta,338992
2026-06-08,"UTR PTT Glyfada Women 01, Group D",187412,UTR Women,Desconocida,,07:00,Elizabeth Ivanov,422692,Artemis Aslanisvili,455196
2026-06-08,"UTR PTT Glyfada Women 01, Group D",187412,UTR Women,Desconocida,,07:00,Ema Mravcova,496741,Foteini-Nefeli Fasoula,1095861
2026-06-08,"S-Hertogenbosch, Netherlands",187096,ATP,Hierba,Round of 32,08:00,Gabriel Diallo,280151,Adrian Mannarino,15894
2026-06-08,"S-Hertogenbosch, Netherlands",187096,ATP,Hierba,Round of 32,08:00,Hubert Hurkacz,158896,Marton Fucsovics,47770
2026-06-08,"S-Hertogenbosch, Netherlands",187096,ATP,Hierba,Round of 32,08:00,Marin Čilić,15387,Denis Shapovalov,117916
2026-06-08,"S-Hertogenbosch, Netherlands",187096,ATP,Hierba,Round of 32,08:00,Nuno Borges,125006,Terence Atmane,273679
2026-06-08,"S-Hertogenbosch, Netherlands",187096,ATP,Hierba,Round of 32,08:00,Otto Virtanen,229218,Kamil Majchrzak,108709
2026-06-08,"S-Hertogenbosch, Netherlands",187096,ATP,Hierba,Round of 32,08:00,Tallon Griekspoor,122368,Botic Van de Zandschulp,102339
2026-06-08,"S-Hertogenbosch, Netherlands",187096,ATP,Hierba,Round of 32,08:00,Thijs Boogaard,482155,Yibing Wu,194186
2026-06-08,"S-Hertogenbosch, Netherlands",187096,ATP,Hierba,Round of 32,08:00,Zhizhen Zhang,75813,Jenson Brooksby,191873
2026-06-08,"S-Hertogenbosch, Netherlands",187111,WTA,Hierba,Round of 32,08:00,Anastasia Potapova,210831,Suzan Lamens,199509
2026-06-08,"S-Hertogenbosch, Netherlands",187111,WTA,Hierba,Round of 32,08:00,Barbora Krejčiková,60398,Renata Zarazua,111189
2026-06-08,"S-Hertogenbosch, Netherlands",187111,WTA,Hierba,Round of 32,08:00,Bianca Andreescu,202924,Elise Mertens,78551
2026-06-08,"S-Hertogenbosch, Netherlands",187111,WTA,Hierba,Round of 32,08:00,Daria Snigur,267148,Paula Badosa,69050
2026-06-08,"S-Hertogenbosch, Netherlands",187111,WTA,Hierba,Round of 32,08:00,Dayana Yastremska,189986,Sara Bejlek,360184
2026-06-08,"S-Hertogenbosch, Netherlands",187111,WTA,Hierba,Round of 32,08:00,Ekaterina Alexandrova,67759,Panna Udvardy,218347
2026-06-08,"S-Hertogenbosch, Netherlands",187111,WTA,Hierba,Round of 32,08:00,Emma Navarro,207979,Catherine McNally,220592
2026-06-08,"S-Hertogenbosch, Netherlands",187111,WTA,Hierba,Round of 32,08:00,Jessica Bouzas Maneiro,275105,Ajla Tomljanović,34486
2026-06-08,"S-Hertogenbosch, Netherlands",187111,WTA,Hierba,Round of 32,08:00,Lois Boisson,293708,Solana Sierra,298913
2026-06-08,"S-Hertogenbosch, Netherlands",187111,WTA,Hierba,Round of 32,08:00,Magda Linette,42289,Kimberly Birrell,105099
2026-06-08,"S-Hertogenbosch, Netherlands",187111,WTA,Hierba,Round of 32,08:00,Mia Pohankova,496742,Clara Tauson,252168
2026-06-08,"S-Hertogenbosch, Netherlands",187111,WTA,Hierba,Round of 32,08:00,Tamara Korpatsch,69988,Elena-Gabriela Ruse,103901
2026-06-08,"S-Hertogenbosch, Netherlands, Doubles",187100,ATP,Hierba,Round of 16,08:00,Arribage T / Olivetti A,1133433,Borges N / Polmans M,1235294
2026-06-08,"S-Hertogenbosch, Netherlands, Doubles",187100,ATP,Hierba,Round of 16,08:00,Auger-Aliassime F / Shapovalov D,215546,Nouza P / Oberleitner N,1220251
2026-06-08,"S-Hertogenbosch, Netherlands, Doubles",187100,ATP,Hierba,Round of 16,08:00,Bergs Z / Rinderknech A,1214650,Galloway R / Peers J,1214513
2026-06-08,"S-Hertogenbosch, Netherlands, Doubles",187100,ATP,Hierba,Round of 16,08:00,Diallo G / Hurkacz H,1235291,Bhambri Y / Venus M,106573
2026-06-08,"S-Hertogenbosch, Netherlands, Doubles",187100,ATP,Hierba,Round of 16,08:00,Gille S / Verbeek S,321984,Pavlasek A / Rikl P,1210103
2026-06-08,"S-Hertogenbosch, Netherlands, Doubles",187100,ATP,Hierba,Round of 16,08:00,Goransson A / King E,1211836,Balaji N S / Ram R,1235293
2026-06-08,"S-Hertogenbosch, Netherlands, Doubles",187100,ATP,Hierba,Round of 16,08:00,Griekspoor T / Van De Zandschulp B,332543,Cash R / Tracy J,400848
2026-06-08,"S-Hertogenbosch, Netherlands, Doubles",187100,ATP,Hierba,Round of 16,08:00,Loof T / Veldheer M,1235292,Arends S / Pel D,309577
2026-06-08,"Lyon, France",187118,Challenger,Red clay,Round of 32,08:00,Calvin Hemery,81271,Alejandro Moro Canas,250857
2026-06-08,"Lyon, France",187118,Challenger,Red clay,Round of 32,08:00,Hugo Grenier,107357,Luca Van Assche,335102
2026-06-08,"Lyon, France",187118,Challenger,Red clay,Round of 32,08:00,Laslo Djere,97231,Kimmer Coppejans,54955
2026-06-08,"Lyon, France",187118,Challenger,Red clay,Round of 32,08:00,Lorenzo Giustino,48626,Daniel Rincon,307391
2026-06-08,"Lyon, France",187118,Challenger,Red clay,Round of 32,08:00,Luka Pavlovic,224534,Daniel Elahi Galan,92074
2026-06-08,"Lyon, France",187118,Challenger,Red clay,Round of 32,08:00,Marco Trungelliti,38517,Pavel Kotov,203258
2026-06-08,"Lyon, France",187118,Challenger,Red clay,Round of 32,08:00,Miguel Damas,192862,Vilius Gaubas,322022
2026-06-08,"Lyon, France",187118,Challenger,Red clay,Round of 32,08:00,Pol Martin Tiffon,217448,Dali Blanch,318573
2026-06-08,"Lyon, France",187118,Challenger,Red clay,Round of 32,08:00,Robin Bertrand,340742,Nikolas Sanchez Izquierdo,193644
2026-06-08,"Lyon, France",187118,Challenger,Red clay,Round of 32,08:00,Sascha Gueymard Wayenburg,340741,Clement Tabur,206602
2026-06-08,"Lyon, France",187118,Challenger,Red clay,Round of 32,08:00,Thomas Faurel,462179,Florent Bax,226806
2026-06-08,"Lyon, France, Doubles",187119,Challenger,Red clay,Round of 16,08:00,Balshaw F / Martineau M,1235323,Blancaneaux G / Poullain L,1235324
2026-06-08,"Lyon, France, Doubles",187119,Challenger,Red clay,Round of 16,08:00,Bertrand R / Bittoun Kouzmine C,1235321,Pujol Navarro B / Vega Hernandez D,1141960
2026-06-08,"Lyon, France, Doubles",187119,Challenger,Red clay,Round of 16,08:00,Dev S D P / Sinha N K,205932,Martinez P / Sanchez Izquierdo N,1235325
2026-06-08,"Lyon, France, Doubles",187119,Challenger,Red clay,Round of 16,08:00,Isaro PR / Kaliyanda Poonacha N,1120251,Mansilla Diez M / Winter López B,415085
2026-06-08,"Lyon, France, Doubles",187119,Challenger,Red clay,Round of 16,08:00,Kestelboim M / Reyes-Varela M,1133494,Arias B / Ingildsen J,1137601
2026-06-08,"Lyon, France, Doubles",187119,Challenger,Red clay,Round of 16,08:00,Malige M / Malige N,482107,Goldhoff G / Harper C,1232901
2026-06-08,"Lyon, France, Doubles",187119,Challenger,Red clay,Round of 16,08:00,Mansouri S / Neuchrist M,453326,Kielan S / Romios M C,1232878
2026-06-08,"Lyon, France, Doubles",187119,Challenger,Red clay,Round of 16,08:00,Ruehl T / Wehnelt K,826016,Gomez G / Shugar A,1235322
2026-06-08,"Bratislava, Slovakia",187108,Challenger,Red clay,Round of 32,08:30,Alex Molčan,145130,Petr Brunclik,414847
2026-06-08,"Bratislava, Slovakia",187108,Challenger,Red clay,Round of 32,08:30,Alexander Shevchenko,264344,Filip Cristian Jianu,230049
2026-06-08,"Bratislava, Slovakia",187108,Challenger,Red clay,Round of 32,08:30,Federico Cinà,421761,Marko Topo,348701
2026-06-08,"Bratislava, Slovakia",187108,Challenger,Red clay,Round of 32,08:30,Genaro Alberto Olivieri,169486,Chun-Hsin Tseng,207034
2026-06-08,"Bratislava, Slovakia",187108,Challenger,Red clay,Round of 32,08:30,Joao Lucas Reis da Silva,212762,Alexander Donski,163538
2026-06-08,"Bratislava, Slovakia",187108,Challenger,Red clay,Round of 32,08:30,Lukas Pokorny,349488,Alex Barrena,303307
2026-06-08,"Bratislava, Slovakia",187108,Challenger,Red clay,Round of 32,08:30,Norbert Gombos,50139,Jan Choinski,105607
2026-06-08,"Bratislava, Slovakia",187108,Challenger,Red clay,Round of 32,08:30,Pedro Boscardin Dias,284096,Emilio Nava,232057
2026-06-08,"Bratislava, Slovakia",187108,Challenger,Red clay,Round of 32,08:30,Thanasi Kokkinakis,71280,Tomás Barrios Vera,132834
2026-06-08,"Bratislava, Slovakia",187108,Challenger,Red clay,Round of 32,08:30,Vitaliy Sachko,100069,Yosuke Watanuki,157302
2026-06-08,"Bratislava, Slovakia",187108,Challenger,Red clay,Round of 32,08:30,Zdenek Kolar,132558,Jason Jung,63446
2026-06-08,"Cattolica, Italy",187123,Challenger,Desconocida,Round of 32,08:30,Alvaro Guillen Meza,269909,Ilia Simakin,342909
2026-06-08,"Cattolica, Italy",187123,Challenger,Desconocida,Round of 32,08:30,Andrea Guerrieri,190877,Dalibor Svrčina,260122
2026-06-08,"Cattolica, Italy",187123,Challenger,Desconocida,Round of 32,08:30,Dušan Lajović,39234,Jonas Forejtek,269291
2026-06-08,"Cattolica, Italy",187123,Challenger,Desconocida,Round of 32,08:30,Jesper De Jong,244420,Ognjen Milić,479273
2026-06-08,"Cattolica, Italy",187123,Challenger,Desconocida,Round of 32,08:30,Liam Broady,47764,Alexander Vasilev,420967
2026-06-08,"Cattolica, Italy",187123,Challenger,Desconocida,Round of 32,08:30,Luka Mikrut,349090,Ioannis Xilas,317445
2026-06-08,"Cattolica, Italy",187123,Challenger,Desconocida,Round of 32,08:30,Maks Kasnikowski,342835,Enrico Dalla Valle,106153
2026-06-08,"Cattolica, Italy",187123,Challenger,Desconocida,Round of 32,08:30,Max Hans Rehberg,300293,Stefano Travaglia,36300
2026-06-08,"Cattolica, Italy",187123,Challenger,Desconocida,Round of 32,08:30,Michele Ribecai,462168,Franco Agamenone,65606
2026-06-08,"Cattolica, Italy",187123,Challenger,Desconocida,Round of 32,08:30,Pierluigi Basile,524820,Raul Brancaccio,201847
2026-06-08,"Bratislava, Slovakia, Doubles",187109,Challenger,Red clay,Round of 16,08:30,Barton H / Duda F,1235277,Liutarevich I / Pieczonka F,1171958
2026-06-08,"Bratislava, Slovakia, Doubles",187109,Challenger,Red clay,Round of 16,08:30,Donski A / Paulson A,1235280,Pokorny L / Sachko V,1232883
2026-06-08,"Bratislava, Slovakia, Doubles",187109,Challenger,Red clay,Round of 16,08:30,Drzewiecki K / Matuszewski P,349822,Barrena A / Nava E,1232899
2026-06-08,"Bratislava, Slovakia, Doubles",187109,Challenger,Red clay,Round of 16,08:30,Gadamauri B / Pereira T,1235278,Lammons N / Withrow J,315019
2026-06-08,"Bratislava, Slovakia, Doubles",187109,Challenger,Red clay,Round of 16,08:30,Kolar Z / Poljak D,155532,Cervantes I / Molchanov D,1084484
2026-06-08,"Bratislava, Slovakia, Doubles",187109,Challenger,Red clay,Round of 16,08:30,Kovalik J / Martin A,60234,Krajci M / Lanik T,1235281
2026-06-08,"Bratislava, Slovakia, Doubles",187109,Challenger,Red clay,Round of 16,08:30,P. B. Dias / J. L. R. D. Silva,465972,Jung J / Uesugi K,1162196
2026-06-08,"Bratislava, Slovakia, Doubles",187109,Challenger,Red clay,Round of 16,08:30,Vocel M / Winegar T,1235279,Karol M / Serdarusic N,1229806
2026-06-08,"Cattolica, Italy, Doubles",187124,Challenger,Desconocida,Round of 16,08:30,Agostini S / Cook E,1235285,Carballes Baena R / Martos Gornes S,1235286
2026-06-08,"Cattolica, Italy, Doubles",187124,Challenger,Desconocida,Round of 16,08:30,Bondioli F / Brancaccio R,1235289,Dalla Valle E / Mecarelli M,1235290
2026-06-08,"Cattolica, Italy, Doubles",187124,Challenger,Desconocida,Round of 16,08:30,Bueno G / Guillen Meza A,400862,Kalyanpur A / Taylor J,1235283
2026-06-08,"Cattolica, Italy, Doubles",187124,Challenger,Desconocida,Round of 16,08:30,Cornea V / Cukierman D,1235287,Genov A / Whitehouse M,1235288
2026-06-08,"Cattolica, Italy, Doubles",187124,Challenger,Desconocida,Round of 16,08:30,De Jong J / Hermans M,476124,Kadhe A / Zormann M,1229851
2026-06-08,"Cattolica, Italy, Doubles",187124,Challenger,Desconocida,Round of 16,08:30,Forti F / Ricca G,491031,Broady L / Simakin I,1235284
2026-06-08,"Cattolica, Italy, Doubles",187124,Challenger,Desconocida,Round of 16,08:30,Jecan A / Pavel B,1089431,Logrippo M / Ricci P,1235275
2026-06-08,"Cattolica, Italy, Doubles",187124,Challenger,Desconocida,Round of 16,08:30,Kalender A / Sabanov I,1232885,Grevelius E / Heinonen A,482931
2026-06-08,"Stuttgart, Germany",187102,ATP,Hierba,Round of 32,09:00,Alejandro Davidovich Fokina,157456,Mattia Bellucci,294337
2026-06-08,"Stuttgart, Germany",187102,ATP,Hierba,Round of 32,09:00,Daniel Altmaier,127208,Frances Tiafoe,101101
2026-06-08,"Stuttgart, Germany",187102,ATP,Hierba,Round of 32,09:00,Diego Dedura-Palomero,484219,James Duckworth,39711
2026-06-08,"Stuttgart, Germany",187102,ATP,Hierba,Round of 32,09:00,Nick Kyrgios,62490,Corentin Moutet,175014
2026-06-08,"Stuttgart, Germany",187102,ATP,Hierba,Round of 32,09:00,Roberto Bautista Agut,16720,Marcos Giron,42379
2026-06-08,"Stuttgart, Germany",187102,ATP,Hierba,Round of 32,09:00,Tom Gentzsch,380042,Rinky Hijikata,237452
2026-06-08,"Stuttgart, Germany",187102,ATP,Hierba,Round of 32,09:00,Tommy Paul,138546,Giovanni Mpetshi Perricard,289146
2026-06-08,"Stuttgart, Germany",187102,ATP,Hierba,Round of 32,09:00,Yannick Hanfmann,47975,Aleksandar Kovacevic,187608
2026-06-08,"London, Great Britain",187125,WTA,Hierba,Round of 32,09:00,Harriet Dart,53789,Liudmila Samsonova,128584
2026-06-08,"London, Great Britain",187125,WTA,Hierba,Round of 32,09:00,Karolína Plíšková,20732,McCartney Kessler,233214
2026-06-08,"London, Great Britain",187125,WTA,Hierba,Round of 32,09:00,Katie Boulter,62924,Leylah Fernandez,250279
2026-06-08,"London, Great Britain",187125,WTA,Hierba,Round of 32,09:00,Laura Siegemund,37508,Francesca Jones,193290
2026-06-08,"London, Great Britain",187125,WTA,Hierba,Round of 32,09:00,Mika Stojsavljevic,460490,Marta Kostyuk,230056
2026-06-08,"London, Great Britain",187125,WTA,Hierba,Round of 32,09:00,Qinwen Zheng,257784,Jaqueline Cristian,72758
2026-06-08,"Stuttgart, Germany, Doubles",187104,ATP,Hierba,Round of 16,09:00,Bublik A / Kyrgios N,418016,Paul J / Seggerman R,1235263
2026-06-08,"Stuttgart, Germany, Doubles",187104,ATP,Hierba,Round of 16,09:00,Cabral F / Mektic N,1235265,Hidalgo D / Trhac P,1096221
2026-06-08,"Stuttgart, Germany, Doubles",187104,ATP,Hierba,Round of 16,09:00,Frantzen C / Haase R,1107483,Lehecka J / Moutet C,1235259
2026-06-08,"Stuttgart, Germany, Doubles",187104,ATP,Hierba,Round of 16,09:00,Hanfmann Y / Struff J,404220,Doumbia S / Gonzalez S,1232922
2026-06-08,"Stuttgart, Germany, Doubles",187104,ATP,Hierba,Round of 16,09:00,Kirkov V / Miedler L,1235262,Demoliner M / Melo M,276281
2026-06-08,"Stuttgart, Germany, Doubles",187104,ATP,Hierba,Round of 16,09:00,Reymond A / Sanchez L,413331,Altmaier D / Jebens H,1235264
2026-06-08,"Stuttgart, Germany, Doubles",187104,ATP,Hierba,Round of 16,09:00,Romboli F / Smith J-P,1080114,Luz O / Matos R,311665
2026-06-08,"Stuttgart, Germany, Doubles",187104,ATP,Hierba,Round of 16,09:00,Schnaitter J / Wallner M,447607,Paul T / Shelton B,467263
2026-06-08,"London, Great Britain, Doubles",187129,WTA,Hierba,Round of 16,09:00,Danilina A / Krunic A,421754,Eikeri U / Gleason Q,381165
2026-06-08,"London, Great Britain, Doubles",187129,WTA,Hierba,Round of 16,09:00,Fernandez L / Siegemund L,1235413,Panova A / Schuurs D,1235414
2026-06-08,"London, Great Britain, Doubles",187129,WTA,Hierba,Round of 16,09:00,Guo H / Mladenovic K,1162205,Muhammad A / Stollar F,308270
2026-06-08,"London, Great Britain, Doubles",187129,WTA,Hierba,Round of 16,09:00,Jovic I / Kessler M,1235410,Kichenok L / Krawczyk D,330395
2026-06-08,"London, Great Britain, Doubles",187129,WTA,Hierba,Round of 16,09:00,Jurak D / Rosolska A,332569,Mihalikova T / Nicholls O,523466
2026-06-08,"London, Great Britain, Doubles",187129,WTA,Hierba,Round of 16,09:00,Kato M / Samsonova L,1212165,Dabrowski G / Stefani L,368858
2026-06-08,"London, Great Britain, Doubles",187129,WTA,Hierba,Round of 16,09:00,Mboko V / Williams S,1235411,Melichar-Martinez N / Routliffe E,1235412
2026-06-08,"London, Great Britain, Doubles",187129,WTA,Hierba,Round of 16,09:00,Zhang S / Hunter S,414033,Boulter K / Raducanu E,1097778
2026-06-08,"Ilkley, Great Britain",187133,WTA 125,Hierba,Round of 32,09:00,Alicia Dudeney,350973,Himeno Sakatsume,230984
2026-06-08,"Ilkley, Great Britain",187133,WTA 125,Hierba,Round of 32,09:00,Darja Vidmanova,298339,Linda Fruhvirtova,306421
2026-06-08,"Ilkley, Great Britain",187133,WTA 125,Hierba,Round of 32,09:00,Elvina Kalieva,267045,Ashlyn Krueger,311012
2026-06-08,"Ilkley, Great Britain",187133,WTA 125,Hierba,Round of 32,09:00,Emerson Jones,460162,Dalma Galfi,97995
2026-06-08,"Ilkley, Great Britain",187133,WTA 125,Hierba,Round of 32,09:00,Kayla Day,137962,Mary Stoiana,340542
2026-06-08,"Ilkley, Great Britain",187133,WTA 125,Hierba,Round of 32,09:00,Linda Klimovicova,297953,Sinja Kraus,246159
2026-06-08,"Ilkley, Great Britain",187133,WTA 125,Hierba,Round of 32,09:00,Mananchaya Sawangkaew,238275,Akasha Urhobo,410066
2026-06-08,"Ilkley, Great Britain",187133,WTA 125,Hierba,Round of 32,09:00,Mingge Xu,386230,Elizabeth Mandlik,227875
2026-06-08,"Ilkley, Great Britain",187133,WTA 125,Hierba,Round of 32,09:00,Veronika Podrez,392657,Tatiana Prozorova,378686
2026-06-08,"Ilkley, Great Britain",187133,WTA 125,Hierba,Round of 32,09:00,Viktorija Golubic,48455,Daniella Britton,1105217
2026-06-08,"S-Hertogenbosch, Netherlands, Doubles",187113,WTA,Hierba,Round of 16,10:00,Alexandrova E / Joint M,1168963,Aoyama S / Liang E,1225838
2026-06-08,"S-Hertogenbosch, Netherlands, Doubles",187113,WTA,Hierba,Round of 16,10:00,Andreescu B / Boisson L,1235418,Koevermans A / Lamens S,320726
2026-06-08,"S-Hertogenbosch, Netherlands, Doubles",187113,WTA,Hierba,Round of 16,10:00,Haverlag I / Lumsden M,1091663,Sutjiadi A / Tjen J,342777
2026-06-08,"S-Hertogenbosch, Netherlands, Doubles",187113,WTA,Hierba,Round of 16,10:00,Jiang X / Xu Y,1206192,Detiuc A / Khromacheva I,1227572
2026-06-08,"S-Hertogenbosch, Netherlands, Doubles",187113,WTA,Hierba,Round of 16,10:00,Kempen M / Tang Q,1100748,Hozumi E / Wu F,1130529
2026-06-08,"S-Hertogenbosch, Netherlands, Doubles",187113,WTA,Hierba,Round of 16,10:00,Kichenok N / Ninomiya M,462756,Piter K / Siskova A,1235417
2026-06-08,"S-Hertogenbosch, Netherlands, Doubles",187113,WTA,Hierba,Round of 16,10:00,Maleckova J / Skoch M,258048,Chan H-C / Sonmez Z,1235419
2026-06-08,"S-Hertogenbosch, Netherlands, Doubles",187113,WTA,Hierba,Round of 16,10:00,Neel I / Olmos G,1235415,Bejlek S / Kasatkina D,1235416
2026-06-08,"Ilkley, Great Britain",187105,Challenger,Hierba,Round of 32,10:00,August Holmgren,207089,Nicolai Budkov Kjaer,483188
2026-06-08,"Ilkley, Great Britain",187105,Challenger,Hierba,Round of 32,10:00,Billy Harris,111837,Clement Chidekh,231620
2026-06-08,"Ilkley, Great Britain",187105,Challenger,Hierba,Round of 32,10:00,Darwin Blanch,407392,Christopher O'Connell,58221
2026-06-08,"Ilkley, Great Britain",187105,Challenger,Hierba,Round of 32,10:00,Francesco Maestrelli,261017,Arthur Gea,383987
2026-06-08,"Ilkley, Great Britain",187105,Challenger,Hierba,Round of 32,10:00,Harry Wendelken,267242,Jack Pinnington Jones,321790
2026-06-08,"Ilkley, Great Britain",187105,Challenger,Hierba,Round of 32,10:00,Kyrian Jacquet,267577,Toby Samuel,321791
2026-06-08,"Ilkley, Great Britain",187105,Challenger,Hierba,Round of 32,10:00,Luca Nardi,289233,Jacob Fearnley,275948
2026-06-08,"Ilkley, Great Britain",187105,Challenger,Hierba,Round of 32,10:00,Tristan Schoolkate,275471,Lloyd Harris,157808
2026-06-08,"Ilkley, Great Britain",187105,Challenger,Hierba,Round of 32,10:00,Ugo Blanchet,200777,Oliver Tarvet,386215
2026-06-08,"Ilkley, Great Britain",187105,Challenger,Hierba,Round of 32,10:00,Yunchaokete Bu,254227,Chris Rodesch,225273
2026-06-08,"Ilkley, Great Britain, Doubles",187107,Challenger,Hierba,Round of 16,10:00,Bayldon B / Schoolkate T,1107550,Bass F / Duncan S,425075
2026-06-08,"Ilkley, Great Britain, Doubles",187107,Challenger,Hierba,Round of 16,10:00,Blanchet U / Jacquet K,335232,Barrientos N / Behar A,213847
2026-06-08,"Ilkley, Great Britain, Doubles",187107,Challenger,Hierba,Round of 16,10:00,Chandrasekar A / Yuzuki T,1163865,Stevenson D / Willis M,497096
2026-06-08,"Ilkley, Great Britain, Doubles",187107,Challenger,Hierba,Round of 16,10:00,Escobar G / Kittay B,1232920,Riedi L / Rocha H,1235329
2026-06-08,"Ilkley, Great Britain, Doubles",187107,Challenger,Hierba,Round of 16,10:00,Gray A / Samuel T,1235326,Reynolds F / Watt J,1083371
2026-06-08,"Ilkley, Great Britain, Doubles",187107,Challenger,Hierba,Round of 16,10:00,Ho R / Noguchi R,1235328,Maestrelli F / Romano F,489776
2026-06-08,"Ilkley, Great Britain, Doubles",187107,Challenger,Hierba,Round of 16,10:00,Jones B / Paris J,294116,Holmgren A / Natarajan V S P,1235327
2026-06-08,"Ilkley, Great Britain, Doubles",187107,Challenger,Hierba,Round of 16,10:00,Kiger M / Stalder R,1084515,Bollipalli R C / Hilderbrand T,1235330
