event_id,circuito,tourney_id,tourney_name,tourney_date,round,surface,winner_id,winner_name,loser_id,loser_name,winner_sets,loser_sets,detailed_score,scrape_date,ALL_aces_home,ALL_aces_away,ALL_double_faults_home,ALL_double_faults_away,ALL_first_serve_home,ALL_first_serve_away,ALL_second_serve_home,ALL_second_serve_away,ALL_first_serve_points_home,ALL_first_serve_points_away,ALL_second_serve_points_home,ALL_second_serve_points_away,ALL_service_games_played_home,ALL_service_games_played_away,ALL_break_points_saved_home,ALL_break_points_saved_away,ALL_total_home,ALL_total_away,ALL_service_points_won_home,ALL_service_points_won_away,ALL_receiver_points_won_home,ALL_receiver_points_won_away,ALL_max_points_in_a_row_home,ALL_max_points_in_a_row_away,ALL_total_won_home,ALL_total_won_away,ALL_service_games_won_home,ALL_service_games_won_away,ALL_max_games_in_a_row_home,ALL_max_games_in_a_row_away,ALL_first_serve_return_points_home,ALL_first_serve_return_points_away,ALL_second_serve_return_points_home,ALL_second_serve_return_points_away,ALL_return_games_played_home,ALL_return_games_played_away,ALL_break_points_converted_home,ALL_break_points_converted_away,ALL_tiebreaks_home,ALL_tiebreaks_away,1ST_aces_home,1ST_aces_away,1ST_double_faults_home,1ST_double_faults_away,1ST_first_serve_home,1ST_first_serve_away,1ST_second_serve_home,1ST_second_serve_away,1ST_first_serve_points_home,1ST_first_serve_points_away,1ST_second_serve_points_home,1ST_second_serve_points_away,1ST_service_games_played_home,1ST_service_games_played_away,1ST_break_points_saved_home,1ST_break_points_saved_away,1ST_service_points_won_home,1ST_service_points_won_away,1ST_receiver_points_won_home,1ST_receiver_points_won_away,1ST_max_points_in_a_row_home,1ST_max_points_in_a_row_away,1ST_max_games_in_a_row_home,1ST_max_games_in_a_row_away,1ST_first_serve_return_points_home,1ST_first_serve_return_points_away,1ST_second_serve_return_points_home,1ST_second_serve_return_points_away,1ST_return_games_played_home,1ST_return_games_played_away,1ST_break_points_converted_home,1ST_break_points_converted_away,1ST_tiebreaks_home,1ST_tiebreaks_away,2ND_aces_home,2ND_aces_away,2ND_double_faults_home,2ND_double_faults_away,2ND_first_serve_home,2ND_first_serve_away,2ND_second_serve_home,2ND_second_serve_away,2ND_first_serve_points_home,2ND_first_serve_points_away,2ND_second_serve_points_home,2ND_second_serve_points_away,2ND_service_games_played_home,2ND_service_games_played_away,2ND_break_points_saved_home,2ND_break_points_saved_away,2ND_service_points_won_home,2ND_service_points_won_away,2ND_receiver_points_won_home,2ND_receiver_points_won_away,2ND_max_points_in_a_row_home,2ND_max_points_in_a_row_away,2ND_max_games_in_a_row_home,2ND_max_games_in_a_row_away,2ND_first_serve_return_points_home,2ND_first_serve_return_points_away,2ND_second_serve_return_points_home,2ND_second_serve_return_points_away,2ND_return_games_played_home,2ND_return_games_played_away,2ND_break_points_converted_home,2ND_break_points_converted_away,2ND_tiebreaks_home,2ND_tiebreaks_away,3RD_aces_home,3RD_aces_away,3RD_double_faults_home,3RD_double_faults_away,3RD_first_serve_home,3RD_first_serve_away,3RD_second_serve_home,3RD_second_serve_away,3RD_first_serve_points_home,3RD_first_serve_points_away,3RD_second_serve_points_home,3RD_second_serve_points_away,3RD_service_games_played_home,3RD_service_games_played_away,3RD_break_points_saved_home,3RD_break_points_saved_away,3RD_service_points_won_home,3RD_service_points_won_away,3RD_receiver_points_won_home,3RD_receiver_points_won_away,3RD_max_points_in_a_row_home,3RD_max_points_in_a_row_away,3RD_max_games_in_a_row_home,3RD_max_games_in_a_row_away,3RD_first_serve_return_points_home,3RD_first_serve_return_points_away,3RD_second_serve_return_points_home,3RD_second_serve_return_points_away,3RD_return_games_played_home,3RD_return_games_played_away,3RD_break_points_converted_home,3RD_break_points_converted_away,3RD_tiebreaks_home,3RD_tiebreaks_away
15460643,CHALLENGER,174302,"Rosario, Argentina, Qualifying",2026-02-02,Qualification Round 1,Red clay,333081,Luciano Emanuel Ambrogi,186264,Nicolas Bruna,2,0,2 - ?,2026-05-17,7,1,0,3,22/40 (55%),21/44 (48%),18/18 (100%),20/23 (87%),19/22 (86%),11/21 (52%),11/18 (61%),7/23 (30%),7,8,2/2 (100%),0/5 (0%),55.0,28.0,30,18,25,10,13,5,12.0,3.0,7.0,2.0,7,1,10/21 (47%),3/22 (13%),16/23 (69%),7/18 (38%),8,7,5,0,0,0,4,0,0,1,10/15 (67%),9/22 (41%),5/5 (100%),12/13 (92%),10/10 (100%),5/9 (56%),2/5 (40%),3/13 (23%),3,4,0/0 (0%),0/3 (0%),12,8,14,3,11,5,6,1,4/9 (44%),0/10 (0%),10/13 (76%),3/5 (60%),4,3,3,0,0,0,3.0,1.0,0.0,2.0,12/25 (48%),11/21 (52%),13/13 (100%),8/10 (80%),9/12 (75%),6/11 (55%),9/13 (69%),4/10 (40%),4.0,4.0,2/2 (100%),0/2 (0%),18.0,10.0,11.0,7.0,6.0,4.0,4.0,1.0,5/11 (45%),3/12 (25%),6/10 (60%),4/13 (30%),4.0,4.0,2.0,0.0,0.0,0.0,,,,,,,,,,,,,,,,,,,,,,,,,,,,,,,,,,
15460639,CHALLENGER,174302,"Rosario, Argentina, Qualifying",2026-02-02,Qualification Round 1,Red clay,286518,Santiago De la Fuente,481926,Dante Pagani,2,1,2 - 1,2026-05-17,0,1,4,6,66/91 (73%),76/106 (72%),21/25 (84%),24/30 (80%),39/66 (59%),46/76 (61%),9/25 (36%),11/30 (37%),14,14,4/10 (40%),6/12 (50%),97.0,100.0,48,57,49,43,9,5,14.0,15.0,7.0,8.0,4,3,30/76 (39%),27/66 (40%),19/30 (63%),16/25 (64%),14,14,6,6,0,1,0,1,0,1,37/47 (79%),29/38 (76%),10/10 (100%),8/9 (89%),23/37 (62%),18/29 (62%),3/10 (30%),6/9 (67%),6,6,2/4 (50%),0/2 (0%),26,24,14,21,6,5,2,2,11/29 (37%),14/37 (37%),3/9 (33%),7/10 (70%),6,6,2,2,0,1,0.0,0.0,2.0,3.0,15/23 (65%),28/41 (68%),6/8 (75%),10/13 (77%),11/15 (73%),15/28 (54%),3/8 (38%),3/13 (23%),4.0,4.0,1/2 (50%),6/9 (66%),14.0,18.0,23.0,9.0,5.0,3.0,5.0,2.0,13/28 (46%),4/15 (26%),10/13 (76%),5/8 (62%),4.0,4.0,3.0,1.0,0.0,0.0,0.0,0.0,2.0,2.0,13/21 (62%),18/27 (67%),6/8 (75%),7/9 (78%),5/13 (38%),13/18 (72%),3/8 (38%),2/9 (22%),4.0,4.0,1/4 (25%),0/1 (0%),8.0,15.0,12.0,13.0,9.0,5.0,2.0,3.0,5/18 (27%),8/13 (61%),7/9 (77%),5/8 (62%),4.0,4.0,1.0,3.0,0.0,0.0
15460633,CHALLENGER,174302,"Rosario, Argentina, Qualifying",2026-02-02,Qualification Round 1,Red clay,54975,Hernan Casanova,224619,Lautaro Agustin Falabella,2,1,2 - 1,2026-05-17,1,0,1,3,49/67 (73%),38/71 (54%),17/18 (94%),30/33 (91%),29/49 (59%),26/38 (68%),11/18 (61%),16/33 (48%),12,11,5/9 (55%),7/11 (63%),70.0,69.0,40,42,30,27,6,10,12.0,11.0,8.0,6.0,3,4,12/38 (31%),20/49 (40%),17/33 (51%),7/18 (38%),11,12,4,4,0,0,1,0,1,1,22/33 (67%),12/27 (44%),10/11 (91%),14/15 (93%),15/22 (68%),8/12 (67%),7/11 (64%),6/15 (40%),5,4,4/5 (80%),4/6 (66%),22,14,13,11,6,4,3,2,4/12 (33%),7/22 (31%),9/15 (60%),4/11 (36%),4,5,2,1,0,0,0.0,0.0,0.0,1.0,10/14 (71%),11/24 (46%),4/4 (100%),12/13 (92%),1/10 (10%),8/11 (73%),1/4 (25%),8/13 (62%),3.0,3.0,1/4 (25%),2/2 (100%),2.0,16.0,8.0,12.0,3.0,10.0,0.0,6.0,3/11 (27%),9/10 (90%),5/13 (38%),3/4 (75%),3.0,3.0,0.0,3.0,0.0,0.0,0.0,0.0,0.0,1.0,16/20 (80%),15/21 (71%),4/4 (100%),5/6 (83%),13/16 (81%),9/15 (60%),3/4 (75%),3/6 (50%),4.0,4.0,0/0 (0%),1/3 (33%),16.0,12.0,9.0,4.0,4.0,4.0,4.0,1.0,6/15 (40%),3/16 (18%),3/6 (50%),1/4 (25%),4.0,4.0,2.0,0.0,0.0,0.0
15460638,CHALLENGER,174302,"Rosario, Argentina, Qualifying",2026-02-02,Qualification Round 1,Red clay,302587,Ezequiel Monferrer,161868,Connor Huertas Del Pino,2,1,2 - 1,2026-05-17,2,2,5,4,78/104 (75%),52/92 (57%),21/26 (81%),36/40 (90%),41/78 (53%),31/52 (60%),13/26 (50%),17/40 (43%),14,13,4/10 (40%),8/14 (57%),98.0,97.0,54,48,44,49,6,6,15.0,13.0,8.0,6.0,6,3,21/52 (40%),37/78 (47%),23/40 (57%),13/26 (50%),13,14,6,6,1,0,0,0,0,0,22/28 (79%),12/24 (50%),6/6 (100%),12/12 (100%),11/22 (50%),11/12 (92%),4/6 (67%),7/12 (58%),4,4,2/4 (50%),2/2 (100%),15,18,6,13,4,6,1,3,1/12 (8%),11/22 (50%),5/12 (41%),2/6 (33%),4,4,0,2,0,0,1.0,1.0,2.0,2.0,21/28 (75%),11/20 (55%),5/7 (71%),7/9 (78%),14/21 (67%),7/11 (64%),5/7 (71%),2/9 (22%),4.0,3.0,1/1 (100%),4/6 (66%),19.0,9.0,11.0,9.0,6.0,6.0,5.0,1.0,4/11 (36%),7/21 (33%),7/9 (77%),2/7 (28%),3.0,4.0,2.0,0.0,0.0,0.0,1.0,1.0,3.0,2.0,36/48 (75%),29/48 (60%),9/12 (75%),17/19 (89%),17/36 (47%),14/29 (48%),4/12 (33%),7/19 (37%),6.0,6.0,1/5 (20%),2/6 (33%),21.0,21.0,27.0,27.0,6.0,5.0,2.0,2.0,15/29 (51%),19/36 (52%),12/19 (63%),8/12 (66%),6.0,6.0,4.0,4.0,1.0,0.0
15461440,CHALLENGER,174261,"Brisbane, Australia, Qualifying",2026-02-02,Qualification Final,Hardcourt outdoor,388080,Pavle Marinkov,507853,Nikita Belozertsev,2,0,2 - ?,2026-05-17,3,4,0,10,32/51 (63%),40/62 (65%),19/19 (100%),12/22 (55%),26/32 (81%),29/40 (73%),16/19 (84%),9/22 (41%),10,9,1/1 (100%),3/5 (60%),65.0,47.0,42,38,23,9,10,5,12.0,7.0,10.0,7.0,3,1,11/40 (27%),6/32 (18%),13/22 (59%),3/19 (15%),9,10,2,0,0,0,0,2,0,6,20/30 (67%),18/27 (67%),10/10 (100%),3/9 (33%),14/20 (70%),13/18 (72%),8/10 (80%),3/9 (33%),5,4,1/1 (100%),1/2 (50%),22,16,11,8,10,5,3,1,5/18 (27%),6/20 (30%),6/9 (66%),2/10 (20%),4,5,1,0,0,0,3.0,2.0,0.0,4.0,11/21 (52%),21/34 (62%),10/10 (100%),9/13 (69%),11/11 (100%),16/21 (76%),9/10 (90%),6/13 (46%),5.0,5.0,0/0 (0%),2/3 (66%),20.0,22.0,12.0,1.0,7.0,4.0,3.0,1.0,5/21 (23%),0/11 (0%),7/13 (53%),1/10 (10%),5.0,5.0,1.0,0.0,0.0,0.0,,,,,,,,,,,,,,,,,,,,,,,,,,,,,,,,,,
15461439,CHALLENGER,174261,"Brisbane, Australia, Qualifying",2026-02-02,Qualification Final,Hardcourt outdoor,233127,Matt Hulme,224087,Scott Jones,2,0,2 - ?,2026-05-17,1,7,3,0,36/63 (57%),23/38 (61%),24/27 (89%),15/15 (100%),19/36 (53%),17/23 (74%),8/27 (30%),12/15 (80%),6,7,10/15 (66%),0/0 (0%),36.0,65.0,27,29,9,36,2,9,1.0,12.0,1.0,6.0,1,9,6/23 (26%),17/36 (47%),3/15 (20%),19/27 (70%),7,6,0,5,0,0,1,4,2,0,23/42 (55%),17/24 (71%),17/19 (89%),7/7 (100%),15/23 (65%),11/17 (65%),5/19 (26%),6/7 (86%),3,4,6/8 (75%),0/0 (0%),20,17,7,22,2,7,1,5,6/17 (35%),8/23 (34%),1/7 (14%),14/19 (73%),4,3,0,2,0,0,0.0,3.0,1.0,0.0,13/21 (62%),6/14 (43%),7/8 (88%),8/8 (100%),4/13 (31%),6/6 (100%),3/8 (38%),6/8 (75%),3.0,3.0,4/7 (57%),0/0 (0%),7.0,12.0,2.0,14.0,2.0,9.0,0.0,6.0,0/6 (0%),9/13 (69%),2/8 (25%),5/8 (62%),3.0,3.0,0.0,3.0,0.0,0.0,,,,,,,,,,,,,,,,,,,,,,,,,,,,,,,,,,
15461464,CHALLENGER,174261,"Brisbane, Australia, Qualifying",2026-02-02,Qualification Final,Hardcourt outdoor,308080,Shunsuke Mitsui,198798,Colin Sinclair,2,1,2 - 1,2026-05-17,9,8,3,1,60/111 (54%),66/105 (63%),48/51 (94%),38/39 (97%),53/60 (88%),51/66 (77%),27/51 (53%),24/39 (62%),17,17,2/3 (66%),4/6 (66%),110.0,106.0,80,75,30,31,5,5,19.0,17.0,16.0,15.0,3,3,15/66 (22%),7/60 (11%),15/39 (38%),24/51 (47%),17,17,2,1,1,1,4,3,1,1,18/40 (45%),18/34 (53%),21/22 (95%),15/16 (94%),16/18 (89%),16/18 (89%),12/22 (55%),11/16 (69%),6,6,,,28,27,7,12,4,5,2,1,2/18 (11%),2/18 (11%),5/16 (31%),10/22 (45%),6,6,0,0,1,0,3.0,3.0,1.0,0.0,20/39 (51%),27/43 (63%),18/19 (95%),16/16 (100%),18/20 (90%),20/27 (74%),10/19 (53%),9/16 (56%),6.0,6.0,1/2 (50%),2/3 (66%),28.0,29.0,14.0,11.0,5.0,4.0,3.0,3.0,7/27 (25%),2/20 (10%),7/16 (43%),9/19 (47%),6.0,6.0,1.0,1.0,0.0,1.0,2.0,2.0,1.0,0.0,22/32 (69%),21/28 (75%),9/10 (90%),7/7 (100%),19/22 (86%),15/21 (71%),5/10 (50%),4/7 (57%),5.0,5.0,1/1 (100%),2/3 (66%),24.0,19.0,9.0,8.0,5.0,4.0,2.0,1.0,6/21 (28%),3/22 (13%),3/7 (42%),5/10 (50%),5.0,5.0,1.0,0.0,0.0,0.0
15461606,CHALLENGER,174261,"Brisbane, Australia, Qualifying",2026-02-02,Qualification Final,Hardcourt outdoor,52069,Naoki Nakagawa,197935,Masamichi Imamura,2,0,2 - ?,2026-05-17,0,12,3,1,45/66 (68%),29/52 (56%),18/21 (86%),22/23 (96%),30/45 (67%),27/29 (93%),10/21 (48%),15/23 (65%),10,10,1/3 (33%),0/0 (0%),50.0,68.0,40,42,10,26,5,7,8.0,12.0,8.0,9.0,1,3,2/29 (6%),15/45 (33%),8/23 (34%),11/21 (52%),10,10,0,2,0,0,0,5,1,1,25/33 (76%),16/30 (53%),7/8 (88%),13/14 (93%),16/25 (64%),15/16 (94%),4/8 (50%),7/14 (50%),5,5,0/1 (0%),0/0 (0%),20,22,8,13,5,4,1,3,1/16 (6%),9/25 (36%),7/14 (50%),4/8 (50%),5,5,0,1,0,0,0.0,7.0,2.0,0.0,21/33 (64%),14/22 (64%),10/12 (83%),8/8 (100%),14/21 (67%),13/14 (93%),6/12 (50%),7/8 (88%),5.0,5.0,1/2 (50%),0/0 (0%),20.0,20.0,2.0,13.0,3.0,7.0,1.0,3.0,1/14 (7%),7/21 (33%),1/8 (12%),6/12 (50%),5.0,5.0,0.0,1.0,0.0,0.0,,,,,,,,,,,,,,,,,,,,,,,,,,,,,,,,,,
15461608,CHALLENGER,174261,"Brisbane, Australia, Qualifying",2026-02-02,Qualification Final,Hardcourt outdoor,367815,Kokoro Isomura,216010,Chase Ferguson,2,0,2 - ?,2026-05-17,1,3,3,1,36/57 (63%),50/72 (69%),18/21 (86%),21/22 (95%),26/36 (72%),28/50 (56%),14/21 (67%),11/22 (50%),9,9,2/2 (100%),3/6 (50%),73.0,56.0,40,39,33,17,7,4,12.0,6.0,9.0,6.0,5,1,22/50 (44%),10/36 (27%),11/22 (50%),7/21 (33%),9,9,3,0,0,0,0,2,1,1,19/28 (68%),16/28 (57%),8/9 (89%),11/12 (92%),15/19 (79%),11/16 (69%),6/9 (67%),6/12 (50%),5,4,1/1 (100%),0/1 (0%),21,17,11,7,6,4,3,1,5/16 (31%),4/19 (21%),6/12 (50%),3/9 (33%),4,5,1,0,0,0,1.0,1.0,2.0,0.0,17/29 (59%),34/44 (77%),10/12 (83%),10/10 (100%),11/17 (65%),17/34 (50%),8/12 (67%),5/10 (50%),4.0,5.0,1/1 (100%),3/5 (60%),19.0,22.0,22.0,10.0,7.0,3.0,2.0,1.0,17/34 (50%),6/17 (35%),5/10 (50%),4/12 (33%),5.0,4.0,2.0,0.0,0.0,0.0,,,,,,,,,,,,,,,,,,,,,,,,,,,,,,,,,,
15461607,CHALLENGER,174261,"Brisbane, Australia, Qualifying",2026-02-02,Qualification Final,Hardcourt outdoor,236843,Shinji Hazawa,215663,Yuki Mochizuki,2,0,2 - ?,2026-05-17,1,4,2,0,48/58 (83%),40/58 (69%),8/10 (80%),18/18 (100%),24/48 (50%),28/40 (70%),3/10 (30%),6/18 (33%),9,8,6/12 (50%),4/6 (66%),51.0,65.0,27,34,24,31,5,5,5.0,12.0,2.0,6.0,1,4,12/40 (30%),24/48 (50%),12/18 (66%),7/10 (70%),8,9,2,6,0,0,1,0,1,0,21/28 (75%),17/22 (77%),6/7 (86%),5/5 (100%),10/21 (48%),12/17 (71%),2/7 (29%),3/5 (60%),4,3,3/6 (50%),4/4 (100%),12,15,7,16,5,5,1,4,5/17 (29%),11/21 (52%),2/5 (40%),5/7 (71%),3,4,0,3,0,0,0.0,4.0,1.0,0.0,25/30 (83%),23/36 (64%),4/5 (80%),13/13 (100%),13/25 (52%),16/23 (70%),2/5 (40%),3/13 (23%),5.0,5.0,3/6 (50%),0/2 (0%),15.0,19.0,17.0,15.0,4.0,5.0,2.0,2.0,7/23 (30%),12/25 (48%),10/13 (76%),3/5 (60%),5.0,5.0,2.0,3.0,0.0,0.0,,,,,,,,,,,,,,,,,,,,,,,,,,,,,,,,,,
15459939,CHALLENGER,174284,"Cesenatico, Italy, Qualifying",2026-02-02,Qualification Round 1,Hardcourt indoor,138712,Giovanni Oradini,308287,Daniel Bagnolini,2,0,2 - ?,2026-05-17,0,0,2,2,30/47 (64%),35/64 (55%),15/17 (88%),27/29 (93%),27/30 (90%),22/35 (63%),11/17 (65%),12/29 (41%),9,8,3/3 (100%),6/9 (66%),68.0,43.0,38,34,30,9,9,6,12.0,5.0,9.0,5.0,5,1,13/35 (37%),3/30 (10%),17/29 (58%),6/17 (35%),8,9,3,0,0,0,0,0,1,2,13/19 (68%),5/14 (36%),5/6 (83%),7/9 (78%),12/13 (92%),1/5 (20%),4/6 (67%),4/9 (44%),4,3,0/0 (0%),0/2 (0%),16,5,9,3,9,4,5,1,4/5 (80%),1/13 (7%),5/9 (55%),2/6 (33%),3,4,2,0,0,0,0.0,0.0,1.0,0.0,17/28 (61%),30/50 (60%),10/11 (91%),20/20 (100%),15/17 (88%),21/30 (70%),7/11 (64%),8/20 (40%),5.0,5.0,3/3 (100%),6/7 (85%),22.0,29.0,21.0,6.0,9.0,6.0,3.0,1.0,9/30 (30%),2/17 (11%),12/20 (60%),4/11 (36%),5.0,5.0,1.0,0.0,0.0,0.0,,,,,,,,,,,,,,,,,,,,,,,,,,,,,,,,,,
15459940,CHALLENGER,174284,"Cesenatico, Italy, Qualifying",2026-02-02,Qualification Round 1,Hardcourt indoor,426118,Kasra Rahmani,519984,Pietro Ricci,2,0,2 - ?,2026-05-17,0,7,3,0,34/67 (51%),29/42 (69%),30/33 (91%),13/13 (100%),21/34 (62%),28/29 (97%),14/33 (42%),9/13 (69%),9,9,1/4 (25%),0/0 (0%),40.0,69.0,35,37,5,32,3,12,6.0,12.0,6.0,8.0,2,3,1/29 (3%),13/34 (38%),4/13 (30%),19/33 (57%),9,9,0,3,0,0,0,5,3,0,11/22 (50%),16/22 (73%),8/11 (73%),6/6 (100%),7/11 (64%),15/16 (94%),5/11 (45%),5/6 (83%),4,5,0/1 (0%),0/0 (0%),12,20,2,10,3,12,1,3,1/16 (6%),4/11 (36%),1/6 (16%),6/11 (54%),5,4,0,1,0,0,0.0,2.0,0.0,0.0,22/45 (49%),13/20 (65%),23/23 (100%),7/7 (100%),13/22 (59%),13/13 (100%),10/23 (43%),4/7 (57%),5.0,4.0,1/3 (33%),0/0 (0%),23.0,17.0,3.0,22.0,3.0,5.0,1.0,2.0,0/13 (0%),9/22 (40%),3/7 (42%),13/23 (56%),4.0,5.0,0.0,2.0,0.0,0.0,,,,,,,,,,,,,,,,,,,,,,,,,,,,,,,,,,
15459942,CHALLENGER,174284,"Cesenatico, Italy, Qualifying",2026-02-02,Qualification Round 1,Hardcourt indoor,106153,Enrico Dalla Valle,519890,Andrea Valli,2,0,2 - ?,2026-05-17,7,0,0,5,22/36 (61%),32/48 (67%),14/14 (100%),11/16 (69%),19/22 (86%),18/32 (56%),10/14 (71%),3/16 (19%),7,7,0/0 (0%),1/6 (16%),56.0,28.0,29,21,27,7,12,3,12.0,2.0,7.0,2.0,7,1,14/32 (43%),3/22 (13%),13/16 (81%),4/14 (28%),7,7,5,0,0,0,3,0,0,1,11/18 (61%),18/23 (78%),7/7 (100%),4/5 (80%),9/11 (82%),10/18 (56%),7/7 (100%),1/5 (20%),4,3,0/0 (0%),0/2 (0%),16,11,12,2,8,3,5,1,8/18 (44%),2/11 (18%),4/5 (80%),0/7 (0%),3,4,2,0,0,0,4.0,0.0,0.0,4.0,11/18 (61%),14/25 (56%),7/7 (100%),7/11 (64%),10/11 (91%),8/14 (57%),3/7 (43%),2/11 (18%),3.0,4.0,0/0 (0%),1/4 (25%),13.0,10.0,15.0,5.0,8.0,3.0,4.0,1.0,6/14 (42%),1/11 (9%),9/11 (81%),4/7 (57%),4.0,3.0,3.0,0.0,0.0,0.0,,,,,,,,,,,,,,,,,,,,,,,,,,,,,,,,,,
15459941,CHALLENGER,174284,"Cesenatico, Italy, Qualifying",2026-02-02,Qualification Round 1,Hardcourt indoor,230966,Lorenzo Rottoli,397951,Gabriele Crivellaro,2,0,2 - ?,2026-05-17,1,2,1,5,35/57 (61%),29/64 (45%),21/22 (95%),30/35 (86%),15/35 (43%),21/29 (72%),9/22 (41%),18/35 (51%),9,10,6/12 (50%),3/6 (50%),49.0,72.0,24,39,25,33,4,6,6.0,13.0,2.0,7.0,2,6,8/29 (27%),20/35 (57%),17/35 (48%),13/22 (59%),10,9,3,6,0,0,1,1,1,1,26/42 (62%),12/33 (36%),15/16 (94%),20/21 (95%),12/26 (46%),9/12 (75%),9/16 (56%),12/21 (57%),6,6,5/8 (62%),1/3 (33%),21,21,12,21,4,6,3,4,3/12 (25%),14/26 (53%),9/21 (42%),7/16 (43%),6,6,2,3,0,0,0.0,1.0,0.0,4.0,9/15 (60%),15/31 (48%),6/6 (100%),12/16 (75%),3/9 (33%),10/15 (67%),0/6 (0%),8/16 (50%),3.0,4.0,1/4 (25%),2/3 (66%),3.0,18.0,13.0,12.0,4.0,6.0,1.0,4.0,5/15 (33%),6/9 (66%),8/16 (50%),6/6 (100%),4.0,3.0,1.0,3.0,0.0,0.0,,,,,,,,,,,,,,,,,,,,,,,,,,,,,,,,,,
15459943,CHALLENGER,174284,"Cesenatico, Italy, Qualifying",2026-02-02,Qualification Round 1,Hardcourt indoor,380568,Josip Šimundža,157396,Mick Veldheer,2,0,2 - ?,2026-05-17,0,7,2,4,32/64 (50%),42/73 (58%),30/32 (94%),27/31 (87%),22/32 (69%),34/42 (81%),17/32 (53%),14/31 (45%),9,10,5/7 (71%),11/11 (100%),63.0,73.0,39,48,24,25,7,8,7.0,12.0,6.0,10.0,1,3,8/42 (19%),10/32 (31%),17/31 (54%),15/32 (46%),10,9,0,2,0,0,0,4,2,2,13/34 (38%),20/37 (54%),19/21 (90%),15/17 (88%),8/13 (62%),15/20 (75%),13/21 (62%),9/17 (53%),5,5,2/3 (66%),3/3 (100%),21,24,13,13,4,5,1,2,5/20 (25%),5/13 (38%),8/17 (47%),8/21 (38%),5,5,0,1,0,0,0.0,3.0,0.0,2.0,19/30 (63%),18/35 (51%),11/11 (100%),15/17 (88%),14/19 (74%),17/18 (94%),4/11 (36%),7/17 (41%),4.0,5.0,3/4 (75%),8/8 (100%),18.0,24.0,11.0,12.0,7.0,5.0,1.0,3.0,1/18 (5%),5/19 (26%),10/17 (58%),7/11 (63%),5.0,4.0,0.0,1.0,0.0,0.0,,,,,,,,,,,,,,,,,,,,,,,,,,,,,,,,,,
15459944,CHALLENGER,174284,"Cesenatico, Italy, Qualifying",2026-02-02,Qualification Round 1,Hardcourt indoor,487990,Michele Mecarelli,107625,Maxime Janvier,2,1,2 - 1,2026-05-17,4,0,9,2,42/72 (58%),31/64 (48%),21/30 (70%),31/33 (94%),27/42 (64%),22/31 (71%),13/30 (43%),23/33 (70%),12,12,4/9 (44%),2/4 (50%),59.0,77.0,40,45,19,32,7,9,9.0,15.0,7.0,9.0,3,5,9/31 (29%),15/42 (35%),10/33 (30%),17/30 (56%),12,12,2,5,0,0,0,0,6,0,14/28 (50%),7/15 (47%),8/14 (57%),8/8 (100%),6/14 (43%),6/7 (86%),5/14 (36%),6/8 (75%),4,3,2/5 (40%),0/0 (0%),11,12,3,17,3,5,1,4,1/7 (14%),8/14 (57%),2/8 (25%),9/14 (64%),3,4,0,3,0,0,3.0,0.0,0.0,1.0,13/21 (62%),13/26 (50%),8/8 (100%),12/13 (92%),12/13 (92%),7/13 (54%),5/8 (63%),9/13 (69%),4.0,5.0,1/1 (100%),0/2 (0%),17.0,16.0,10.0,4.0,7.0,4.0,3.0,1.0,6/13 (46%),1/13 (7%),4/13 (30%),3/8 (37%),5.0,4.0,2.0,0.0,0.0,0.0,1.0,0.0,3.0,1.0,14/23 (61%),11/23 (48%),6/9 (67%),11/12 (92%),8/14 (57%),9/11 (82%),4/9 (44%),8/12 (67%),4.0,4.0,1/3 (33%),2/2 (100%),12.0,17.0,6.0,11.0,4.0,6.0,1.0,5.0,2/11 (18%),6/14 (42%),4/12 (33%),5/9 (55%),4.0,4.0,0.0,2.0,0.0,0.0
15459899,CHALLENGER,174284,"Cesenatico, Italy, Qualifying",2026-02-02,Qualification Round 1,Hardcourt indoor,217835,Federico Iannaccone,413630,Alessio Balestrieri,2,0,2 - ?,2026-05-17,0,7,1,1,23/34 (68%),23/31 (74%),10/11 (91%),7/8 (88%),7/23 (30%),19/23 (83%),2/11 (18%),6/8 (75%),6,6,2/8 (25%),1/1 (100%),15.0,50.0,9,25,6,25,3,12,0.0,12.0,0.0,6.0,0,11,4/23 (17%),16/23 (69%),2/8 (25%),9/11 (81%),6,6,0,6,0,0,0,3,0,1,10/16 (63%),12/16 (75%),6/6 (100%),3/4 (75%),2/10 (20%),10/12 (83%),2/6 (33%),3/4 (75%),3,3,2/5 (40%),1/1 (100%),4,13,3,12,3,10,0,6,2/12 (16%),8/10 (80%),1/4 (25%),4/6 (66%),3,3,0,3,0,0,0.0,4.0,1.0,0.0,13/18 (72%),11/15 (73%),4/5 (80%),4/4 (100%),5/13 (38%),9/11 (82%),0/5 (0%),3/4 (75%),3.0,3.0,0/3 (0%),0/0 (0%),5.0,12.0,3.0,13.0,2.0,12.0,0.0,6.0,2/11 (18%),8/13 (61%),1/4 (25%),5/5 (100%),3.0,3.0,0.0,3.0,0.0,0.0,,,,,,,,,,,,,,,,,,,,,,,,,,,,,,,,,,
15459945,CHALLENGER,174284,"Cesenatico, Italy, Qualifying",2026-02-02,Qualification Round 1,Hardcourt indoor,418787,Jacopo Bilardo,333004,Luca Castagnola,2,1,2 - 1,2026-05-17,1,3,15,11,59/102 (58%),72/126 (57%),28/43 (65%),43/54 (80%),35/59 (59%),49/72 (68%),16/43 (37%),24/54 (44%),16,16,4/11 (36%),8/12 (66%),104.0,124.0,51,73,53,51,8,7,14.0,19.0,9.0,10.0,5,6,23/72 (31%),24/59 (40%),30/54 (55%),27/43 (62%),16,16,4,7,1,0,0,1,7,6,24/43 (56%),34/60 (57%),12/19 (63%),20/26 (77%),14/24 (58%),22/34 (65%),9/19 (47%),10/26 (38%),6,6,0/2 (0%),2/4 (50%),23,32,28,20,8,6,2,2,12/34 (35%),10/24 (41%),16/26 (61%),10/19 (52%),6,6,2,2,1,0,1.0,0.0,4.0,4.0,23/33 (70%),20/38 (53%),6/10 (60%),14/18 (78%),15/23 (65%),14/20 (70%),4/10 (40%),10/18 (56%),6.0,6.0,0/2 (0%),4/5 (80%),19.0,24.0,14.0,14.0,7.0,5.0,3.0,3.0,6/20 (30%),8/23 (34%),8/18 (44%),6/10 (60%),6.0,6.0,1.0,2.0,0.0,0.0,0.0,2.0,4.0,1.0,13/26 (50%),17/28 (61%),9/13 (69%),10/11 (91%),7/13 (54%),12/17 (71%),2/13 (15%),5/11 (45%),4.0,4.0,4/7 (57%),2/3 (66%),9.0,17.0,11.0,17.0,5.0,7.0,2.0,6.0,5/17 (29%),6/13 (46%),6/11 (54%),11/13 (84%),4.0,4.0,1.0,3.0,0.0,0.0
15459947,CHALLENGER,174284,"Cesenatico, Italy, Qualifying",2026-02-02,Qualification Round 1,Hardcourt indoor,296802,Niels Visker,106395,Giorgio Ricca,2,0,2 - ?,2026-05-17,14,7,2,3,35/53 (66%),43/60 (72%),16/18 (89%),14/17 (82%),31/35 (89%),33/43 (77%),10/18 (56%),4/17 (24%),10,9,0/0 (0%),5/7 (71%),63.0,49.0,41,37,22,12,9,5,12.0,7.0,10.0,7.0,3,1,10/43 (23%),4/35 (11%),13/17 (76%),8/18 (44%),9,10,2,0,0,0,4,5,0,2,16/25 (64%),22/32 (69%),9/9 (100%),8/10 (80%),13/16 (81%),17/22 (77%),7/9 (78%),2/10 (20%),5,4,0/0 (0%),4/5 (80%),20,19,13,5,9,5,3,1,5/22 (22%),3/16 (18%),8/10 (80%),2/9 (22%),4,5,1,0,0,0,10.0,2.0,2.0,1.0,19/28 (68%),20/27 (74%),7/9 (78%),6/7 (86%),18/19 (95%),16/20 (80%),3/9 (33%),2/7 (29%),5.0,5.0,0/0 (0%),1/2 (50%),21.0,18.0,9.0,7.0,6.0,4.0,2.0,1.0,4/20 (20%),1/19 (5%),5/7 (71%),6/9 (66%),5.0,5.0,1.0,0.0,0.0,0.0,,,,,,,,,,,,,,,,,,,,,,,,,,,,,,,,,,
15459946,CHALLENGER,174284,"Cesenatico, Italy, Qualifying",2026-02-02,Qualification Round 1,Hardcourt indoor,288465,Fausto Tabacco,390223,Giacomo Crisostomo,2,1,2 - 1,2026-05-17,0,0,4,9,46/87 (53%),37/64 (58%),37/41 (90%),18/27 (67%),22/46 (48%),24/37 (65%),14/41 (34%),11/27 (41%),12,11,9/18 (50%),3/7 (42%),65.0,86.0,36,35,29,51,5,7,7.0,16.0,3.0,6.0,3,5,13/37 (35%),24/46 (52%),16/27 (59%),27/41 (65%),11,12,4,9,0,0,0,0,1,3,10/19 (53%),11/20 (55%),8/9 (89%),6/9 (67%),4/10 (40%),8/11 (73%),2/9 (22%),5/9 (56%),3,3,0/3 (0%),2/2 (100%),6,13,7,13,3,4,0,6,3/11 (27%),6/10 (60%),4/9 (44%),7/9 (77%),3,3,0,3,0,0,0.0,0.0,2.0,4.0,22/47 (47%),14/26 (54%),23/25 (92%),8/12 (67%),13/22 (59%),8/14 (57%),12/25 (48%),3/12 (25%),5.0,5.0,6/8 (75%),1/4 (25%),25.0,11.0,15.0,22.0,5.0,4.0,3.0,2.0,6/14 (42%),9/22 (40%),9/12 (75%),13/25 (52%),5.0,5.0,3.0,2.0,0.0,0.0,0.0,0.0,1.0,2.0,13/21 (62%),11/18 (61%),7/8 (88%),5/7 (71%),5/13 (38%),8/11 (73%),0/8 (0%),3/7 (43%),4.0,3.0,3/7 (42%),0/1 (0%),5.0,11.0,7.0,16.0,4.0,7.0,1.0,5.0,3/11 (27%),8/13 (61%),4/7 (57%),8/8 (100%),3.0,4.0,1.0,4.0,0.0,0.0
15460720,CHALLENGER,174304,"Cleveland, USA, Qualifying",2026-02-02,Qualification Round 1,Hardcourt indoor,161874,Felix Corwin,243374,Noah Schachter,2,1,2 - 1,2026-05-17,9,6,7,5,40/91 (44%),46/91 (51%),44/51 (86%),40/45 (89%),29/40 (73%),31/46 (67%),29/51 (57%),26/45 (58%),15,15,1/4 (25%),3/7 (42%),92.0,90.0,58,57,34,33,11,7,16.0,15.0,9.0,11.0,2,3,15/46 (32%),11/40 (27%),19/45 (42%),22/51 (43%),15,15,4,3,0,1,1,0,0,2,8/22 (36%),10/20 (50%),14/14 (100%),8/10 (80%),6/8 (75%),6/10 (60%),10/14 (71%),4/10 (40%),4,4,0/0 (0%),1/3 (33%),16,10,10,6,11,6,3,1,4/10 (40%),2/8 (25%),6/10 (60%),4/14 (28%),4,4,2,0,0,0,6.0,1.0,4.0,1.0,9/25 (36%),14/26 (54%),12/16 (75%),11/12 (92%),8/9 (89%),10/14 (71%),8/16 (50%),7/12 (58%),5.0,5.0,0/2 (0%),0/1 (0%),16.0,17.0,9.0,9.0,8.0,5.0,2.0,2.0,4/14 (28%),1/9 (11%),5/12 (41%),8/16 (50%),5.0,5.0,1.0,2.0,0.0,0.0,2.0,5.0,3.0,2.0,23/44 (52%),22/45 (49%),18/21 (86%),21/23 (91%),15/23 (65%),15/22 (68%),11/21 (52%),15/23 (65%),6.0,6.0,1/2 (50%),2/3 (66%),26.0,30.0,15.0,18.0,5.0,6.0,2.0,3.0,7/22 (31%),8/23 (34%),8/23 (34%),10/21 (47%),6.0,6.0,1.0,1.0,0.0,1.0
15460714,CHALLENGER,174304,"Cleveland, USA, Qualifying",2026-02-02,Qualification Round 1,Hardcourt indoor,161448,Ben Jones,265627,Sebastian Gima,2,0,2 - ?,2026-05-17,5,8,4,2,46/83 (55%),48/75 (64%),33/37 (89%),25/27 (93%),36/46 (78%),39/48 (81%),19/37 (51%),18/27 (67%),12,12,2/3 (66%),1/1 (100%),73.0,85.0,55,57,18,28,6,5,11.0,14.0,8.0,11.0,1,3,9/48 (18%),10/46 (21%),9/27 (33%),18/37 (48%),12,12,0,1,0,1,4,4,2,2,23/43 (53%),21/42 (50%),18/20 (90%),19/21 (90%),21/23 (91%),18/21 (86%),9/20 (45%),14/21 (67%),6,6,2/2 (100%),0/0 (0%),30,32,10,13,3,5,1,2,3/21 (14%),2/23 (8%),7/21 (33%),11/20 (55%),6,6,0,0,0,1,1.0,4.0,2.0,0.0,23/40 (57%),27/33 (82%),15/17 (88%),6/6 (100%),15/23 (65%),21/27 (78%),10/17 (59%),4/6 (67%),6.0,6.0,0/1 (0%),1/1 (100%),25.0,25.0,8.0,15.0,6.0,4.0,1.0,2.0,6/27 (22%),8/23 (34%),2/6 (33%),7/17 (41%),6.0,6.0,0.0,1.0,0.0,0.0,,,,,,,,,,,,,,,,,,,,,,,,,,,,,,,,,,
15460724,CHALLENGER,174304,"Cleveland, USA, Qualifying",2026-02-02,Qualification Round 1,Hardcourt indoor,290569,Quinn Vandecasteele,170976,Franco Ribero,2,0,2 - ?,2026-05-17,8,1,0,1,31/47 (66%),41/56 (73%),16/16 (100%),14/15 (93%),28/31 (90%),27/41 (66%),12/16 (75%),8/15 (53%),10,9,0/0 (0%),1/3 (33%),61.0,42.0,40,35,21,7,14,4,12.0,7.0,10.0,7.0,5,1,14/41 (34%),3/31 (9%),7/15 (46%),4/16 (25%),9,10,2,0,0,0,4,1,0,0,15/21 (71%),14/19 (74%),6/6 (100%),5/5 (100%),14/15 (93%),8/14 (57%),6/6 (100%),4/5 (80%),5,4,0/0 (0%),0/1 (0%),20,12,7,1,12,4,3,1,6/14 (42%),1/15 (6%),1/5 (20%),0/6 (0%),4,5,1,0,0,0,4.0,0.0,0.0,1.0,16/26 (62%),27/37 (73%),10/10 (100%),9/10 (90%),14/16 (88%),19/27 (70%),6/10 (60%),4/10 (40%),5.0,5.0,0/0 (0%),1/2 (50%),20.0,23.0,14.0,6.0,5.0,4.0,2.0,1.0,8/27 (29%),2/16 (12%),6/10 (60%),4/10 (40%),5.0,5.0,1.0,0.0,0.0,0.0,,,,,,,,,,,,,,,,,,,,,,,,,,,,,,,,,,
15460721,CHALLENGER,174304,"Cleveland, USA, Qualifying",2026-02-02,Qualification Round 1,Hardcourt indoor,283465,Micah Braswell,1072447,Anmay Devaraj,2,0,2 - ?,2026-05-17,1,8,5,0,20/35 (57%),15/31 (48%),10/15 (67%),16/16 (100%),6/20 (30%),11/15 (73%),3/15 (20%),13/16 (81%),7,6,2/8 (25%),0/0 (0%),16.0,50.0,9,24,7,26,2,9,1.0,12.0,1.0,6.0,1,12,4/15 (26%),14/20 (70%),3/16 (18%),12/15 (80%),6,7,0,6,0,0,0,2,2,0,12/18 (67%),9/16 (56%),4/6 (67%),7/7 (100%),3/12 (25%),5/9 (56%),2/6 (33%),7/7 (100%),4,3,0/3 (0%),0/0 (0%),5,12,4,13,2,8,1,6,4/9 (44%),9/12 (75%),0/7 (0%),4/6 (66%),3,4,0,3,0,0,1.0,6.0,3.0,0.0,8/17 (47%),6/15 (40%),6/9 (67%),9/9 (100%),3/8 (38%),6/6 (100%),1/9 (11%),6/9 (67%),3.0,3.0,2/5 (40%),0/0 (0%),4.0,12.0,3.0,13.0,1.0,6.0,0.0,6.0,0/6 (0%),5/8 (62%),3/9 (33%),8/9 (88%),3.0,3.0,0.0,3.0,0.0,0.0,,,,,,,,,,,,,,,,,,,,,,,,,,,,,,,,,,
15460715,CHALLENGER,174304,"Cleveland, USA, Qualifying",2026-02-02,Qualification Round 1,Hardcourt indoor,199448,Matt Kuhar,340582,James Hopper,2,0,2 - ?,2026-05-17,2,1,3,3,24/47 (51%),28/46 (61%),20/23 (87%),15/18 (83%),13/24 (54%),23/28 (82%),11/23 (48%),10/18 (56%),8,8,2/6 (33%),1/1 (100%),37.0,56.0,24,33,13,23,4,7,4.0,12.0,4.0,8.0,1,5,5/28 (17%),11/24 (45%),8/18 (44%),12/23 (52%),8,8,0,4,0,0,1,0,1,2,11/23 (48%),13/24 (54%),11/12 (92%),9/11 (82%),6/11 (55%),10/13 (77%),5/12 (42%),7/11 (64%),4,4,0/2 (0%),1/1 (100%),11,17,7,12,3,7,1,3,3/13 (23%),5/11 (45%),4/11 (36%),7/12 (58%),4,4,0,2,0,0,1.0,1.0,2.0,1.0,13/24 (54%),12/22 (55%),9/11 (82%),9/10 (90%),7/13 (54%),10/12 (83%),6/11 (55%),6/10 (60%),4.0,4.0,2/4 (50%),0/0 (0%),13.0,16.0,6.0,11.0,4.0,5.0,1.0,5.0,2/12 (16%),6/13 (46%),4/10 (40%),5/11 (45%),4.0,4.0,0.0,2.0,0.0,0.0,,,,,,,,,,,,,,,,,,,,,,,,,,,,,,,,,,
15460725,CHALLENGER,174304,"Cleveland, USA, Qualifying",2026-02-02,Qualification Round 1,Hardcourt indoor,182086,Finn Bass,289180,Ryan Fishback,2,0,2 - ?,2026-05-17,2,8,4,5,31/58 (53%),32/79 (41%),23/27 (85%),42/47 (89%),16/31 (52%),26/32 (81%),10/27 (37%),19/47 (40%),10,10,4/10 (40%),6/9 (66%),60.0,76.0,26,45,34,31,4,5,7.0,13.0,4.0,7.0,3,5,6/32 (18%),15/31 (48%),28/47 (59%),17/27 (62%),10,10,3,6,0,0,0,4,3,5,12/24 (50%),15/35 (43%),9/12 (75%),15/20 (75%),4/12 (33%),12/15 (80%),2/12 (17%),5/20 (25%),4,4,2/6 (33%),1/3 (33%),6,17,18,18,3,4,1,4,3/15 (20%),8/12 (66%),15/20 (75%),10/12 (83%),4,4,2,4,0,0,2.0,4.0,1.0,0.0,18/33 (55%),17/44 (39%),14/15 (93%),27/27 (100%),12/18 (67%),14/17 (82%),8/15 (53%),14/27 (52%),6.0,6.0,2/4 (50%),5/6 (83%),20.0,28.0,16.0,13.0,4.0,5.0,3.0,3.0,3/17 (17%),6/18 (33%),13/27 (48%),7/15 (46%),6.0,6.0,1.0,2.0,0.0,0.0,,,,,,,,,,,,,,,,,,,,,,,,,,,,,,,,,,
15460723,CHALLENGER,174304,"Cleveland, USA, Qualifying",2026-02-02,Qualification Round 1,Hardcourt indoor,263674,Justin Boulais,274697,Wally Thayne,2,0,2 - ?,2026-05-17,6,0,0,5,26/43 (60%),31/51 (61%),17/17 (100%),15/20 (75%),23/26 (88%),20/31 (65%),11/17 (65%),5/20 (25%),8,8,3/3 (100%),3/7 (42%),60.0,34.0,34,25,26,9,8,3,12.0,4.0,7.0,4.0,4,2,11/31 (35%),3/26 (11%),15/20 (75%),6/17 (35%),8,8,4,0,0,0,3,0,0,1,12/21 (57%),8/16 (50%),9/9 (100%),7/8 (88%),9/12 (75%),4/8 (50%),8/9 (89%),2/8 (25%),4,3,1/1 (100%),0/2 (0%),17,6,10,4,8,2,3,1,4/8 (50%),3/12 (25%),6/8 (75%),1/9 (11%),3,4,2,0,0,0,3.0,0.0,0.0,4.0,14/22 (64%),22/35 (63%),8/8 (100%),9/13 (69%),14/14 (100%),15/22 (68%),3/8 (38%),4/13 (31%),4.0,5.0,2/2 (100%),3/5 (60%),17.0,19.0,16.0,5.0,8.0,3.0,2.0,1.0,7/22 (31%),0/14 (0%),9/13 (69%),5/8 (62%),5.0,4.0,2.0,0.0,0.0,0.0,,,,,,,,,,,,,,,,,,,,,,,,,,,,,,,,,,
15460722,CHALLENGER,174304,"Cleveland, USA, Qualifying",2026-02-02,Qualification Round 1,Hardcourt indoor,95259,Strong Kirchheimer,265873,Brandon Perez,2,0,2 - ?,2026-05-17,5,0,2,1,36/63 (57%),30/51 (59%),25/27 (93%),20/21 (95%),22/36 (61%),22/30 (73%),12/27 (44%),17/21 (81%),8,9,7/10 (70%),1/1 (100%),46.0,68.0,34,39,12,29,3,6,5.0,12.0,5.0,9.0,1,3,8/30 (26%),14/36 (38%),4/21 (19%),15/27 (55%),9,8,0,3,0,0,2,0,2,1,20/37 (54%),20/31 (65%),15/17 (88%),10/11 (91%),13/20 (65%),15/20 (75%),7/17 (41%),8/11 (73%),4,5,5/6 (83%),1/1 (100%),20,23,8,17,3,6,1,3,5/20 (25%),7/20 (35%),3/11 (27%),10/17 (58%),5,4,0,1,0,0,3.0,0.0,0.0,0.0,16/26 (62%),10/20 (50%),10/10 (100%),10/10 (100%),9/16 (56%),7/10 (70%),5/10 (50%),9/10 (90%),4.0,4.0,2/4 (50%),0/0 (0%),14.0,16.0,4.0,12.0,3.0,5.0,1.0,3.0,3/10 (30%),7/16 (43%),1/10 (10%),5/10 (50%),4.0,4.0,0.0,2.0,0.0,0.0,,,,,,,,,,,,,,,,,,,,,,,,,,,,,,,,,,
15460718,CHALLENGER,174304,"Cleveland, USA, Qualifying",2026-02-02,Qualification Round 1,Hardcourt indoor,274435,Stefan Dostanic,371422,Valentin Basel,2,0,2 - ?,2026-05-17,4,3,1,2,24/34 (71%),26/48 (54%),9/10 (90%),20/22 (91%),21/24 (88%),14/26 (54%),7/10 (70%),8/22 (36%),7,7,0/0 (0%),5/10 (50%),54.0,28.0,28,22,26,6,7,4,12.0,2.0,7.0,2.0,9,1,12/26 (46%),3/24 (12%),14/22 (63%),3/10 (30%),7,7,5,0,0,0,2,1,1,1,14/20 (70%),12/26 (46%),5/6 (83%),13/14 (93%),12/14 (86%),7/12 (58%),4/6 (67%),6/14 (43%),4,3,0/0 (0%),3/5 (60%),16,13,13,4,5,4,5,1,5/12 (41%),2/14 (14%),8/14 (57%),2/6 (33%),3,4,2,0,0,0,2.0,2.0,0.0,1.0,9/14 (64%),14/22 (64%),5/5 (100%),7/8 (88%),8/9 (89%),7/14 (50%),4/5 (80%),2/8 (25%),3.0,4.0,0/0 (0%),2/5 (40%),12.0,9.0,13.0,2.0,7.0,3.0,4.0,1.0,7/14 (50%),1/9 (11%),6/8 (75%),1/5 (20%),4.0,3.0,3.0,0.0,0.0,0.0,,,,,,,,,,,,,,,,,,,,,,,,,,,,,,,,,,
15460716,CHALLENGER,174304,"Cleveland, USA, Qualifying",2026-02-02,Qualification Round 1,Hardcourt indoor,162144,Evan Zhu,173502,Keenan Mayo,2,1,2 - 1,2026-05-17,1,3,5,6,70/111 (63%),71/111 (64%),36/41 (88%),34/40 (85%),46/70 (66%),54/71 (76%),22/41 (54%),20/40 (50%),17,17,4/9 (44%),7/10 (70%),105.0,116.0,68,74,37,42,5,7,16.0,19.0,12.0,14.0,2,3,17/71 (23%),24/70 (34%),20/40 (50%),19/41 (46%),17,17,3,5,1,0,0,1,4,3,25/40 (63%),20/35 (57%),11/15 (73%),12/15 (80%),18/25 (72%),15/20 (75%),8/15 (53%),8/15 (53%),6,6,4/6 (66%),0/2 (0%),26,23,12,14,4,7,2,2,5/20 (25%),7/25 (28%),7/15 (46%),7/15 (46%),6,6,2,2,1,0,0.0,0.0,0.0,3.0,24/38 (63%),34/52 (65%),14/14 (100%),15/18 (83%),17/24 (71%),25/34 (74%),8/14 (57%),8/18 (44%),6.0,6.0,0/1 (0%),6/6 (100%),25.0,33.0,19.0,13.0,5.0,5.0,1.0,2.0,9/34 (26%),7/24 (29%),10/18 (55%),6/14 (42%),6.0,6.0,0.0,1.0,0.0,0.0,1.0,2.0,1.0,0.0,19/32 (59%),16/24 (67%),12/13 (92%),8/8 (100%),11/19 (58%),14/16 (88%),6/13 (46%),4/8 (50%),5.0,5.0,0/2 (0%),1/2 (50%),17.0,18.0,6.0,15.0,3.0,4.0,2.0,2.0,2/16 (12%),8/19 (42%),4/8 (50%),7/13 (53%),5.0,5.0,1.0,2.0,0.0,0.0
15460719,CHALLENGER,174304,"Cleveland, USA, Qualifying",2026-02-02,Qualification Round 1,Hardcourt indoor,256802,Tristan McCormick,317453,Dragos Nicolae Cazacu,2,0,2 - ?,2026-05-17,9,1,0,1,39/58 (67%),44/76 (58%),19/19 (100%),31/32 (97%),32/39 (82%),28/44 (64%),9/19 (47%),15/32 (47%),9,10,1/1 (100%),4/7 (57%),74.0,60.0,41,43,33,17,5,4,13.0,7.0,9.0,7.0,5,1,16/44 (36%),7/39 (17%),17/32 (53%),10/19 (52%),10,9,3,0,1,0,3,0,0,0,9/17 (53%),13/26 (50%),8/8 (100%),13/13 (100%),7/9 (78%),7/13 (54%),5/8 (63%),4/13 (31%),3,4,0/0 (0%),1/4 (25%),12,11,15,5,4,2,4,1,6/13 (46%),2/9 (22%),9/13 (69%),3/8 (37%),4,3,3,0,0,0,6.0,1.0,0.0,1.0,30/41 (73%),31/50 (62%),11/11 (100%),18/19 (95%),25/30 (83%),21/31 (68%),4/11 (36%),11/19 (58%),6.0,6.0,1/1 (100%),3/3 (100%),29.0,32.0,18.0,12.0,5.0,4.0,1.0,1.0,10/31 (32%),5/30 (16%),8/19 (42%),7/11 (63%),6.0,6.0,0.0,0.0,1.0,0.0,,,,,,,,,,,,,,,,,,,,,,,,,,,,,,,,,,
15460717,CHALLENGER,174304,"Cleveland, USA, Qualifying",2026-02-02,Qualification Round 1,Hardcourt indoor,257597,Joshua Sheehy,283482,Ronald Hohmann,2,0,2 - ?,2026-05-17,5,9,4,3,51/77 (66%),40/60 (67%),22/26 (85%),17/20 (85%),34/51 (67%),35/40 (88%),11/26 (42%),9/20 (45%),11,10,5/8 (62%),5/6 (83%),61.0,74.0,45,44,16,30,7,9,9.0,13.0,4.0,7.0,2,5,5/40 (12%),17/51 (33%),11/20 (55%),15/26 (57%),10,11,1,3,0,1,3,7,2,1,24/47 (51%),27/42 (64%),21/23 (91%),14/15 (93%),18/24 (75%),24/27 (89%),13/23 (57%),7/15 (47%),6,6,4/4 (100%),5/5 (100%),31,31,11,16,7,7,1,1,3/27 (11%),6/24 (25%),8/15 (53%),10/23 (43%),6,6,0,0,0,1,2.0,2.0,2.0,2.0,22/28 (79%),11/18 (61%),4/6 (67%),5/7 (71%),13/22 (59%),9/11 (82%),1/6 (17%),4/7 (57%),5.0,4.0,1/4 (25%),0/1 (0%),14.0,13.0,5.0,14.0,7.0,9.0,2.0,3.0,2/11 (18%),9/22 (40%),3/7 (42%),5/6 (83%),4.0,5.0,1.0,3.0,0.0,0.0,,,,,,,,,,,,,,,,,,,,,,,,,,,,,,,,,,
15459228,ATP,174037,"Montpellier, France",2026-02-03,Round of 32,Hardcourt indoor,15894,Adrian Mannarino,77223,Pedro Martinez,2,0,,20260517,1,14,1,1,33/55 (60%),44/65 (68%),21/22 (95%),20/21 (95%),23/33 (70%),36/44 (82%),12/22 (55%),13/21 (62%),9,10,1/3 (33%),2/2 (100%),51.0,69.0,35,49,16,20,4,6,7.0,13.0,7.0,10.0,1,5,8/44 (18%),10/33 (30%),8/21 (38%),10/22 (45%),10,9,0,2,0,1,1,8,0,1,19/36 (53%),30/47 (64%),17/17 (100%),16/17 (94%),16/19 (84%),24/30 (80%),10/17 (59%),9/17 (53%),6,6,0/0 (0%),2/2 (100%),26,33,14,10,4,6,1,2,6/30 (20%),3/19 (15%),8/17 (47%),7/17 (41%),6,6,0,0,0,1,0.0,6.0,1.0,0.0,13/19 (68%),14/18 (78%),5/6 (83%),4/4 (100%),7/13 (54%),12/14 (86%),2/6 (33%),4/4 (100%),3.0,4.0,1/3 (33%),0/0 (0%),9.0,16.0,2.0,10.0,4.0,6.0,1.0,3.0,2/14 (14%),6/13 (46%),0/4 (0%),4/6 (66%),4.0,3.0,0.0,2.0,0.0,0.0,,,,,,,,,,,,,,,,,,,,,,,,,,,,,,,,,,
15459227,ATP,174037,"Montpellier, France",2026-02-03,Round of 32,Hardcourt indoor,383987,Arthur Gea,289146,Giovanni Mpetshi Perricard,1,0,,20260517,2,1,2,1,11/23 (48%),17/20 (85%),10/12 (83%),2/3 (67%),10/11 (91%),12/17 (71%),10/12 (83%),1/3 (33%),5,4,0/0 (0%),0/1 (0%),27.0,16.0,20,13,7,3,6,4,6.0,3.0,5.0,3.0,3,1,5/17 (29%),1/11 (9%),2/3 (66%),2/12 (16%),4,5,1,0,0,0,2,1,2,1,11/23 (48%),17/20 (85%),10/12 (83%),2/3 (67%),10/11 (91%),12/17 (71%),10/12 (83%),1/3 (33%),5,4,0/0 (0%),0/1 (0%),20,13,7,3,6,4,3,1,5/17 (29%),1/11 (9%),2/3 (66%),2/12 (16%),4,5,1,0,0,0,,,,,,,,,,,,,,,,,,,,,,,,,,,,,,,,,,,,,,,,,,,,,,,,,,,,,,,,,,,,,,,,,,,,
15459226,ATP,174037,"Montpellier, France",2026-02-03,Round of 32,Hardcourt indoor,16720,Roberto Bautista Agut,58221,Christopher O'Connell,2,1,,20260517,6,11,0,1,70/101 (69%),60/110 (55%),31/31 (100%),49/50 (98%),48/70 (69%),43/60 (72%),18/31 (58%),25/50 (50%),17,16,6/9 (66%),9/13 (69%),108.0,103.0,66,68,42,35,7,7,18.0,15.0,14.0,12.0,3,3,17/60 (28%),22/70 (31%),25/50 (50%),13/31 (41%),16,17,4,3,0,0,1,5,0,1,24/35 (69%),16/34 (47%),11/11 (100%),17/18 (94%),18/24 (75%),12/16 (75%),5/11 (45%),13/18 (72%),6,6,2/3 (66%),0/0 (0%),23,25,9,12,6,7,1,3,4/16 (25%),6/24 (25%),5/18 (27%),6/11 (54%),6,6,0,1,0,0,3.0,1.0,0.0,0.0,21/31 (68%),19/36 (53%),10/10 (100%),17/17 (100%),15/21 (71%),13/19 (68%),7/10 (70%),8/17 (47%),5.0,4.0,0/0 (0%),5/6 (83%),22.0,21.0,15.0,9.0,4.0,4.0,3.0,1.0,6/19 (31%),6/21 (28%),9/17 (52%),3/10 (30%),4.0,5.0,1.0,0.0,0.0,0.0,2.0,5.0,0.0,0.0,25/35 (71%),23/40 (57%),10/10 (100%),17/17 (100%),15/25 (60%),17/23 (74%),6/10 (60%),5/17 (29%),6.0,6.0,4/6 (66%),4/7 (57%),21.0,22.0,18.0,14.0,5.0,5.0,3.0,2.0,6/23 (26%),10/25 (40%),12/17 (70%),4/10 (40%),6.0,6.0,3.0,2.0,0.0,0.0
15459810,CHALLENGER,174283,"Koblenz, Germany, Qualifying",2026-02-02,Qualification Round 1,Hardcourt indoor,207083,Stijn Slump,275106,Felix Einig,2,1,2 - 1,2026-05-17,4,12,4,0,49/81 (60%),60/89 (67%),28/32 (88%),29/29 (100%),36/49 (73%),46/60 (77%),17/32 (53%),14/29 (48%),16,16,2/6 (33%),3/5 (60%),82.0,88.0,53,60,29,28,7,7,14.0,18.0,11.0,11.0,5,5,14/60 (23%),13/49 (26%),15/29 (51%),15/32 (46%),16,16,2,4,0,0,3,6,1,0,16/29 (55%),21/30 (70%),12/13 (92%),9/9 (100%),14/16 (88%),18/21 (86%),10/13 (77%),4/9 (44%),6,6,0/0 (0%),0/1 (0%),24,22,8,5,5,4,2,1,3/21 (14%),2/16 (12%),5/9 (55%),3/13 (23%),6,6,1,0,0,0,1.0,2.0,1.0,0.0,21/33 (64%),29/43 (67%),11/12 (92%),14/14 (100%),15/21 (71%),20/29 (69%),5/12 (42%),6/14 (43%),6.0,6.0,1/3 (33%),3/4 (75%),20.0,26.0,17.0,13.0,7.0,4.0,3.0,3.0,9/29 (31%),6/21 (28%),8/14 (57%),7/12 (58%),6.0,6.0,1.0,2.0,0.0,0.0,0.0,4.0,2.0,0.0,13/22 (59%),15/20 (75%),7/9 (78%),5/5 (100%),8/13 (62%),12/15 (80%),4/9 (44%),4/5 (80%),4.0,4.0,1/3 (33%),0/0 (0%),12.0,16.0,4.0,10.0,4.0,7.0,1.0,5.0,3/15 (20%),5/13 (38%),1/5 (20%),5/9 (55%),4.0,4.0,0.0,2.0,0.0,0.0
15460012,CHALLENGER,174283,"Koblenz, Germany, Qualifying",2026-02-02,Qualification Round 1,Hardcourt indoor,353705,Matthew William Donald,463771,David Eichenseher,2,0,2 - ?,2026-05-17,0,2,4,1,41/64 (64%),35/50 (70%),19/23 (83%),14/15 (93%),29/41 (71%),21/35 (60%),10/23 (43%),6/15 (40%),10,9,4/6 (66%),2/6 (33%),62.0,50.0,39,27,23,23,6,6,12.0,7.0,7.0,5.0,4,2,14/35 (40%),12/41 (29%),9/15 (60%),13/23 (56%),9,10,4,2,0,0,0,0,3,1,17/33 (52%),13/22 (59%),13/16 (81%),8/9 (89%),13/17 (76%),5/13 (38%),6/16 (38%),3/9 (33%),5,4,4/6 (66%),1/4 (25%),19,8,14,14,6,6,5,2,8/13 (61%),4/17 (23%),6/9 (66%),10/16 (62%),4,5,3,2,0,0,0.0,2.0,1.0,0.0,21/29 (72%),22/28 (79%),7/8 (88%),6/6 (100%),16/21 (76%),16/22 (73%),4/8 (50%),3/6 (50%),5.0,5.0,0/0 (0%),1/2 (50%),20.0,19.0,9.0,9.0,4.0,6.0,3.0,1.0,6/22 (27%),5/21 (23%),3/6 (50%),4/8 (50%),5.0,5.0,1.0,0.0,0.0,0.0,,,,,,,,,,,,,,,,,,,,,,,,,,,,,,,,,,
15459804,CHALLENGER,174283,"Koblenz, Germany, Qualifying",2026-02-02,Qualification Round 1,Hardcourt indoor,315569,John Sperle,165198,Adrian Oetzbach,2,0,2 - ?,2026-05-17,1,4,1,2,50/80 (63%),47/70 (67%),29/30 (97%),21/23 (91%),31/50 (62%),35/47 (74%),11/30 (37%),9/23 (39%),11,10,2/6 (33%),5/7 (71%),68.0,82.0,42,44,26,38,4,9,9.0,13.0,7.0,8.0,4,3,12/47 (25%),19/50 (38%),14/23 (60%),19/30 (63%),10,11,2,4,0,1,0,1,1,1,27/48 (56%),28/43 (65%),20/21 (95%),14/15 (93%),18/27 (67%),19/28 (68%),8/21 (38%),6/15 (40%),6,6,2/4 (50%),2/4 (50%),26,25,18,22,4,9,4,3,9/28 (32%),9/27 (33%),9/15 (60%),13/21 (61%),6,6,2,2,0,1,1.0,3.0,0.0,1.0,22/32 (69%),18/27 (67%),10/10 (100%),8/9 (89%),12/22 (55%),15/18 (83%),4/10 (40%),4/9 (44%),5.0,4.0,0/2 (0%),3/3 (100%),16.0,19.0,8.0,16.0,3.0,7.0,1.0,3.0,3/18 (16%),10/22 (45%),5/9 (55%),6/10 (60%),4.0,5.0,0.0,2.0,0.0,0.0,,,,,,,,,,,,,,,,,,,,,,,,,,,,,,,,,,
15459803,CHALLENGER,174283,"Koblenz, Germany, Qualifying",2026-02-02,Qualification Round 1,Hardcourt indoor,341168,Liam Gavrielides,41473,Kenny De Schepper,2,1,2 - 1,2026-05-17,7,10,3,5,46/77 (60%),62/87 (71%),28/31 (90%),20/25 (80%),31/46 (67%),43/62 (69%),23/31 (74%),13/25 (52%),14,14,3/5 (60%),4/6 (66%),85.0,79.0,54,56,31,23,10,6,14.0,14.0,10.0,11.0,3,4,19/62 (30%),15/46 (32%),12/25 (48%),8/31 (25%),14,14,2,2,0,0,0,2,1,0,11/20 (55%),23/29 (79%),8/9 (89%),6/6 (100%),5/11 (45%),15/23 (65%),6/9 (67%),4/6 (67%),4,4,1/3 (33%),3/3 (100%),11,19,10,9,4,6,1,4,8/23 (34%),6/11 (54%),2/6 (33%),3/9 (33%),4,4,0,2,0,0,3.0,4.0,0.0,1.0,16/29 (55%),17/26 (65%),13/13 (100%),8/9 (89%),11/16 (69%),13/17 (76%),11/13 (85%),5/9 (56%),5.0,5.0,2/2 (100%),0/1 (0%),22.0,18.0,8.0,7.0,6.0,4.0,2.0,1.0,4/17 (23%),5/16 (31%),4/9 (44%),2/13 (15%),5.0,5.0,1.0,0.0,0.0,0.0,4.0,4.0,2.0,4.0,19/28 (68%),21/32 (66%),7/9 (78%),7/11 (64%),15/19 (79%),14/21 (67%),6/9 (67%),5/11 (45%),5.0,5.0,0/0 (0%),1/2 (50%),21.0,19.0,13.0,7.0,10.0,3.0,3.0,1.0,7/21 (33%),4/19 (21%),6/11 (54%),3/9 (33%),5.0,5.0,1.0,0.0,0.0,0.0
15459809,CHALLENGER,174283,"Koblenz, Germany, Qualifying",2026-02-02,Qualification Round 1,Hardcourt indoor,306490,Matyaš Černy,112987,Tim Handel,2,0,2 - ?,2026-05-17,5,3,2,4,35/51 (69%),40/61 (66%),14/16 (88%),17/21 (81%),26/35 (74%),22/40 (55%),8/16 (50%),7/21 (33%),8,8,6/7 (85%),5/10 (50%),66.0,46.0,34,29,32,17,6,4,12.0,4.0,7.0,3.0,4,2,18/40 (45%),9/35 (25%),14/21 (66%),8/16 (50%),8,8,5,1,0,0,2,3,2,2,18/26 (69%),20/30 (67%),6/8 (75%),8/10 (80%),13/18 (72%),10/20 (50%),3/8 (38%),3/10 (30%),4,4,4/5 (80%),2/5 (40%),16,13,17,10,4,3,4,2,10/20 (50%),5/18 (27%),7/10 (70%),5/8 (62%),4,4,3,1,0,0,3.0,0.0,0.0,2.0,17/25 (68%),18/31 (58%),8/8 (100%),11/13 (85%),13/17 (76%),10/18 (56%),5/8 (63%),6/13 (46%),4.0,4.0,2/2 (100%),3/5 (60%),18.0,16.0,15.0,7.0,5.0,4.0,3.0,1.0,8/18 (44%),4/17 (23%),7/13 (53%),3/8 (37%),4.0,4.0,2.0,0.0,0.0,0.0,,,,,,,,,,,,,,,,,,,,,,,,,,,,,,,,,,
15460013,CHALLENGER,174283,"Koblenz, Germany, Qualifying",2026-02-02,Qualification Round 1,Hardcourt indoor,462177,Mika Petkovic,370164,Robin Catry,2,1,2 - 1,2026-05-17,10,2,12,4,61/97 (63%),70/95 (74%),24/36 (67%),21/25 (84%),45/61 (74%),49/70 (70%),12/36 (33%),12/25 (48%),16,15,4/8 (50%),8/11 (72%),91.0,101.0,57,61,34,40,4,6,15.0,16.0,11.0,11.0,3,2,21/70 (30%),16/61 (26%),13/25 (52%),24/36 (66%),15,16,3,4,0,0,3,0,6,2,16/28 (57%),25/30 (83%),6/12 (50%),3/5 (60%),12/16 (75%),18/25 (72%),3/12 (25%),2/5 (40%),5,5,2/4 (50%),3/4 (75%),15,20,10,13,4,6,2,2,7/25 (28%),4/16 (25%),3/5 (60%),9/12 (75%),5,5,1,2,0,0,4.0,1.0,2.0,0.0,18/29 (62%),17/24 (71%),9/11 (82%),7/7 (100%),15/18 (83%),11/17 (65%),5/11 (45%),4/7 (57%),5.0,4.0,0/0 (0%),2/3 (66%),20.0,15.0,9.0,9.0,4.0,4.0,3.0,1.0,6/17 (35%),3/18 (16%),3/7 (42%),6/11 (54%),4.0,5.0,1.0,0.0,0.0,0.0,3.0,1.0,4.0,2.0,26/40 (65%),28/41 (68%),10/14 (71%),11/13 (85%),17/26 (65%),20/28 (71%),5/14 (36%),6/13 (46%),6.0,6.0,2/4 (50%),3/4 (75%),22.0,26.0,15.0,18.0,4.0,4.0,2.0,2.0,8/28 (28%),9/26 (34%),7/13 (53%),9/14 (64%),6.0,6.0,1.0,2.0,0.0,0.0
15459807,CHALLENGER,174283,"Koblenz, Germany, Qualifying",2026-02-02,Qualification Round 1,Hardcourt indoor,180446,Louis Wessels,201806,Niklas Schell,2,0,2 - ?,2026-05-17,3,7,1,3,33/51 (65%),50/67 (75%),17/18 (94%),14/17 (82%),21/33 (64%),40/50 (80%),8/18 (44%),8/17 (47%),9,10,0/3 (0%),3/4 (75%),48.0,70.0,29,48,19,22,5,15,7.0,13.0,5.0,9.0,3,8,10/50 (20%),12/33 (36%),9/17 (52%),10/18 (55%),10,9,1,3,0,1,3,3,1,2,24/38 (63%),32/43 (74%),13/14 (93%),9/11 (82%),17/24 (71%),25/32 (78%),7/14 (50%),5/11 (45%),6,6,0/1 (0%),2/3 (66%),24,30,13,14,5,11,3,3,7/32 (21%),7/24 (29%),6/11 (54%),7/14 (50%),6,6,1,1,0,1,0.0,4.0,0.0,1.0,10/16 (63%),17/25 (68%),6/6 (100%),7/8 (88%),5/10 (50%),16/17 (94%),3/6 (50%),3/8 (38%),3.0,4.0,0/2 (0%),1/1 (100%),8.0,19.0,6.0,8.0,4.0,7.0,1.0,5.0,1/17 (5%),5/10 (50%),5/8 (62%),3/6 (50%),4.0,3.0,0.0,2.0,0.0,0.0,,,,,,,,,,,,,,,,,,,,,,,,,,,,,,,,,,
15459805,CHALLENGER,174283,"Koblenz, Germany, Qualifying",2026-02-02,Qualification Round 1,Hardcourt indoor,300293,Max Hans Rehberg,497592,Oskari Paldanius,2,0,2 - ?,2026-05-17,3,7,0,4,47/58 (81%),37/60 (62%),11/11 (100%),19/23 (83%),34/47 (72%),24/37 (65%),8/11 (73%),12/23 (52%),11,11,0/1 (0%),0/2 (0%),66.0,52.0,42,36,24,16,9,5,13.0,10.0,9.0,7.0,3,2,13/37 (35%),13/47 (27%),11/23 (47%),3/11 (27%),11,11,2,1,1,0,1,3,0,1,29/34 (85%),21/34 (62%),5/5 (100%),12/13 (92%),21/29 (72%),12/21 (57%),3/5 (60%),8/13 (62%),6,6,0/1 (0%),0/1 (0%),24,20,14,10,8,5,2,2,9/21 (42%),8/29 (27%),5/13 (38%),2/5 (40%),6,6,1,1,1,0,2.0,4.0,0.0,3.0,19/26 (73%),17/27 (63%),7/7 (100%),7/10 (70%),15/19 (79%),13/17 (76%),5/7 (71%),4/10 (40%),5.0,5.0,0/0 (0%),0/1 (0%),20.0,17.0,10.0,6.0,4.0,3.0,2.0,1.0,4/17 (23%),4/19 (21%),6/10 (60%),2/7 (28%),5.0,5.0,1.0,0.0,0.0,0.0,,,,,,,,,,,,,,,,,,,,,,,,,,,,,,,,,,
15459806,CHALLENGER,174283,"Koblenz, Germany, Qualifying",2026-02-02,Qualification Round 1,Hardcourt indoor,114885,Johan Nikles,77501,Kai Wehnelt,2,0,2 - ?,2026-05-17,3,4,0,3,29/57 (51%),33/53 (62%),28/28 (100%),17/20 (85%),21/29 (72%),18/33 (55%),17/28 (61%),11/20 (55%),8,8,2/2 (100%),5/9 (55%),62.0,48.0,38,29,24,19,5,5,12.0,4.0,8.0,4.0,3,1,15/33 (45%),8/29 (27%),9/20 (45%),11/28 (39%),8,8,4,0,0,0,2,3,0,3,20/28 (71%),17/30 (57%),8/8 (100%),10/13 (77%),15/20 (75%),11/17 (65%),4/8 (50%),5/13 (38%),4,4,2/2 (100%),5/7 (71%),19,16,14,9,5,5,3,1,6/17 (35%),5/20 (25%),8/13 (61%),4/8 (50%),4,4,2,0,0,0,1.0,1.0,0.0,0.0,9/29 (31%),15/23 (65%),20/20 (100%),8/8 (100%),6/9 (67%),7/15 (47%),13/20 (65%),6/8 (75%),4.0,4.0,0/0 (0%),0/2 (0%),19.0,13.0,10.0,10.0,3.0,4.0,3.0,1.0,8/15 (53%),3/9 (33%),2/8 (25%),7/20 (35%),4.0,4.0,2.0,0.0,0.0,0.0,,,,,,,,,,,,,,,,,,,,,,,,,,,,,,,,,,
15459808,CHALLENGER,174283,"Koblenz, Germany, Qualifying",2026-02-02,Qualification Round 1,Hardcourt indoor,405559,Loann Massard,258900,Maik Steiner,2,1,2 - 1,2026-05-17,2,9,7,1,59/100 (59%),58/77 (75%),34/41 (83%),18/19 (95%),44/59 (75%),46/58 (79%),14/41 (34%),13/19 (68%),14,14,3/7 (42%),0/0 (0%),76.0,101.0,58,59,18,42,5,8,11.0,18.0,10.0,14.0,1,5,12/58 (20%),15/59 (25%),6/19 (31%),27/41 (65%),14,14,0,4,1,0,0,6,3,1,30/50 (60%),26/37 (70%),17/20 (85%),10/11 (91%),23/30 (77%),18/26 (69%),9/20 (45%),9/11 (82%),6,6,2/2 (100%),0/0 (0%),32,27,10,18,5,6,1,1,8/26 (30%),7/30 (23%),2/11 (18%),11/20 (55%),6,6,0,0,1,0,1.0,3.0,2.0,0.0,9/23 (39%),15/20 (75%),12/14 (86%),5/5 (100%),7/9 (78%),15/15 (100%),4/14 (29%),1/5 (20%),3.0,4.0,1/3 (33%),0/0 (0%),11.0,16.0,4.0,12.0,4.0,6.0,1.0,5.0,0/15 (0%),2/9 (22%),4/5 (80%),10/14 (71%),4.0,3.0,0.0,2.0,0.0,0.0,1.0,0.0,2.0,0.0,19/27 (70%),17/20 (85%),6/8 (75%),3/3 (100%),13/19 (68%),13/17 (76%),2/8 (25%),3/3 (100%),5.0,4.0,0/2 (0%),0/0 (0%),15.0,16.0,4.0,12.0,4.0,8.0,1.0,4.0,4/17 (23%),6/19 (31%),0/3 (0%),6/8 (75%),4.0,5.0,0.0,2.0,0.0,0.0
15462928,CHALLENGER,174283,"Koblenz, Germany, Qualifying",2026-02-02,Qualification Final,Hardcourt indoor,225214,Buvaysar Gadamauri,273778,Alec Deckers,2,0,2 - ?,2026-05-17,3,6,3,1,39/56 (70%),32/56 (57%),14/17 (82%),23/24 (96%),34/39 (87%),24/32 (75%),12/17 (71%),13/24 (54%),11,10,1/1 (100%),1/3 (33%),65.0,47.0,46,37,19,10,6,4,13.0,8.0,11.0,8.0,3,1,8/32 (25%),5/39 (12%),11/24 (45%),5/17 (29%),10,11,2,0,0,0,1,4,2,1,24/35 (69%),20/35 (57%),9/11 (82%),14/15 (93%),19/24 (79%),15/20 (75%),7/11 (64%),8/15 (53%),6,6,1/1 (100%),1/2 (50%),26,23,12,9,4,4,2,1,5/20 (25%),5/24 (20%),7/15 (46%),4/11 (36%),6,6,1,0,0,0,2.0,2.0,1.0,0.0,15/21 (71%),12/22 (55%),5/6 (83%),10/10 (100%),15/15 (100%),9/12 (75%),5/6 (83%),6/10 (60%),5.0,4.0,0/0 (0%),0/1 (0%),20.0,15.0,7.0,1.0,6.0,4.0,3.0,1.0,3/12 (25%),0/15 (0%),4/10 (40%),1/6 (16%),4.0,5.0,1.0,0.0,0.0,0.0,,,,,,,,,,,,,,,,,,,,,,,,,,,,,,,,,,
15463212,CHALLENGER,174283,"Koblenz, Germany, Qualifying",2026-02-02,Qualification Final,Hardcourt indoor,353705,Matthew William Donald,207083,Stijn Slump,2,0,2 - ?,2026-05-17,1,5,7,1,58/76 (76%),34/66 (52%),11/18 (61%),31/32 (97%),37/58 (64%),21/34 (62%),6/18 (33%),9/32 (28%),11,10,7/11 (63%),5/11 (45%),79.0,63.0,43,30,36,33,5,5,13.0,8.0,7.0,4.0,5,3,13/34 (38%),21/58 (36%),23/32 (71%),12/18 (66%),10,11,6,4,0,0,0,5,4,0,37/47 (79%),20/42 (48%),6/10 (60%),22/22 (100%),25/37 (68%),14/20 (70%),2/10 (20%),6/22 (27%),6,6,5/7 (71%),3/6 (50%),27,20,22,20,5,4,4,3,6/20 (30%),12/37 (32%),16/22 (72%),8/10 (80%),6,6,3,2,0,0,1.0,0.0,3.0,1.0,20/30 (67%),14/24 (58%),7/10 (70%),9/10 (90%),12/20 (60%),7/14 (50%),5/10 (50%),3/10 (30%),5.0,4.0,2/4 (50%),2/5 (40%),17.0,10.0,14.0,13.0,5.0,5.0,3.0,2.0,7/14 (50%),8/20 (40%),7/10 (70%),5/10 (50%),4.0,5.0,3.0,2.0,0.0,0.0,,,,,,,,,,,,,,,,,,,,,,,,,,,,,,,,,,
15460030,CHALLENGER,174286,"Tenerife, Spain, Qualifying",2026-02-02,Qualification Round 1,Hardcourt outdoor,460287,Izan Almazan Valiente,513294,Samuel Garcia Hernandez,2,0,2 - ?,2026-05-17,0,7,2,6,34/51 (67%),32/48 (67%),15/17 (88%),10/16 (63%),11/34 (32%),25/32 (78%),8/17 (47%),5/16 (31%),7,8,7/13 (53%),1/3 (33%),37.0,62.0,19,30,18,32,4,7,3.0,12.0,1.0,6.0,2,8,7/32 (21%),23/34 (67%),11/16 (68%),9/17 (52%),8,7,2,6,0,0,0,6,2,2,16/26 (62%),18/26 (69%),8/10 (80%),6/8 (75%),6/16 (38%),13/18 (72%),4/10 (40%),3/8 (38%),4,4,1/4 (25%),1/2 (50%),10,16,10,16,4,7,2,4,5/18 (27%),10/16 (62%),5/8 (62%),6/10 (60%),4,4,1,3,0,0,0.0,1.0,0.0,4.0,17/25 (68%),13/22 (59%),8/8 (100%),5/9 (56%),5/17 (29%),11/13 (85%),4/8 (50%),3/9 (33%),3.0,4.0,6/9 (66%),0/1 (0%),9.0,14.0,8.0,16.0,3.0,7.0,1.0,4.0,2/13 (15%),12/17 (70%),6/9 (66%),4/8 (50%),4.0,3.0,1.0,3.0,0.0,0.0,,,,,,,,,,,,,,,,,,,,,,,,,,,,,,,,,,
15460006,CHALLENGER,174286,"Tenerife, Spain, Qualifying",2026-02-02,Qualification Round 1,Hardcourt outdoor,234896,Benjamin Winter Lopez,515230,Saul Pacheco Benasayag,2,1,2 - 1,2026-05-17,0,2,4,3,55/75 (73%),39/65 (60%),16/20 (80%),23/26 (88%),29/55 (53%),27/39 (69%),9/20 (45%),12/26 (46%),12,12,4/10 (40%),1/5 (20%),64.0,75.0,38,39,26,36,6,8,10.0,14.0,6.0,8.0,5,3,12/39 (30%),26/55 (47%),14/26 (53%),11/20 (55%),12,12,4,6,0,0,0,1,2,1,21/25 (84%),8/16 (50%),2/4 (50%),7/8 (88%),8/21 (38%),6/8 (75%),0/4 (0%),4/8 (50%),4,3,1/5 (20%),0/1 (0%),8,10,6,17,4,8,1,3,2/8 (25%),13/21 (61%),4/8 (50%),4/4 (100%),3,4,1,4,0,0,0.0,1.0,1.0,2.0,15/23 (65%),14/22 (64%),7/8 (88%),6/8 (75%),8/15 (53%),8/14 (57%),6/8 (75%),1/8 (13%),4.0,4.0,0/1 (0%),1/4 (25%),14.0,9.0,13.0,9.0,6.0,5.0,5.0,2.0,6/14 (42%),7/15 (46%),7/8 (87%),2/8 (25%),4.0,4.0,3.0,1.0,0.0,0.0,0.0,0.0,1.0,0.0,16/26 (62%),15/27 (56%),9/10 (90%),12/12 (100%),12/16 (75%),11/15 (73%),4/10 (40%),9/12 (75%),4.0,5.0,3/4 (75%),0/0 (0%),16.0,20.0,7.0,10.0,5.0,4.0,1.0,3.0,4/15 (26%),4/16 (25%),3/12 (25%),6/10 (60%),5.0,4.0,0.0,1.0,0.0,0.0
15460031,CHALLENGER,174286,"Tenerife, Spain, Qualifying",2026-02-02,Qualification Round 1,Hardcourt outdoor,482299,Andrea Colombo,309146,Adrien Burdet,2,0,2 - ?,2026-05-17,0,2,1,2,33/40 (83%),25/45 (56%),6/7 (86%),18/20 (90%),18/33 (55%),19/25 (76%),1/7 (14%),15/20 (75%),7,8,0/4 (0%),3/3 (100%),30.0,55.0,19,34,11,21,3,6,3.0,12.0,3.0,8.0,1,5,6/25 (24%),15/33 (45%),5/20 (25%),6/7 (85%),8,7,0,4,0,0,0,2,0,2,15/18 (83%),10/21 (48%),3/3 (100%),9/11 (82%),8/15 (53%),9/10 (90%),0/3 (0%),7/11 (64%),3,4,0/2 (0%),0/0 (0%),8,16,5,10,3,5,1,3,1/10 (10%),7/15 (46%),4/11 (36%),3/3 (100%),4,3,0,2,0,0,0.0,0.0,1.0,0.0,17/22 (77%),15/24 (63%),4/5 (80%),9/9 (100%),10/17 (59%),10/15 (67%),1/5 (20%),8/9 (89%),4.0,4.0,0/2 (0%),3/3 (100%),11.0,18.0,6.0,11.0,3.0,6.0,1.0,5.0,5/15 (33%),7/17 (41%),1/9 (11%),4/5 (80%),4.0,4.0,0.0,2.0,0.0,0.0,,,,,,,,,,,,,,,,,,,,,,,,,,,,,,,,,,
15460034,CHALLENGER,174286,"Tenerife, Spain, Qualifying",2026-02-02,Qualification Round 1,Hardcourt outdoor,326985,Iiro Vasa,353583,Szymon Kielan,2,0,2 - ?,2026-05-17,4,3,1,7,28/42 (67%),21/44 (48%),13/14 (93%),16/23 (70%),24/28 (86%),12/21 (57%),7/14 (50%),7/23 (30%),8,7,2/3 (66%),6/11 (54%),56.0,30.0,31,19,25,11,10,5,12.0,3.0,7.0,2.0,5,2,9/21 (42%),4/28 (14%),16/23 (69%),7/14 (50%),7,8,5,1,0,0,2,3,1,3,14/25 (56%),11/24 (46%),10/11 (91%),10/13 (77%),11/14 (79%),7/11 (64%),4/11 (36%),3/13 (23%),4,4,2/3 (66%),4/7 (57%),15,10,14,10,6,5,4,2,4/11 (36%),3/14 (21%),10/13 (76%),7/11 (63%),4,4,3,1,0,0,2.0,0.0,0.0,4.0,14/17 (82%),8/20 (40%),3/3 (100%),8/12 (67%),13/14 (93%),5/8 (63%),3/3 (100%),4/12 (33%),4.0,3.0,0/0 (0%),2/4 (50%),16.0,9.0,11.0,1.0,10.0,2.0,5.0,1.0,3/8 (37%),1/14 (7%),8/12 (66%),0/3 (0%),3.0,4.0,2.0,0.0,0.0,0.0,,,,,,,,,,,,,,,,,,,,,,,,,,,,,,,,,,
15460032,CHALLENGER,174286,"Tenerife, Spain, Qualifying",2026-02-02,Qualification Round 1,Hardcourt outdoor,276364,Oscar Weightman,1168953,Rodrigo Ledesma Sosa,2,0,2 - ?,2026-05-17,1,0,1,1,27/38 (71%),22/34 (65%),10/11 (91%),11/12 (92%),21/27 (78%),7/22 (32%),6/11 (55%),3/12 (25%),7,7,2/3 (66%),1/7 (14%),51.0,21.0,27,10,24,11,13,4,12.0,2.0,6.0,1.0,7,2,15/22 (68%),6/27 (22%),9/12 (75%),5/11 (45%),7,7,6,1,0,0,1,0,1,1,12/16 (75%),7/14 (50%),3/4 (75%),6/7 (86%),10/12 (83%),1/7 (14%),2/4 (50%),1/7 (14%),3,3,0/0 (0%),0/3 (0%),12,2,12,4,13,2,6,0,6/7 (85%),2/12 (16%),6/7 (85%),2/4 (50%),3,3,3,0,0,0,0.0,0.0,0.0,0.0,15/22 (68%),15/20 (75%),7/7 (100%),5/5 (100%),11/15 (73%),6/15 (40%),4/7 (57%),2/5 (40%),4.0,4.0,2/3 (66%),1/4 (25%),15.0,8.0,12.0,7.0,9.0,4.0,4.0,2.0,9/15 (60%),4/15 (26%),3/5 (60%),3/7 (42%),4.0,4.0,3.0,1.0,0.0,0.0,,,,,,,,,,,,,,,,,,,,,,,,,,,,,,,,,,
15460036,CHALLENGER,174286,"Tenerife, Spain, Qualifying",2026-02-02,Qualification Round 1,Hardcourt outdoor,324576,Filip Pieczonka,329557,Kyle Overmyer,2,1,2 - 1,2026-05-17,2,9,1,4,61/93 (66%),52/81 (64%),31/32 (97%),25/29 (86%),40/61 (66%),40/52 (77%),20/32 (63%),18/29 (62%),14,14,7/9 (77%),3/4 (75%),83.0,90.0,60,58,23,32,6,6,13.0,15.0,11.0,13.0,3,3,12/52 (23%),21/61 (34%),11/29 (37%),12/32 (37%),14,14,1,2,0,0,2,3,1,1,24/39 (62%),17/26 (65%),14/15 (93%),8/9 (89%),15/24 (63%),15/17 (88%),9/15 (60%),5/9 (56%),5,5,4/5 (80%),0/0 (0%),24,20,6,15,4,6,1,3,2/17 (11%),9/24 (37%),4/9 (44%),6/15 (40%),5,5,0,1,0,0,0.0,2.0,0.0,2.0,17/25 (68%),17/28 (61%),8/8 (100%),9/11 (82%),14/17 (82%),11/17 (65%),6/8 (75%),6/11 (55%),5.0,4.0,0/0 (0%),2/3 (66%),20.0,17.0,11.0,5.0,6.0,4.0,3.0,1.0,6/17 (35%),3/17 (17%),5/11 (45%),2/8 (25%),4.0,5.0,1.0,0.0,0.0,0.0,0.0,4.0,0.0,1.0,19/28 (68%),18/27 (67%),9/9 (100%),8/9 (89%),11/19 (58%),14/18 (78%),5/9 (56%),7/9 (78%),4.0,5.0,3/4 (75%),1/1 (100%),16.0,21.0,6.0,12.0,3.0,4.0,1.0,3.0,4/18 (22%),8/19 (42%),2/9 (22%),4/9 (44%),5.0,4.0,0.0,1.0,0.0,0.0
15460033,CHALLENGER,174286,"Tenerife, Spain, Qualifying",2026-02-02,Qualification Round 1,Hardcourt outdoor,249463,Bruno Pujol Navarro,192852,Petros Tsitsipas,2,1,2 - 1,2026-05-17,7,0,4,8,57/92 (62%),61/84 (73%),31/35 (89%),15/23 (65%),39/57 (68%),40/61 (66%),17/35 (49%),13/23 (57%),13,12,8/11 (72%),8/10 (80%),87.0,89.0,56,53,31,36,9,7,12.0,13.0,9.0,10.0,3,5,21/61 (34%),18/57 (31%),10/23 (43%),18/35 (51%),12,13,2,3,0,0,2,0,2,4,28/46 (61%),18/30 (60%),16/18 (89%),8/12 (67%),19/28 (68%),14/18 (78%),8/18 (44%),8/12 (67%),5,5,4/5 (80%),3/3 (100%),27,22,8,19,6,4,1,3,4/18 (22%),9/28 (32%),4/12 (33%),10/18 (55%),5,5,0,1,0,0,4.0,0.0,2.0,3.0,12/22 (55%),21/29 (72%),8/10 (80%),5/8 (63%),11/12 (92%),10/21 (48%),6/10 (60%),3/8 (38%),4.0,3.0,3/3 (100%),3/5 (60%),17.0,13.0,16.0,5.0,7.0,3.0,3.0,1.0,11/21 (52%),1/12 (8%),5/8 (62%),4/10 (40%),3.0,4.0,2.0,0.0,0.0,0.0,1.0,0.0,0.0,1.0,17/24 (71%),21/25 (84%),7/7 (100%),3/4 (75%),9/17 (53%),16/21 (76%),3/7 (43%),2/4 (50%),4.0,4.0,1/3 (33%),2/2 (100%),12.0,18.0,7.0,12.0,4.0,7.0,1.0,4.0,5/21 (23%),8/17 (47%),2/4 (50%),4/7 (57%),4.0,4.0,0.0,2.0,0.0,0.0
15460035,CHALLENGER,174286,"Tenerife, Spain, Qualifying",2026-02-02,Qualification Round 1,Hardcourt outdoor,227442,Mario Mansilla Diez,231209,Daniil Golubev,2,0,2 - ?,2026-05-17,1,2,1,7,32/47 (68%),26/43 (60%),14/15 (93%),10/17 (59%),26/32 (81%),19/26 (73%),10/15 (67%),6/17 (35%),9,8,0/0 (0%),2/5 (40%),54.0,36.0,36,25,18,11,7,4,12.0,5.0,8.0,4.0,3,1,7/26 (26%),6/32 (18%),11/17 (64%),5/15 (33%),8,9,3,0,0,0,0,2,0,4,20/27 (74%),14/22 (64%),7/7 (100%),4/8 (50%),15/20 (75%),11/14 (79%),5/7 (71%),3/8 (38%),5,4,0/0 (0%),1/2 (50%),20,14,8,7,5,4,3,1,3/14 (21%),5/20 (25%),5/8 (62%),2/7 (28%),4,5,1,0,0,0,1.0,0.0,1.0,3.0,11/20 (55%),12/21 (57%),8/9 (89%),6/9 (67%),10/11 (91%),8/12 (67%),6/9 (67%),3/9 (33%),4.0,4.0,0/0 (0%),1/3 (33%),16.0,11.0,10.0,4.0,7.0,4.0,3.0,1.0,4/12 (33%),1/11 (9%),6/9 (66%),3/9 (33%),4.0,4.0,2.0,0.0,0.0,0.0,,,,,,,,,,,,,,,,,,,,,,,,,,,,,,,,,,
15459033,WTA,174032,"Mumbai, India",2026-02-02,Round of 32,Hardcourt outdoor,197535,Mai Hontama,417200,Alevtina Ibragimova,2,0,2 - ?,2026-05-17,2,0,1,2,30/48 (63%),38/60 (63%),17/18 (94%),20/22 (91%),21/30 (70%),15/38 (39%),10/18 (56%),11/22 (50%),8,9,0/2 (0%),6/12 (50%),65.0,43.0,31,26,34,17,7,4,12.0,5.0,6.0,3.0,5,2,23/38 (60%),9/30 (30%),11/22 (50%),8/18 (44%),9,8,6,2,0,0,1,0,0,0,16/16 (100%),27/28 (96%),0/0 (0%),1/1 (100%),12/16 (75%),11/27 (41%),0/0 (0%),1/1 (100%),3,4,1/1 (100%),3/6 (50%),12,12,16,4,7,3,4,1,16/27 (59%),4/16 (25%),0/1 (0%),0/0 (0%),4,3,3,0,0,0,1.0,0.0,1.0,2.0,32/32 (100%),32/32 (100%),0/1 (0%),0/2 (0%),19/32 (59%),14/32 (44%),0/0 (0%),0/0 (0%),5.0,5.0,0/2 (0%),3/6 (50%),19.0,14.0,18.0,13.0,7.0,4.0,3.0,2.0,18/32 (56%),13/32 (40%),,,5.0,5.0,3.0,2.0,0.0,0.0,,,,,,,,,,,,,,,,,,,,,,,,,,,,,,,,,,
15459044,WTA,174032,"Mumbai, India",2026-02-02,Round of 32,Hardcourt outdoor,238275,Mananchaya Sawangkaew,193083,Viktoria Morvayova,2,0,2 - ?,2026-05-17,2,2,2,4,31/50 (62%),26/44 (59%),17/19 (89%),14/18 (78%),20/31 (65%),16/26 (62%),11/19 (58%),3/18 (17%),7,8,6/7 (85%),4/10 (40%),56.0,38.0,31,19,25,19,8,6,12.0,3.0,6.0,2.0,8,1,10/26 (38%),11/31 (35%),15/18 (83%),8/19 (42%),8,7,6,1,0,0,1,1,1,3,29/29 (100%),20/20 (100%),0/1 (0%),0/3 (0%),19/29 (66%),12/20 (60%),0/0 (0%),0/0 (0%),4,4,4/4 (100%),1/3 (33%),19,12,8,10,4,6,5,1,8/20 (40%),10/29 (34%),,,4,4,2,0,0,0,1.0,1.0,1.0,1.0,21/21 (100%),24/24 (100%),0/1 (0%),0/1 (0%),12/21 (57%),7/24 (29%),0/0 (0%),0/0 (0%),3.0,4.0,2/3 (66%),3/7 (42%),12.0,7.0,17.0,9.0,8.0,3.0,3.0,1.0,17/24 (70%),9/21 (42%),,,4.0,3.0,4.0,1.0,0.0,0.0,,,,,,,,,,,,,,,,,,,,,,,,,,,,,,,,,,
15466138,WTA,174032,"Mumbai, India",2026-02-02,Round of 32,Hardcourt outdoor,235052,Misaki Matsuda,46625,Ankita Raina,2,0,2 - ?,2026-05-17,0,0,0,0,37/52 (71%),37/52 (71%),15/15 (100%),15/15 (100%),16/37 (43%),23/37 (62%),7/15 (47%),11/15 (73%),8,8,2/7 (28%),1/2 (50%),41.0,63.0,23,34,18,29,5,7,4.0,12.0,3.0,7.0,2,8,14/37 (37%),21/37 (56%),4/15 (26%),8/15 (53%),8,8,1,5,0,0,0,0,0,0,34/36 (94%),33/34 (97%),2/2 (100%),1/1 (100%),19/34 (56%),20/33 (61%),0/2 (0%),1/1 (100%),5,5,1/3 (33%),1/2 (50%),19,21,13,17,5,4,2,3,13/33 (39%),15/34 (44%),0/1 (0%),2/2 (100%),5,5,1,2,0,0,0.0,0.0,0.0,0.0,16/16 (100%),18/18 (100%),0/0 (0%),0/0 (0%),4/16 (25%),13/18 (72%),0/0 (0%),0/0 (0%),3.0,3.0,1/4 (25%),0/0 (0%),4.0,13.0,5.0,12.0,3.0,7.0,0.0,6.0,5/18 (27%),12/16 (75%),,,3.0,3.0,0.0,3.0,0.0,0.0,,,,,,,,,,,,,,,,,,,,,,,,,,,,,,,,,,
15459038,WTA,174032,"Mumbai, India",2026-02-02,Round of 32,Hardcourt outdoor,208613,Mei Yamaguchi,367818,Polina Iatcenko,2,1,2 - 1,2026-05-17,2,4,1,2,59/90 (66%),66/91 (73%),30/31 (97%),23/25 (92%),30/59 (51%),45/66 (68%),17/31 (55%),9/25 (36%),15,15,6/13 (46%),10/15 (66%),84.0,97.0,47,54,37,43,5,8,13.0,17.0,8.0,10.0,4,4,21/66 (31%),29/59 (49%),16/25 (64%),14/31 (45%),15,15,5,7,0,0,0,2,0,1,25/35 (71%),31/40 (78%),10/10 (100%),8/9 (89%),13/25 (52%),17/31 (55%),7/10 (70%),4/9 (44%),6,6,1/3 (33%),6/9 (66%),20,21,19,15,5,5,4,3,14/31 (45%),12/25 (48%),5/9 (55%),3/10 (30%),6,6,3,2,0,0,1.0,0.0,1.0,1.0,12/20 (60%),17/26 (65%),7/8 (88%),8/9 (89%),4/12 (33%),11/17 (65%),4/8 (50%),4/9 (44%),4.0,5.0,1/4 (25%),2/4 (50%),8.0,15.0,11.0,12.0,4.0,8.0,2.0,2.0,6/17 (35%),8/12 (66%),5/9 (55%),4/8 (50%),5.0,4.0,2.0,3.0,0.0,0.0,1.0,2.0,0.0,0.0,22/35 (63%),22/25 (88%),13/13 (100%),3/3 (100%),13/22 (59%),17/22 (77%),6/13 (46%),1/3 (33%),5.0,4.0,4/6 (66%),2/2 (100%),19.0,18.0,7.0,16.0,3.0,7.0,1.0,4.0,5/22 (22%),9/22 (40%),2/3 (66%),7/13 (53%),4.0,5.0,0.0,2.0,0.0,0.0
15458875,WTA,174040,"Abu Dhabi, UAE",2026-02-03,Round of 32,Hardcourt outdoor,189986,Dayana Yastremska,59702,Beatriz Haddad Maia,2,0,2 - ?,2026-05-17,2,2,4,10,38/63 (60%),41/64 (64%),21/25 (84%),13/23 (57%),21/38 (55%),26/41 (63%),18/25 (72%),7/23 (30%),10,10,4/6 (66%),3/8 (37%),69.0,57.0,39,33,30,24,7,4,13.0,7.0,8.0,5.0,4,2,15/41 (36%),17/38 (44%),16/23 (69%),7/25 (28%),10,10,5,2,0,0,0,1,2,5,14/24 (58%),12/22 (55%),8/10 (80%),5/10 (50%),9/14 (64%),8/12 (67%),8/10 (80%),4/10 (40%),4,4,2/2 (100%),0/2 (0%),17,12,10,7,4,4,4,1,4/12 (33%),5/14 (35%),6/10 (60%),2/10 (20%),4,4,2,0,0,0,2.0,1.0,2.0,5.0,24/39 (62%),29/41 (71%),13/15 (87%),8/13 (62%),12/24 (50%),18/29 (62%),10/15 (67%),3/12 (25%),6.0,6.0,2/4 (50%),3/6 (50%),22.0,21.0,20.0,17.0,7.0,4.0,4.0,2.0,11/29 (37%),12/24 (50%),9/12 (75%),5/15 (33%),6.0,6.0,3.0,2.0,0.0,0.0,,,,,,,,,,,,,,,,,,,,,,,,,,,,,,,,,,
15462505,WTA,174040,"Abu Dhabi, UAE",2026-02-03,Round of 32,Hardcourt outdoor,64496,Jelena Ostapenko,287804,Oksana Selekhmeteva,2,1,2 - 1,2026-05-17,2,3,5,8,80/112 (71%),58/106 (55%),27/32 (84%),40/48 (83%),47/80 (59%),42/58 (72%),12/32 (38%),18/48 (38%),16,16,10/17 (58%),6/12 (50%),106.0,109.0,59,56,47,53,8,7,15.0,18.0,9.0,10.0,8,5,16/58 (27%),33/80 (41%),30/48 (62%),20/32 (62%),16,16,6,7,0,1,0,3,3,5,21/36 (58%),19/40 (48%),12/15 (80%),16/21 (76%),16/21 (76%),15/19 (79%),5/15 (33%),5/21 (24%),6,6,3/5 (60%),4/7 (57%),21,20,20,15,7,5,5,2,4/19 (21%),5/21 (23%),16/21 (76%),10/15 (66%),6,6,3,2,0,0,2.0,0.0,2.0,3.0,39/48 (81%),26/48 (54%),7/9 (78%),19/22 (86%),21/39 (54%),16/26 (62%),2/9 (22%),8/22 (36%),6.0,6.0,3/6 (50%),2/5 (40%),23.0,24.0,24.0,25.0,5.0,6.0,3.0,2.0,10/26 (38%),18/39 (46%),14/22 (63%),7/9 (77%),6.0,6.0,3.0,3.0,0.0,1.0,0.0,0.0,0.0,0.0,21/28 (75%),14/21 (67%),7/7 (100%),7/7 (100%),10/21 (48%),12/14 (86%),5/7 (71%),4/7 (57%),4.0,4.0,4/6 (66%),0/0 (0%),15.0,16.0,5.0,13.0,4.0,7.0,1.0,5.0,2/14 (14%),11/21 (52%),3/7 (42%),2/7 (28%),4.0,4.0,0.0,2.0,0.0,0.0
15458877,WTA,174040,"Abu Dhabi, UAE",2026-02-03,Round of 32,Hardcourt outdoor,327924,Alexandra Eala,237669,Zeynep Sönmez,2,0,2 - ?,2026-05-17,2,0,4,1,42/64 (66%),42/63 (67%),18/22 (82%),20/21 (95%),27/42 (64%),20/42 (48%),9/22 (41%),8/21 (38%),10,9,2/6 (33%),6/12 (50%),71.0,56.0,36,28,35,28,6,4,12.0,7.0,6.0,3.0,4,2,22/42 (52%),15/42 (35%),13/21 (61%),13/22 (59%),9,10,6,4,0,0,0,0,3,1,20/31 (65%),28/43 (65%),8/11 (73%),14/15 (93%),15/20 (75%),13/28 (46%),4/11 (36%),7/15 (47%),5,5,2/4 (50%),4/7 (57%),19,20,23,12,5,4,2,2,15/28 (53%),5/20 (25%),8/15 (53%),7/11 (63%),5,5,3,2,0,0,2.0,0.0,1.0,0.0,22/33 (67%),14/20 (70%),10/11 (91%),6/6 (100%),12/22 (55%),7/14 (50%),5/11 (45%),1/6 (17%),5.0,4.0,0/2 (0%),2/5 (40%),17.0,8.0,12.0,16.0,6.0,4.0,3.0,2.0,7/14 (50%),10/22 (45%),5/6 (83%),6/11 (54%),4.0,5.0,3.0,2.0,0.0,0.0,,,,,,,,,,,,,,,,,,,,,,,,,,,,,,,,,,
15441222,WTA,174040,"Abu Dhabi, UAE",2026-02-03,Round of 16,Hardcourt outdoor,128584,Liudmila Samsonova,291733,Janice Tjen,2,0,2 - ?,2026-05-17,2,3,3,3,25/45 (56%),29/48 (60%),17/20 (85%),16/19 (84%),20/25 (80%),17/29 (59%),15/20 (75%),7/19 (37%),8,8,2/2 (100%),1/5 (20%),59.0,34.0,35,24,24,10,6,4,12.0,4.0,8.0,4.0,5,1,12/29 (41%),5/25 (20%),12/19 (63%),5/20 (25%),8,8,4,0,0,0,0,1,3,2,15/26 (58%),13/22 (59%),8/11 (73%),7/9 (78%),12/15 (80%),8/13 (62%),7/11 (64%),2/9 (22%),4,4,2/2 (100%),0/2 (0%),19,10,12,7,6,3,3,1,5/13 (38%),3/15 (20%),7/9 (77%),4/11 (36%),4,4,2,0,0,0,2.0,2.0,0.0,1.0,10/19 (53%),15/26 (58%),9/9 (100%),10/11 (91%),8/10 (80%),8/15 (53%),8/9 (89%),6/11 (55%),4.0,4.0,0/0 (0%),1/3 (33%),16.0,14.0,12.0,3.0,5.0,4.0,5.0,1.0,7/15 (46%),2/10 (20%),5/11 (45%),1/9 (11%),4.0,4.0,2.0,0.0,0.0,0.0,,,,,,,,,,,,,,,,,,,,,,,,,,,,,,,,,,
15463374,WTA,174028,"Cluj Napoca, Romania",2026-02-03,Round of 32,Hardcourt indoor,110299,Tamara Zidanšek,263653,Veronika Erjavec,2,0,2 - ?,2026-05-17,0,0,0,0,29/47 (62%),34/53 (64%),18/18 (100%),19/19 (100%),17/29 (59%),26/34 (76%),8/18 (44%),11/19 (58%),8,9,0/4 (0%),1/2 (50%),41.0,59.0,25,37,16,22,5,9,5.0,12.0,4.0,8.0,2,5,8/34 (23%),12/29 (41%),8/19 (42%),10/18 (55%),9,8,1,4,0,0,0,0,0,0,13/20 (65%),12/22 (55%),7/7 (100%),10/10 (100%),6/13 (46%),12/12 (100%),3/7 (43%),5/10 (50%),3,4,0/2 (0%),0/0 (0%),9,17,5,11,3,9,1,5,0/12 (0%),7/13 (53%),5/10 (50%),4/7 (57%),4,3,0,2,0,0,0.0,0.0,0.0,0.0,17/27 (63%),24/31 (77%),10/10 (100%),7/7 (100%),11/17 (65%),15/24 (63%),5/10 (50%),5/7 (71%),5.0,5.0,0/2 (0%),1/2 (50%),16.0,20.0,11.0,11.0,5.0,4.0,2.0,3.0,9/24 (37%),6/17 (35%),2/7 (28%),5/10 (50%),5.0,5.0,1.0,2.0,0.0,0.0,,,,,,,,,,,,,,,,,,,,,,,,,,,,,,,,,,
15454907,WTA,174028,"Cluj Napoca, Romania",2026-02-03,Round of 32,Hardcourt indoor,199790,Olga Danilović,155556,Miriam Bulgaru,2,0,2 - ?,2026-05-17,0,2,3,3,41/65 (63%),40/62 (65%),21/24 (88%),19/22 (86%),17/41 (41%),27/40 (68%),14/24 (58%),9/22 (41%),10,9,2/8 (25%),8/11 (72%),57.0,70.0,31,36,26,34,4,7,7.0,12.0,4.0,6.0,2,2,13/40 (32%),24/41 (58%),13/22 (59%),10/24 (41%),9,10,3,6,0,0,0,2,1,1,18/26 (69%),25/37 (68%),7/8 (88%),11/12 (92%),7/18 (39%),16/25 (64%),4/8 (50%),5/12 (42%),5,5,0/3 (0%),6/8 (75%),11,21,16,15,4,7,2,2,9/25 (36%),11/18 (61%),7/12 (58%),4/8 (50%),5,5,2,3,0,0,0.0,0.0,2.0,2.0,23/39 (59%),15/25 (60%),14/16 (88%),8/10 (80%),10/23 (43%),11/15 (73%),10/16 (63%),4/10 (40%),5.0,4.0,2/5 (40%),2/3 (66%),20.0,15.0,10.0,19.0,4.0,5.0,1.0,2.0,4/15 (26%),13/23 (56%),6/10 (60%),6/16 (37%),4.0,5.0,1.0,3.0,0.0,0.0,,,,,,,,,,,,,,,,,,,,,,,,,,,,,,,,,,
15463375,WTA,174028,"Cluj Napoca, Romania",2026-02-03,Round of 32,Hardcourt indoor,211014,Maja Chwalinska,41355,Ana Bogdan,2,0,2 - ?,2026-05-17,1,2,2,0,37/53 (70%),27/42 (64%),14/16 (88%),15/15 (100%),27/37 (73%),17/27 (63%),9/16 (56%),3/15 (20%),9,8,1/2 (50%),1/5 (20%),58.0,37.0,36,20,22,17,10,4,12.0,5.0,8.0,4.0,5,3,10/27 (37%),10/37 (27%),12/15 (80%),7/16 (43%),8,9,4,1,0,0,1,1,2,0,25/34 (74%),12/19 (63%),7/9 (78%),7/7 (100%),16/25 (64%),8/12 (67%),4/9 (44%),1/7 (14%),5,4,1/2 (50%),0/2 (0%),20,9,10,14,10,4,5,3,4/12 (33%),9/25 (36%),6/7 (85%),5/9 (55%),4,5,2,1,0,0,0.0,1.0,0.0,0.0,12/19 (63%),15/23 (65%),7/7 (100%),8/8 (100%),11/12 (92%),9/15 (60%),5/7 (71%),2/8 (25%),4.0,4.0,0/0 (0%),1/3 (33%),16.0,11.0,12.0,3.0,6.0,3.0,5.0,1.0,6/15 (40%),1/12 (8%),6/8 (75%),2/7 (28%),4.0,4.0,2.0,0.0,0.0,0.0,,,,,,,,,,,,,,,,,,,,,,,,,,,,,,,,,,
15454911,WTA,174028,"Cluj Napoca, Romania",2026-02-03,Round of 32,Hardcourt indoor,258756,Emma Raducanu,110803,Greet Minnen,2,0,2 - ?,2026-05-17,3,4,0,3,28/39 (72%),38/55 (69%),11/11 (100%),14/17 (82%),24/28 (86%),22/38 (58%),8/11 (73%),5/17 (29%),8,8,0/0 (0%),3/7 (42%),58.0,34.0,32,27,26,7,15,4,12.0,4.0,8.0,4.0,6,1,16/38 (42%),4/28 (14%),12/17 (70%),3/11 (27%),8,8,4,0,0,0,0,1,0,2,10/14 (71%),15/22 (68%),4/4 (100%),5/7 (71%),9/10 (90%),7/15 (47%),3/4 (75%),0/7 (0%),3,3,0/0 (0%),2/5 (40%),12,7,15,2,15,3,6,0,8/15 (53%),1/10 (10%),7/7 (100%),1/4 (25%),3,3,3,0,0,0,3.0,3.0,0.0,1.0,18/25 (72%),23/31 (74%),7/7 (100%),7/8 (88%),15/18 (83%),16/23 (70%),5/7 (71%),4/8 (50%),5.0,5.0,0/0 (0%),1/2 (50%),20.0,20.0,11.0,5.0,8.0,4.0,3.0,1.0,7/23 (30%),3/18 (16%),4/8 (50%),2/7 (28%),5.0,5.0,1.0,0.0,0.0,0.0,,,,,,,,,,,,,,,,,,,,,,,,,,,,,,,,,,
15454914,WTA,174028,"Cluj Napoca, Romania",2026-02-03,Round of 32,Hardcourt indoor,19728,Sorana Cirstea,217828,Kamilla Rakhimova,2,0,2 - ?,2026-05-17,1,14,5,1,40/67 (60%),47/68 (69%),22/27 (81%),20/21 (95%),22/40 (55%),33/47 (70%),11/27 (41%),9/21 (43%),10,10,6/11 (54%),3/6 (50%),60.0,76.0,33,42,27,34,5,8,8.0,12.0,5.0,7.0,2,4,14/47 (29%),18/40 (45%),12/21 (57%),16/27 (59%),10,10,3,5,0,0,1,8,2,0,20/33 (61%),20/26 (77%),11/13 (85%),6/6 (100%),12/20 (60%),15/20 (75%),6/13 (46%),3/6 (50%),5,5,5/7 (71%),1/2 (50%),18,18,8,15,5,8,1,2,5/20 (25%),8/20 (40%),3/6 (50%),7/13 (53%),5,5,1,2,0,0,0.0,6.0,3.0,1.0,20/34 (59%),27/43 (63%),11/14 (79%),15/16 (94%),10/20 (50%),18/27 (67%),5/14 (36%),6/16 (38%),5.0,5.0,1/4 (25%),2/4 (50%),15.0,24.0,19.0,19.0,3.0,8.0,2.0,4.0,9/27 (33%),10/20 (50%),10/16 (62%),9/14 (64%),5.0,5.0,2.0,3.0,0.0,0.0,,,,,,,,,,,,,,,,,,,,,,,,,,,,,,,,,,
15454916,WTA,174028,"Cluj Napoca, Romania",2026-02-03,Round of 32,Hardcourt indoor,210831,Anastasia Potapova,110055,Lucia Bronzetti,2,1,2 - 1,2026-05-17,2,8,8,3,74/129 (57%),49/95 (52%),47/55 (85%),43/46 (93%),49/74 (66%),30/49 (61%),25/55 (45%),27/46 (59%),17,17,15/20 (75%),2/8 (25%),112.0,114.0,74,57,38,57,7,9,18.0,16.0,12.0,11.0,4,3,19/49 (38%),25/74 (33%),19/46 (41%),30/55 (54%),17,17,6,5,0,0,2,3,3,0,23/40 (57%),18/33 (55%),14/17 (82%),15/15 (100%),18/23 (78%),15/18 (83%),7/17 (41%),10/15 (67%),6,6,3/4 (75%),0/0 (0%),25,25,8,15,6,6,1,3,3/18 (16%),5/23 (21%),5/15 (33%),10/17 (58%),6,6,0,1,0,0,0.0,2.0,3.0,0.0,32/55 (58%),17/29 (59%),20/23 (87%),12/12 (100%),22/32 (69%),10/17 (59%),9/23 (39%),7/12 (58%),5.0,5.0,7/8 (87%),0/2 (0%),31.0,17.0,12.0,24.0,6.0,9.0,4.0,3.0,7/17 (41%),10/32 (31%),5/12 (41%),14/23 (60%),5.0,5.0,2.0,1.0,0.0,0.0,0.0,3.0,2.0,3.0,21/36 (58%),14/33 (42%),13/15 (87%),16/19 (84%),9/21 (43%),5/14 (36%),9/15 (60%),10/19 (53%),6.0,6.0,5/8 (62%),2/6 (33%),18.0,15.0,18.0,18.0,7.0,6.0,4.0,3.0,9/14 (64%),12/21 (57%),9/19 (47%),6/15 (40%),6.0,6.0,4.0,3.0,0.0,0.0
15441016,WTA,174028,"Cluj Napoca, Romania",2026-02-03,Round of 16,Hardcourt indoor,250859,Oleksandra Oliynykova,150574,Anna Bondar,2,0,2 - ?,2026-05-17,1,3,1,0,39/59 (66%),42/58 (72%),19/20 (95%),16/16 (100%),28/39 (72%),30/42 (71%),13/20 (65%),5/16 (31%),10,10,1/2 (50%),1/4 (25%),63.0,53.0,41,35,22,18,7,6,12.0,8.0,9.0,7.0,4,2,12/42 (28%),11/39 (28%),11/16 (68%),7/20 (35%),10,10,3,1,0,0,0,2,1,0,17/27 (63%),23/28 (82%),9/10 (90%),5/5 (100%),14/17 (82%),17/23 (74%),7/10 (70%),2/5 (40%),5,5,1/1 (100%),0/1 (0%),21,19,9,6,7,4,3,1,6/23 (26%),3/17 (17%),3/5 (60%),3/10 (30%),5,5,1,0,0,0,1.0,1.0,0.0,0.0,22/32 (69%),18/29 (62%),10/10 (100%),11/11 (100%),14/22 (64%),12/18 (67%),6/10 (60%),4/11 (36%),5.0,5.0,0/1 (0%),1/3 (33%),20.0,16.0,13.0,12.0,5.0,6.0,3.0,2.0,6/18 (33%),8/22 (36%),7/11 (63%),4/10 (40%),5.0,5.0,2.0,1.0,0.0,0.0,,,,,,,,,,,,,,,,,,,,,,,,,,,,,,,,,,
15459181,WTA,174035,"Ostrava, Czech Republic",2026-02-03,Round of 32,Hardcourt indoor,221410,Alycia Parks,113079,Julia Grabher,2,0,2 - ?,2026-05-17,8,2,2,4,36/54 (67%),41/68 (60%),16/18 (89%),23/27 (85%),31/36 (86%),27/41 (66%),12/18 (67%),13/27 (48%),10,10,0/0 (0%),9/11 (81%),71.0,51.0,43,40,28,11,10,5,13.0,8.0,10.0,8.0,5,1,14/41 (34%),5/36 (13%),14/27 (51%),6/18 (33%),10,10,2,0,1,0,6,1,1,3,26/35 (74%),29/43 (67%),8/9 (89%),11/14 (79%),22/26 (85%),20/29 (69%),5/9 (56%),8/14 (57%),6,6,0/0 (0%),3/3 (100%),27,28,15,8,6,5,1,1,9/29 (31%),4/26 (15%),6/14 (42%),4/9 (44%),6,6,0,0,1,0,2.0,1.0,1.0,1.0,10/19 (53%),12/25 (48%),8/9 (89%),12/13 (92%),9/10 (90%),7/12 (58%),7/9 (78%),5/13 (38%),4.0,4.0,0/0 (0%),6/8 (75%),16.0,12.0,13.0,3.0,10.0,3.0,5.0,1.0,5/12 (41%),1/10 (10%),8/13 (61%),2/9 (22%),4.0,4.0,2.0,0.0,0.0,0.0,,,,,,,,,,,,,,,,,,,,,,,,,,,,,,,,,,
15463547,WTA,174035,"Ostrava, Czech Republic",2026-02-03,Round of 32,Hardcourt indoor,69988,Tamara Korpatsch,227014,Anna Siskova,2,0,2 - ?,2026-05-17,0,2,2,3,49/72 (68%),46/61 (75%),21/23 (91%),12/15 (80%),32/49 (65%),26/46 (57%),9/23 (39%),5/15 (33%),10,10,7/10 (70%),5/10 (50%),71.0,62.0,41,31,30,31,10,5,12.0,8.0,7.0,5.0,3,2,20/46 (43%),17/49 (34%),10/15 (66%),14/23 (60%),10,10,5,3,0,0,0,1,1,0,26/39 (67%),20/28 (71%),12/13 (92%),8/8 (100%),15/26 (58%),10/20 (50%),6/13 (46%),3/8 (38%),5,5,5/7 (71%),2/5 (40%),21,13,15,18,4,5,2,2,10/20 (50%),11/26 (42%),5/8 (62%),7/13 (53%),5,5,3,2,0,0,0.0,1.0,1.0,3.0,23/33 (70%),26/33 (79%),9/10 (90%),4/7 (57%),17/23 (74%),16/26 (62%),3/10 (30%),2/7 (29%),5.0,5.0,2/3 (66%),3/5 (60%),20.0,18.0,15.0,13.0,10.0,4.0,3.0,2.0,10/26 (38%),6/23 (26%),5/7 (71%),7/10 (70%),5.0,5.0,2.0,1.0,0.0,0.0,,,,,,,,,,,,,,,,,,,,,,,,,,,,,,,,,,
15463549,WTA,174035,"Ostrava, Czech Republic",2026-02-03,Round of 32,Hardcourt indoor,65656,Fiona Ferro,337408,Brenda Fruhvirtova,2,0,2 - ?,2026-05-17,0,1,2,2,30/42 (71%),28/44 (64%),10/12 (83%),14/16 (88%),11/30 (37%),16/28 (57%),2/12 (17%),9/16 (56%),7,7,2/9 (22%),2/4 (50%),32.0,54.0,13,25,19,29,3,5,2.0,12.0,0.0,5.0,1,11,12/28 (42%),19/30 (63%),7/16 (43%),10/12 (83%),7,7,2,7,0,0,0,1,1,1,13/17 (76%),19/28 (68%),3/4 (75%),8/9 (89%),5/13 (38%),11/19 (58%),0/4 (0%),5/9 (56%),3,4,1/4 (25%),1/2 (50%),5,16,12,12,2,5,1,6,8/19 (42%),8/13 (61%),4/9 (44%),4/4 (100%),4,3,1,3,0,0,0.0,0.0,1.0,1.0,17/25 (68%),9/16 (56%),7/8 (88%),6/7 (86%),6/17 (35%),5/9 (56%),2/8 (25%),4/7 (57%),4.0,3.0,1/5 (20%),1/2 (50%),8.0,9.0,7.0,17.0,3.0,5.0,1.0,5.0,4/9 (44%),11/17 (64%),3/7 (42%),6/8 (75%),3.0,4.0,1.0,4.0,0.0,0.0,,,,,,,,,,,,,,,,,,,,,,,,,,,,,,,,,,
15459175,WTA,174035,"Ostrava, Czech Republic",2026-02-03,Round of 32,Hardcourt indoor,348987,Nikola Bartunkova,189995,Anna Blinkova,2,0,2 - ?,2026-05-17,5,1,2,1,37/65 (57%),47/69 (68%),26/28 (93%),21/22 (95%),26/37 (70%),29/47 (62%),17/28 (61%),10/22 (45%),10,10,2/3 (66%),5/8 (62%),72.0,61.0,43,39,29,22,6,5,12.0,8.0,9.0,7.0,2,1,18/47 (38%),11/37 (29%),12/22 (54%),11/28 (39%),10,10,3,1,0,0,3,1,1,1,22/31 (71%),28/40 (70%),8/9 (89%),12/13 (92%),16/22 (73%),20/28 (71%),6/9 (67%),4/12 (33%),5,5,1/1 (100%),3/4 (75%),22,24,16,9,6,5,2,1,8/28 (28%),6/22 (27%),8/12 (66%),3/9 (33%),5,5,1,0,0,0,2.0,0.0,1.0,0.0,15/34 (44%),19/28 (68%),18/19 (95%),9/9 (100%),10/15 (67%),10/19 (53%),11/19 (58%),5/9 (56%),5.0,5.0,1/2 (50%),2/4 (50%),21.0,15.0,13.0,13.0,4.0,4.0,2.0,1.0,9/19 (47%),5/15 (33%),4/9 (44%),8/19 (42%),5.0,5.0,2.0,1.0,0.0,0.0,,,,,,,,,,,,,,,,,,,,,,,,,,,,,,,,,,
15463548,WTA,174035,"Ostrava, Czech Republic",2026-02-03,Round of 32,Hardcourt indoor,306421,Linda Fruhvirtova,42839,Mona Barthel,2,0,2 - ?,2026-05-17,1,3,5,7,56/84 (67%),47/81 (58%),23/28 (82%),27/34 (79%),38/56 (68%),31/47 (66%),15/28 (54%),17/34 (50%),11,11,5/6 (83%),4/6 (66%),85.0,80.0,53,48,32,32,5,5,13.0,10.0,10.0,9.0,3,2,16/47 (34%),18/56 (32%),17/34 (50%),13/28 (46%),11,11,2,1,1,0,1,1,4,3,33/54 (61%),29/52 (56%),17/21 (81%),20/23 (87%),20/33 (61%),18/29 (62%),11/21 (52%),13/23 (57%),6,6,4/5 (80%),4/5 (80%),31,31,21,23,5,5,3,2,11/29 (37%),13/33 (39%),10/23 (43%),10/21 (47%),6,6,1,1,1,0,0.0,2.0,1.0,4.0,23/31 (74%),18/28 (64%),6/7 (86%),7/11 (64%),18/23 (78%),13/18 (72%),4/8 (50%),4/10 (40%),5.0,5.0,1/1 (100%),0/1 (0%),22.0,17.0,11.0,9.0,4.0,5.0,3.0,1.0,5/18 (27%),5/23 (21%),6/10 (60%),4/8 (50%),5.0,5.0,1.0,0.0,0.0,0.0,,,,,,,,,,,,,,,,,,,,,,,,,,,,,,,,,,
15463550,WTA,174035,"Ostrava, Czech Republic",2026-02-03,Round of 32,Hardcourt indoor,71034,Rebecca Šramková,410231,Vendula Valdmannova,2,0,2 - ?,2026-05-17,3,2,4,4,29/43 (67%),40/68 (59%),10/14 (71%),24/28 (86%),17/29 (59%),20/40 (50%),6/14 (43%),10/28 (36%),8,9,2/5 (40%),8/15 (53%),61.0,50.0,23,30,38,20,7,5,12.0,5.0,5.0,2.0,4,2,20/40 (50%),12/29 (41%),18/28 (64%),8/14 (57%),9,8,7,3,0,0,1,2,2,3,17/23 (74%),25/40 (63%),4/6 (67%),12/15 (80%),11/17 (65%),13/25 (52%),4/6 (67%),5/15 (33%),4,4,0/1 (0%),2/5 (40%),15,18,22,8,7,3,4,1,12/25 (48%),6/17 (35%),10/15 (66%),2/6 (33%),4,4,3,1,0,0,2.0,0.0,2.0,1.0,16/28 (57%),18/35 (51%),10/12 (83%),16/17 (94%),10/16 (63%),7/18 (39%),3/12 (25%),6/17 (35%),4.0,5.0,2/4 (50%),6/10 (60%),13.0,13.0,22.0,15.0,6.0,5.0,3.0,2.0,11/18 (61%),6/16 (37%),11/17 (64%),9/12 (75%),5.0,4.0,4.0,2.0,0.0,0.0,,,,,,,,,,,,,,,,,,,,,,,,,,,,,,,,,,
15461427,CHALLENGER,174017,"Cleveland, USA",2026-02-03,Round of 32,Hardcourt indoor,187230,Christian Langmo,101157,Alex Rybakov,2,0,,20260517,5,6,3,4,41/60 (68%),45/79 (57%),16/19 (84%),30/34 (88%),33/41 (80%),31/45 (69%),8/19 (42%),22/34 (65%),10,11,0/2 (0%),5/6 (83%),67.0,72.0,41,53,26,19,6,7,9.0,13.0,8.0,10.0,2,5,14/45 (31%),8/41 (19%),12/34 (35%),11/19 (57%),11,10,1,2,0,1,2,4,1,1,24/38 (63%),19/41 (46%),13/14 (93%),21/22 (95%),21/24 (88%),13/19 (68%),7/14 (50%),17/22 (77%),6,6,0/0 (0%),2/2 (100%),28,30,11,10,5,4,1,2,6/19 (31%),3/24 (12%),5/22 (22%),7/14 (50%),6,6,0,0,0,1,3.0,2.0,2.0,3.0,17/22 (77%),27/39 (69%),3/5 (60%),9/12 (75%),12/17 (71%),19/27 (70%),1/5 (20%),5/12 (42%),4.0,5.0,0/2 (0%),3/4 (75%),13.0,24.0,15.0,9.0,6.0,7.0,2.0,3.0,8/27 (29%),5/17 (29%),7/12 (58%),4/5 (80%),5.0,4.0,1.0,2.0,0.0,0.0,,,,,,,,,,,,,,,,,,,,,,,,,,,,,,,,,,
15463345,ATP,174285,"Montpellier, France, Qualifying",2026-02-03,Qualification Final,Hardcourt indoor,51345,Martin Damm Jr,206602,Clement Tabur,2,1,2 - 1,2026-05-17,14,36,0,4,91/126 (72%),101/131 (77%),35/35 (100%),26/30 (87%),72/91 (79%),80/101 (79%),20/35 (57%),14/30 (47%),18,18,7/7 (100%),2/2 (100%),129.0,128.0,92,94,37,34,7,6,19.0,20.0,18.0,17.0,2,1,21/101 (20%),19/91 (20%),16/30 (53%),15/35 (42%),18,18,0,0,1,2,7,9,0,1,27/40 (68%),29/39 (74%),13/13 (100%),9/10 (90%),22/27 (81%),23/29 (79%),8/13 (62%),6/10 (60%),6,6,2/2 (100%),0/0 (0%),30,29,10,10,4,5,1,1,6/29 (20%),5/27 (18%),4/10 (40%),5/13 (38%),6,6,0,0,0,1,3.0,12.0,0.0,1.0,30/42 (71%),31/40 (78%),12/12 (100%),8/9 (89%),24/30 (80%),26/31 (84%),6/12 (50%),3/9 (33%),6.0,6.0,2/2 (100%),0/0 (0%),30.0,29.0,11.0,12.0,5.0,6.0,1.0,1.0,5/31 (16%),6/30 (20%),6/9 (66%),6/12 (50%),6.0,6.0,0.0,0.0,1.0,0.0,4.0,15.0,0.0,2.0,33/44 (75%),38/52 (73%),11/11 (100%),12/14 (86%),25/33 (76%),29/38 (76%),7/11 (64%),7/14 (50%),6.0,6.0,3/3 (100%),2/2 (100%),32.0,36.0,16.0,12.0,7.0,4.0,1.0,1.0,9/38 (23%),8/33 (24%),7/14 (50%),4/11 (36%),6.0,6.0,0.0,0.0,0.0,1.0
15463216,ATP,174285,"Montpellier, France, Qualifying",2026-02-03,Qualification Final,Hardcourt indoor,243925,Titouan Droguet,200777,Ugo Blanchet,2,1,2 - 1,2026-05-17,9,14,5,2,51/108 (47%),54/92 (59%),52/57 (91%),36/38 (95%),34/51 (67%),43/54 (80%),33/57 (58%),19/38 (50%),15,15,3/6 (50%),1/3 (33%),97.0,103.0,67,62,30,41,7,7,14.0,17.0,11.0,13.0,2,4,11/54 (20%),17/51 (33%),19/38 (50%),24/57 (42%),15,15,2,3,0,1,4,1,1,2,15/37 (41%),14/31 (45%),21/22 (95%),15/17 (88%),12/15 (80%),11/14 (79%),14/22 (64%),7/17 (41%),5,5,1/1 (100%),0/1 (0%),26,18,13,11,4,3,2,1,3/14 (21%),3/15 (20%),10/17 (58%),8/22 (36%),5,5,1,0,0,0,5.0,6.0,1.0,0.0,24/45 (53%),25/41 (61%),20/21 (95%),16/16 (100%),17/24 (71%),19/25 (76%),11/21 (52%),9/16 (56%),6.0,6.0,1/2 (50%),1/2 (50%),28.0,28.0,13.0,17.0,7.0,7.0,2.0,3.0,6/25 (24%),7/24 (29%),7/16 (43%),10/21 (47%),6.0,6.0,1.0,1.0,0.0,1.0,0.0,7.0,3.0,0.0,11/26 (42%),14/20 (70%),12/15 (80%),6/6 (100%),5/11 (45%),12/14 (86%),8/15 (53%),4/6 (67%),4.0,4.0,1/3 (33%),0/0 (0%),13.0,16.0,4.0,13.0,4.0,7.0,1.0,5.0,2/14 (14%),6/11 (54%),2/6 (33%),7/15 (46%),4.0,4.0,0.0,2.0,0.0,0.0
15463469,ATP,174285,"Montpellier, France, Qualifying",2026-02-03,Qualification Final,Hardcourt indoor,522369,Moise Kouame,231620,Clement Chidekh,2,1,2 - 1,2026-05-17,3,7,7,9,72/124 (58%),71/120 (59%),45/52 (87%),40/49 (82%),47/72 (65%),50/71 (70%),24/52 (46%),24/49 (49%),16,17,12/17 (70%),10/13 (76%),117.0,127.0,71,74,46,53,7,8,15.0,19.0,11.0,14.0,2,3,21/71 (29%),25/72 (34%),25/49 (51%),28/52 (53%),17,16,3,5,1,0,2,1,2,4,27/45 (60%),23/39 (59%),16/18 (89%),12/16 (75%),18/27 (67%),15/23 (65%),7/18 (39%),9/16 (56%),6,6,4/6 (66%),3/4 (75%),25,24,15,20,7,8,3,3,8/23 (34%),9/27 (33%),7/16 (43%),11/18 (61%),6,6,1,2,0,0,1.0,3.0,2.0,4.0,23/40 (57%),30/53 (57%),15/17 (88%),19/23 (83%),15/23 (65%),20/30 (67%),9/17 (53%),9/23 (39%),6.0,6.0,1/3 (33%),7/9 (77%),24.0,29.0,24.0,16.0,7.0,5.0,2.0,2.0,10/30 (33%),8/23 (34%),14/23 (60%),8/17 (47%),6.0,6.0,2.0,2.0,1.0,0.0,0.0,3.0,3.0,1.0,21/39 (54%),16/28 (57%),15/18 (83%),11/12 (92%),14/21 (67%),13/16 (81%),8/18 (44%),8/12 (67%),4.0,5.0,7/8 (87%),0/0 (0%),22.0,21.0,7.0,17.0,3.0,5.0,1.0,3.0,3/16 (18%),7/21 (33%),4/12 (33%),10/18 (55%),5.0,4.0,0.0,1.0,0.0,0.0
15460018,CHALLENGER,174021,"Koblenz, Germany",2026-02-03,Round of 32,Hardcourt indoor,255448,Tibo Colson,421695,Mae Malige,2,1,,20260517,2,6,1,2,64/108 (59%),62/100 (62%),43/44 (98%),36/38 (95%),38/64 (59%),42/62 (68%),27/44 (61%),20/38 (53%),15,15,10/13 (76%),6/10 (60%),103.0,105.0,65,62,38,43,7,8,16.0,15.0,12.0,10.0,5,3,20/62 (32%),26/64 (40%),18/38 (47%),17/44 (38%),15,15,4,3,0,1,1,4,0,1,26/54 (48%),31/53 (58%),28/28 (100%),21/22 (95%),14/26 (54%),22/31 (71%),17/28 (61%),11/22 (50%),6,6,8/9 (88%),5/6 (83%),31,33,20,23,5,5,3,3,9/31 (29%),12/26 (46%),11/22 (50%),11/28 (39%),6,6,1,1,0,1,0.0,1.0,0.0,1.0,18/23 (78%),17/23 (74%),5/5 (100%),5/6 (83%),12/18 (67%),9/17 (53%),3/5 (60%),0/6 (0%),4.0,4.0,1/2 (50%),1/4 (25%),15.0,9.0,14.0,8.0,7.0,3.0,5.0,2.0,8/17 (47%),6/18 (33%),6/6 (100%),2/5 (40%),4.0,4.0,3.0,1.0,0.0,0.0,1.0,1.0,1.0,0.0,18/31 (58%),13/24 (54%),12/13 (92%),11/11 (100%),11/18 (61%),10/13 (77%),8/13 (62%),10/11 (91%),5.0,5.0,1/2 (50%),0/0 (0%),19.0,20.0,4.0,12.0,4.0,8.0,1.0,3.0,3/13 (23%),7/18 (38%),1/11 (9%),5/13 (38%),5.0,5.0,0.0,1.0,0.0,0.0
15460021,CHALLENGER,174021,"Koblenz, Germany",2026-02-03,Round of 32,Hardcourt indoor,269291,Jonas Forejtek,111857,Vadym Ursu,2,0,,20260517,4,2,2,0,31/48 (65%),47/60 (78%),15/17 (88%),13/13 (100%),14/31 (45%),29/47 (62%),7/17 (41%),8/13 (62%),7,8,0/5 (0%),5/6 (83%),44.0,64.0,21,37,23,27,2,5,3.0,12.0,2.0,7.0,1,6,18/47 (38%),17/31 (54%),5/13 (38%),10/17 (58%),8,7,1,5,0,0,3,1,1,0,16/26 (62%),21/30 (70%),9/10 (90%),9/9 (100%),9/16 (56%),14/21 (67%),4/10 (40%),6/9 (67%),4,4,0/2 (0%),2/2 (100%),13,20,10,13,2,5,1,3,7/21 (33%),7/16 (43%),3/9 (33%),6/10 (60%),4,4,0,2,0,0,1.0,1.0,1.0,0.0,15/22 (68%),24/30 (80%),6/7 (86%),6/6 (100%),5/15 (33%),13/24 (54%),3/7 (43%),4/6 (67%),3.0,4.0,0/3 (0%),3/4 (75%),8.0,17.0,13.0,14.0,2.0,4.0,1.0,4.0,11/24 (45%),10/15 (66%),2/6 (33%),4/7 (57%),4.0,3.0,1.0,3.0,0.0,0.0,,,,,,,,,,,,,,,,,,,,,,,,,,,,,,,,,,
15460019,CHALLENGER,174021,"Koblenz, Germany",2026-02-03,Round of 32,Hardcourt indoor,55745,Christoph Negritu,103625,Michael Geerts,2,1,,20260517,10,15,3,1,57/95 (60%),62/93 (67%),35/38 (92%),30/31 (97%),44/57 (77%),48/62 (77%),19/38 (50%),17/31 (55%),14,15,5/6 (83%),10/12 (83%),91.0,97.0,63,65,28,32,7,9,15.0,15.0,13.0,13.0,3,3,14/62 (22%),13/57 (22%),14/31 (45%),19/38 (50%),15,14,2,1,0,1,2,2,0,0,12/21 (57%),21/32 (66%),9/9 (100%),11/11 (100%),11/12 (92%),13/21 (62%),6/9 (67%),3/11 (27%),4,4,0/0 (0%),7/9 (77%),17,16,16,4,7,5,3,1,8/21 (38%),1/12 (8%),8/11 (72%),3/9 (33%),4,4,2,0,0,0,6.0,6.0,2.0,0.0,23/34 (68%),16/24 (67%),9/11 (82%),8/8 (100%),18/23 (78%),14/16 (88%),2/11 (18%),6/8 (75%),4.0,5.0,3/4 (75%),0/0 (0%),20.0,20.0,4.0,14.0,4.0,9.0,1.0,3.0,2/16 (12%),5/23 (21%),2/8 (25%),9/11 (81%),5.0,4.0,0.0,1.0,0.0,0.0,2.0,7.0,1.0,1.0,21/40 (53%),25/37 (68%),18/19 (95%),11/12 (92%),14/21 (67%),21/25 (84%),12/19 (63%),8/12 (67%),6.0,6.0,2/2 (100%),3/3 (100%),26.0,29.0,8.0,14.0,5.0,7.0,1.0,2.0,4/25 (16%),7/21 (33%),4/12 (33%),7/19 (36%),6.0,6.0,0.0,0.0,0.0,1.0
15460025,CHALLENGER,174021,"Koblenz, Germany",2026-02-03,Round of 32,Hardcourt indoor,203258,Pavel Kotov,111609,Alberto Barroso Campos,2,0,,20260517,3,5,1,0,37/54 (69%),34/44 (77%),16/17 (94%),10/10 (100%),20/37 (54%),28/34 (82%),6/17 (35%),6/10 (60%),8,8,5/9 (55%),2/2 (100%),36.0,62.0,26,34,10,28,4,8,4.0,12.0,4.0,8.0,1,7,6/34 (17%),17/37 (45%),4/10 (40%),11/17 (64%),8,8,0,4,0,0,1,2,1,0,24/32 (75%),21/25 (84%),7/8 (88%),4/4 (100%),13/24 (54%),16/21 (76%),3/8 (38%),2/4 (50%),4,4,4/6 (66%),2/2 (100%),16,18,7,16,4,7,1,5,5/21 (23%),11/24 (45%),2/4 (50%),5/8 (62%),4,4,0,2,0,0,2.0,3.0,0.0,0.0,13/22 (59%),13/19 (68%),9/9 (100%),6/6 (100%),7/13 (54%),12/13 (92%),3/9 (33%),4/6 (67%),4.0,4.0,1/3 (33%),0/0 (0%),10.0,16.0,3.0,12.0,4.0,6.0,1.0,3.0,1/13 (7%),6/13 (46%),2/6 (33%),6/9 (66%),4.0,4.0,0.0,2.0,0.0,0.0,,,,,,,,,,,,,,,,,,,,,,,,,,,,,,,,,,
15464045,ATP,174285,"Montpellier, France, Qualifying",2026-02-03,Qualification Final,Hardcourt indoor,95801,Andrea Vavassori,107357,Hugo Grenier,2,0,2 - ?,2026-05-17,10,6,3,3,46/68 (68%),42/61 (69%),19/22 (86%),16/19 (84%),38/46 (83%),31/42 (74%),13/22 (59%),10/19 (53%),11,10,1/1 (100%),4/5 (80%),71.0,58.0,51,41,20,17,7,5,13.0,9.0,10.0,9.0,3,1,11/42 (26%),8/46 (17%),9/19 (47%),9/22 (40%),10,11,1,0,1,0,6,1,1,0,21/33 (64%),15/21 (71%),11/12 (92%),6/6 (100%),17/21 (81%),11/15 (73%),6/12 (50%),3/6 (50%),5,4,1/1 (100%),0/1 (0%),23,14,7,10,5,4,3,1,4/15 (26%),4/21 (19%),3/6 (50%),6/12 (50%),4,5,1,0,0,0,4.0,5.0,2.0,3.0,24/35 (69%),27/40 (68%),9/11 (82%),10/13 (77%),21/24 (88%),20/27 (74%),7/11 (64%),7/13 (54%),6.0,6.0,0/0 (0%),4/4 (100%),28.0,27.0,13.0,7.0,7.0,5.0,2.0,1.0,7/27 (25%),3/24 (12%),6/13 (46%),4/11 (36%),6.0,6.0,0.0,0.0,1.0,0.0,,,,,,,,,,,,,,,,,,,,,,,,,,,,,,,,,,
15460702,CHALLENGER,174014,"Rosario, Argentina",2026-02-03,Round of 32,Red clay,193644,Nikolas Sanchez Izquierdo,43761,Andrea Collarini,2,1,2 - 1,2026-05-17,1,3,2,2,55/84 (65%),77/113 (68%),27/29 (93%),34/36 (94%),36/55 (65%),41/77 (53%),14/29 (48%),16/36 (44%),12,12,8/11 (72%),13/19 (68%),106.0,91.0,50,57,56,34,9,6,15.0,9.0,9.0,6.0,8,6,36/77 (46%),19/55 (34%),20/36 (55%),15/29 (51%),12,12,6,3,0,0,0,1,0,0,17/26 (65%),21/33 (64%),9/9 (100%),12/12 (100%),11/17 (65%),15/21 (71%),3/9 (33%),6/12 (50%),5,4,0/2 (0%),2/2 (100%),14,21,12,12,4,5,1,4,6/21 (28%),6/17 (35%),6/12 (50%),6/9 (66%),4,5,0,2,0,0,0.0,1.0,1.0,1.0,8/20 (40%),23/32 (72%),11/12 (92%),8/9 (89%),7/8 (88%),9/23 (39%),7/12 (58%),5/9 (56%),4.0,4.0,1/2 (50%),1/4 (25%),14.0,14.0,18.0,6.0,7.0,4.0,6.0,2.0,14/23 (60%),1/8 (12%),4/9 (44%),5/12 (41%),4.0,4.0,3.0,1.0,0.0,0.0,1.0,1.0,1.0,1.0,29/38 (76%),31/48 (65%),8/9 (89%),16/17 (94%),18/29 (62%),16/31 (52%),4/9 (44%),6/17 (35%),3.0,4.0,7/7 (100%),10/13 (76%),22.0,22.0,26.0,16.0,6.0,4.0,4.0,1.0,15/31 (48%),11/29 (37%),11/17 (64%),5/9 (55%),4.0,3.0,3.0,0.0,0.0,0.0
15460703,CHALLENGER,174014,"Rosario, Argentina",2026-02-03,Round of 32,Red clay,315774,Juan Bautista Torres,303307,Alex Barrena,2,0,2 - ?,2026-05-17,1,0,1,1,31/64 (48%),34/49 (69%),32/33 (97%),14/15 (93%),21/31 (68%),22/34 (65%),10/33 (30%),10/15 (67%),8,8,9/14 (64%),0/1 (0%),48.0,65.0,31,32,17,33,4,7,4.0,12.0,3.0,7.0,2,11,12/34 (35%),10/31 (32%),5/15 (33%),23/33 (69%),8,8,1,5,0,0,0,0,1,1,18/40 (45%),16/25 (64%),21/22 (95%),8/9 (89%),12/18 (67%),11/16 (69%),8/22 (36%),4/9 (44%),5,4,3/6 (50%),0/1 (0%),20,15,10,20,4,3,3,6,5/16 (31%),6/18 (33%),5/9 (55%),14/22 (63%),4,5,1,3,0,0,1.0,0.0,0.0,0.0,12/24 (50%),18/24 (75%),12/12 (100%),6/6 (100%),8/12 (67%),11/18 (61%),3/12 (25%),6/6 (100%),3.0,4.0,6/8 (75%),0/0 (0%),11.0,17.0,7.0,13.0,3.0,7.0,1.0,5.0,7/18 (38%),4/12 (33%),0/6 (0%),9/12 (75%),4.0,3.0,0.0,2.0,0.0,0.0,,,,,,,,,,,,,,,,,,,,,,,,,,,,,,,,,,
15460711,CHALLENGER,174014,"Rosario, Argentina",2026-02-03,Round of 32,Red clay,38180,Facundo Mena,47603,Thiago Monteiro,2,0,2 - ?,2026-05-17,10,3,1,1,40/69 (58%),51/76 (67%),28/29 (97%),24/25 (96%),36/40 (90%),36/51 (71%),18/29 (62%),14/25 (56%),12,12,0/0 (0%),2/3 (66%),80.0,65.0,54,50,26,15,6,5,14.0,11.0,12.0,11.0,3,1,15/51 (29%),4/40 (10%),11/25 (44%),11/29 (37%),12,12,1,0,1,0,3,1,0,0,17/32 (53%),20/29 (69%),15/15 (100%),9/9 (100%),14/17 (82%),12/20 (60%),11/15 (73%),8/9 (89%),6,6,0/0 (0%),0/1 (0%),25,20,9,7,6,5,2,1,8/20 (40%),3/17 (17%),1/9 (11%),4/15 (26%),6,6,1,0,0,0,7.0,2.0,1.0,1.0,21/37 (57%),31/47 (66%),15/16 (94%),15/16 (94%),21/21 (100%),24/31 (77%),8/16 (50%),6/16 (38%),6.0,6.0,0/0 (0%),2/2 (100%),29.0,30.0,17.0,8.0,5.0,4.0,1.0,1.0,7/31 (22%),0/21 (0%),10/16 (62%),8/16 (50%),6.0,6.0,0.0,0.0,1.0,0.0,,,,,,,,,,,,,,,,,,,,,,,,,,,,,,,,,,
15460709,CHALLENGER,174014,"Rosario, Argentina",2026-02-03,Round of 32,Red clay,287181,Roman Andres Burruchaga,397014,Lautaro Midon,2,0,2 - ?,2026-05-17,4,1,0,3,32/48 (67%),30/51 (59%),16/16 (100%),18/21 (86%),21/32 (66%),13/30 (43%),10/16 (63%),7/21 (33%),7,7,4/5 (80%),4/10 (40%),62.0,37.0,31,20,31,17,6,4,12.0,2.0,6.0,1.0,9,1,17/30 (56%),11/32 (34%),14/21 (66%),6/16 (37%),7,7,6,1,0,0,1,0,0,1,12/16 (75%),18/31 (58%),4/4 (100%),12/13 (92%),8/12 (67%),7/18 (39%),2/4 (50%),4/13 (31%),3,4,1/2 (50%),1/5 (20%),10,11,20,6,6,3,3,1,11/18 (61%),4/12 (33%),9/13 (69%),2/4 (50%),4,3,4,1,0,0,3.0,1.0,0.0,2.0,20/32 (63%),12/20 (60%),12/12 (100%),6/8 (75%),13/20 (65%),6/12 (50%),8/12 (67%),3/8 (38%),4.0,3.0,3/3 (100%),3/5 (60%),21.0,9.0,11.0,11.0,5.0,4.0,3.0,1.0,6/12 (50%),7/20 (35%),5/8 (62%),4/12 (33%),3.0,4.0,2.0,0.0,0.0,0.0,,,,,,,,,,,,,,,,,,,,,,,,,,,,,,,,,,
15460042,CHALLENGER,174009,"Tenerife, Spain",2026-02-03,Round of 32,Hardcourt outdoor,264358,Pablo Llamas Ruiz,853637,Benjamin Willwerth,2,0,,20260517,0,2,2,0,32/51 (63%),38/48 (79%),17/19 (89%),10/10 (100%),15/32 (47%),23/38 (61%),7/19 (37%),6/10 (60%),8,8,4/10 (40%),3/5 (60%),41.0,58.0,22,29,19,29,4,8,4.0,12.0,2.0,6.0,1,6,15/38 (39%),17/32 (53%),4/10 (40%),12/19 (63%),8,8,2,6,0,0,0,0,2,0,15/25 (60%),20/27 (74%),8/10 (80%),7/7 (100%),6/15 (40%),9/20 (45%),2/10 (20%),4/7 (57%),4,4,3/7 (42%),3/5 (60%),8,13,14,17,4,4,1,3,11/20 (55%),9/15 (60%),3/7 (42%),8/10 (80%),4,4,2,4,0,0,0.0,2.0,0.0,0.0,17/26 (65%),18/21 (86%),9/9 (100%),3/3 (100%),9/17 (53%),14/18 (78%),5/9 (56%),2/3 (67%),4.0,4.0,1/3 (33%),0/0 (0%),14.0,16.0,5.0,12.0,4.0,8.0,1.0,4.0,4/18 (22%),8/17 (47%),1/3 (33%),4/9 (44%),4.0,4.0,0.0,2.0,0.0,0.0,,,,,,,,,,,,,,,,,,,,,,,,,,,,,,,,,,
15460045,CHALLENGER,174009,"Tenerife, Spain",2026-02-03,Round of 32,Hardcourt outdoor,307383,Abdullah Shelbayh,204764,Jacopo Berrettini,2,0,,20260517,0,2,4,2,33/57 (58%),29/48 (60%),20/24 (83%),17/19 (89%),20/33 (61%),22/29 (76%),5/24 (21%),10/19 (53%),8,9,2/7 (28%),0/2 (0%),41.0,64.0,25,32,16,32,3,8,5.0,12.0,3.0,7.0,3,4,7/29 (24%),13/33 (39%),9/19 (47%),19/24 (79%),9,8,2,5,0,0,0,2,3,2,14/31 (45%),16/28 (57%),14/17 (82%),10/12 (83%),10/14 (71%),13/16 (81%),5/17 (29%),5/12 (42%),4,5,2/4 (50%),0/1 (0%),15,18,10,16,3,5,3,3,3/16 (18%),4/14 (28%),7/12 (58%),12/17 (70%),5,4,1,2,0,0,0.0,0.0,1.0,0.0,18/26 (69%),13/20 (65%),7/8 (88%),7/7 (100%),10/18 (56%),9/13 (69%),0/8 (0%),5/7 (71%),4.0,4.0,0/3 (0%),0/1 (0%),10.0,14.0,6.0,16.0,3.0,8.0,1.0,4.0,4/13 (30%),8/18 (44%),2/7 (28%),8/8 (100%),4.0,4.0,1.0,3.0,0.0,0.0,,,,,,,,,,,,,,,,,,,,,,,,,,,,,,,,,,
15460040,CHALLENGER,174009,"Tenerife, Spain",2026-02-03,Round of 32,Hardcourt outdoor,381399,Gabriele Piraino,295178,Alibek Kachmazov,2,1,,20260517,10,5,2,4,63/105 (60%),70/97 (72%),40/42 (95%),23/27 (85%),43/63 (68%),49/70 (70%),19/42 (45%),15/27 (56%),16,16,3/8 (37%),4/7 (57%),95.0,107.0,62,64,33,43,6,7,15.0,19.0,10.0,11.0,4,5,21/70 (30%),20/63 (31%),12/27 (44%),23/42 (54%),16,16,3,5,1,1,5,3,1,1,24/41 (59%),31/39 (79%),16/17 (94%),7/8 (88%),17/24 (71%),21/31 (68%),8/17 (47%),4/8 (50%),6,6,1/2 (50%),1/2 (50%),25,25,14,16,4,7,3,2,10/31 (32%),7/24 (29%),4/8 (50%),9/17 (52%),6,6,1,1,0,1,4.0,1.0,1.0,1.0,20/38 (53%),23/36 (64%),17/18 (94%),12/13 (92%),16/20 (80%),15/23 (65%),8/18 (44%),7/13 (54%),6.0,6.0,1/3 (33%),1/3 (33%),24.0,22.0,14.0,14.0,6.0,5.0,2.0,2.0,8/23 (34%),4/20 (20%),6/13 (46%),10/18 (55%),6.0,6.0,2.0,2.0,1.0,0.0,1.0,1.0,0.0,2.0,16/26 (62%),15/22 (68%),10/10 (100%),5/7 (71%),8/16 (50%),12/15 (80%),5/10 (50%),5/7 (71%),4.0,4.0,1/3 (33%),2/2 (100%),13.0,17.0,5.0,13.0,3.0,6.0,1.0,5.0,3/15 (20%),8/16 (50%),2/7 (28%),5/10 (50%),4.0,4.0,0.0,2.0,0.0,0.0
15460044,CHALLENGER,174009,"Tenerife, Spain",2026-02-03,Round of 32,Hardcourt outdoor,258978,George Loffhagen,233700,Gauthier Onclin,2,0,,20260517,0,8,3,4,38/64 (59%),32/53 (60%),23/26 (88%),17/21 (81%),20/38 (53%),25/32 (78%),11/26 (42%),11/21 (52%),9,9,5/9 (55%),2/3 (66%),48.0,69.0,31,36,17,33,4,11,6.0,12.0,5.0,8.0,3,3,7/32 (21%),18/38 (47%),10/21 (47%),15/26 (57%),9,9,1,4,0,0,0,5,1,4,23/38 (61%),17/28 (61%),14/15 (93%),7/11 (64%),13/23 (57%),12/17 (71%),7/15 (47%),6/11 (55%),5,5,2/4 (50%),1/2 (50%),20,18,10,18,4,5,3,3,5/17 (29%),10/23 (43%),5/11 (45%),8/15 (53%),5,5,1,2,0,0,0.0,3.0,2.0,0.0,16/26 (62%),15/25 (60%),8/10 (80%),10/10 (100%),8/16 (50%),13/15 (87%),3/10 (30%),5/10 (50%),4.0,4.0,3/5 (60%),1/1 (100%),11.0,18.0,7.0,15.0,4.0,11.0,1.0,3.0,2/15 (13%),8/16 (50%),5/10 (50%),7/10 (70%),4.0,4.0,0.0,2.0,0.0,0.0,,,,,,,,,,,,,,,,,,,,,,,,,,,,,,,,,,
15460041,CHALLENGER,174009,"Tenerife, Spain",2026-02-03,Round of 32,Hardcourt outdoor,131442,Michael Mmoh,16683,Mikhail Kukushkin,2,0,,20260517,9,0,5,0,50/76 (66%),65/92 (71%),21/26 (81%),27/27 (100%),33/50 (66%),37/65 (57%),12/26 (46%),12/27 (44%),12,12,3/7 (42%),6/11 (54%),88.0,80.0,45,49,43,31,5,7,14.0,11.0,7.0,7.0,3,2,28/65 (43%),17/50 (34%),15/27 (55%),14/26 (53%),12,12,5,4,1,0,1,0,3,0,20/33 (61%),28/37 (76%),10/13 (77%),9/9 (100%),15/20 (75%),17/28 (61%),8/13 (62%),5/9 (56%),6,6,1/2 (50%),2/4 (50%),23,22,15,10,4,5,3,2,11/28 (39%),5/20 (25%),4/9 (44%),5/13 (38%),6,6,2,1,0,0,8.0,0.0,2.0,0.0,30/43 (70%),37/55 (67%),11/13 (85%),18/18 (100%),18/30 (60%),20/37 (54%),4/13 (31%),7/18 (39%),6.0,6.0,2/5 (40%),4/7 (57%),22.0,27.0,28.0,21.0,5.0,7.0,3.0,2.0,17/37 (45%),12/30 (40%),11/18 (61%),9/13 (69%),6.0,6.0,3.0,3.0,1.0,0.0,,,,,,,,,,,,,,,,,,,,,,,,,,,,,,,,,,
15457015,CHALLENGER,174020,"Brisbane, Australia",2026-02-03,Round of 32,Hardcourt outdoor,58369,Alex Bolt,126402,Corentin Denolly,2,1,2 - 1,2026-05-17,11,8,2,6,50/73 (68%),75/107 (70%),21/23 (91%),26/32 (81%),39/50 (78%),45/75 (60%),11/23 (48%),14/32 (44%),14,13,1/4 (25%),14/19 (73%),98.0,82.0,50,59,48,23,6,10,16.0,11.0,10.0,8.0,4,3,30/75 (40%),11/50 (22%),18/32 (56%),12/23 (52%),13,14,5,3,0,0,4,5,0,3,12/25 (48%),23/34 (68%),13/13 (100%),8/11 (73%),10/12 (83%),18/23 (78%),8/13 (62%),5/11 (45%),5,5,0/1 (0%),2/2 (100%),18,23,11,7,5,8,1,3,5/23 (21%),2/12 (16%),6/11 (54%),5/13 (38%),5,5,0,1,0,0,1.0,2.0,0.0,0.0,20/26 (77%),22/35 (63%),6/6 (100%),13/13 (100%),15/20 (75%),11/22 (50%),2/6 (33%),7/13 (54%),5.0,4.0,1/2 (50%),6/8 (75%),17.0,18.0,17.0,9.0,6.0,5.0,4.0,2.0,11/22 (50%),5/20 (25%),6/13 (46%),4/6 (66%),4.0,5.0,2.0,1.0,0.0,0.0,6.0,1.0,2.0,3.0,17/22 (77%),30/38 (79%),3/5 (60%),5/8 (63%),13/17 (76%),16/30 (53%),2/5 (40%),2/8 (25%),4.0,4.0,0/1 (0%),6/9 (66%),15.0,18.0,20.0,7.0,6.0,4.0,4.0,2.0,14/30 (46%),4/17 (23%),6/8 (75%),3/5 (60%),4.0,4.0,3.0,1.0,0.0,0.0
15465728,CHALLENGER,174020,"Brisbane, Australia",2026-02-03,Round of 32,Hardcourt outdoor,388080,Pavle Marinkov,407392,Darwin Blanch,2,1,2 - 1,2026-05-17,18,7,2,3,63/98 (64%),67/102 (66%),33/35 (94%),32/35 (91%),45/63 (71%),45/67 (67%),17/35 (49%),20/35 (57%),15,15,4/8 (50%),3/7 (42%),99.0,101.0,62,65,37,36,9,6,15.0,16.0,11.0,11.0,3,4,22/67 (32%),18/63 (28%),15/35 (42%),18/35 (51%),15,15,4,4,0,1,8,3,1,1,32/51 (63%),27/39 (69%),18/19 (95%),11/12 (92%),23/32 (72%),19/27 (70%),9/19 (47%),9/12 (75%),6,6,3/4 (75%),1/2 (50%),32,28,11,19,3,5,3,3,8/27 (29%),9/32 (28%),3/12 (25%),10/19 (52%),6,6,1,1,0,1,8.0,2.0,1.0,1.0,18/25 (72%),13/24 (54%),6/7 (86%),10/11 (91%),15/18 (83%),8/13 (62%),5/7 (71%),7/11 (64%),5.0,4.0,0/0 (0%),1/2 (50%),20.0,15.0,9.0,5.0,5.0,3.0,3.0,1.0,5/13 (38%),3/18 (16%),4/11 (36%),2/7 (28%),4.0,5.0,1.0,0.0,0.0,0.0,2.0,2.0,0.0,1.0,13/22 (59%),27/39 (69%),9/9 (100%),11/12 (92%),7/13 (54%),18/27 (67%),3/9 (33%),4/12 (33%),4.0,5.0,1/4 (25%),1/3 (33%),10.0,22.0,17.0,12.0,9.0,6.0,3.0,4.0,9/27 (33%),6/13 (46%),8/12 (66%),6/9 (66%),5.0,4.0,2.0,3.0,0.0,0.0
15465725,CHALLENGER,174020,"Brisbane, Australia",2026-02-03,Round of 32,Hardcourt outdoor,49417,Li Tu,233127,Matt Hulme,2,1,2 - 1,2026-05-17,9,7,3,4,68/95 (72%),58/89 (65%),24/27 (89%),27/31 (87%),49/68 (72%),41/58 (71%),14/27 (52%),22/31 (71%),15,15,8/10 (80%),4/5 (80%),89.0,95.0,63,63,26,32,5,6,14.0,16.0,13.0,14.0,3,3,17/58 (29%),19/68 (27%),9/31 (29%),13/27 (48%),15,15,1,2,0,0,1,3,0,1,21/32 (66%),16/21 (76%),11/11 (100%),4/5 (80%),16/21 (76%),11/16 (69%),7/11 (64%),2/5 (40%),5,4,3/3 (100%),0/1 (0%),23,13,8,9,5,5,3,1,5/16 (31%),5/21 (23%),3/5 (60%),4/11 (36%),4,5,1,0,0,0,4.0,2.0,2.0,2.0,18/23 (78%),27/40 (68%),3/5 (60%),11/13 (85%),13/18 (72%),17/27 (63%),2/5 (40%),9/13 (69%),4.0,5.0,2/3 (66%),4/4 (100%),15.0,26.0,14.0,8.0,5.0,5.0,1.0,3.0,10/27 (37%),5/18 (27%),4/13 (30%),3/5 (60%),5.0,4.0,0.0,1.0,0.0,0.0,4.0,2.0,1.0,1.0,29/40 (73%),14/28 (50%),10/11 (91%),13/14 (93%),20/29 (69%),12/14 (86%),5/11 (45%),12/14 (86%),6.0,6.0,3/4 (75%),0/0 (0%),25.0,24.0,4.0,15.0,5.0,6.0,1.0,3.0,2/14 (14%),9/29 (31%),2/14 (14%),6/11 (54%),6.0,6.0,0.0,1.0,0.0,0.0
15464547,CHALLENGER,174302,"Rosario, Argentina, Qualifying",2026-02-03,Qualification Final,Red clay,82157,Igor Marcondes,297139,Valerio Aboian,2,0,,20260517,1,2,2,2,33/56 (59%),25/45 (56%),21/23 (91%),18/20 (90%),24/33 (73%),17/25 (68%),13/23 (57%),7/20 (35%),9,8,2/3 (66%),2/6 (33%),58.0,43.0,37,24,21,19,7,5,12.0,5.0,7.0,3.0,4,2,8/25 (32%),9/33 (27%),13/20 (65%),10/23 (43%),8,9,4,1,0,0,1,1,0,1,16/27 (59%),11/19 (58%),11/11 (100%),7/8 (88%),13/16 (81%),9/11 (82%),7/11 (64%),4/8 (50%),5,4,0/0 (0%),0/1 (0%),20,13,6,7,6,5,3,1,2/11 (18%),3/16 (18%),4/8 (50%),4/11 (36%),4,5,1,0,0,0,0.0,1.0,2.0,1.0,17/29 (59%),14/26 (54%),10/12 (83%),11/12 (92%),11/17 (65%),8/14 (57%),6/12 (50%),3/12 (25%),4.0,4.0,2/3 (66%),2/5 (40%),17.0,11.0,15.0,12.0,7.0,5.0,4.0,2.0,6/14 (42%),6/17 (35%),9/12 (75%),6/12 (50%),4.0,4.0,3.0,1.0,0.0,0.0,,,,,,,,,,,,,,,,,,,,,,,,,,,,,,,,,,
15464046,CHALLENGER,174302,"Rosario, Argentina, Qualifying",2026-02-03,Qualification Final,Red clay,396006,Juan Estevez,511702,Carlos Maria Zarate,2,0,,20260517,0,0,2,3,22/47 (47%),33/63 (52%),23/25 (92%),27/30 (90%),16/22 (73%),17/33 (52%),17/25 (68%),12/30 (40%),8,8,3/4 (75%),3/8 (37%),67.0,43.0,33,29,34,14,7,3,12.0,4.0,6.0,3.0,4,2,16/33 (48%),6/22 (27%),18/30 (60%),8/25 (32%),8,8,5,1,0,0,0,0,1,2,11/22 (50%),14/26 (54%),10/11 (91%),10/12 (83%),8/11 (73%),7/14 (50%),7/11 (64%),4/12 (33%),3,4,2/2 (100%),1/4 (25%),15,11,15,7,4,3,4,1,7/14 (50%),3/11 (27%),8/12 (66%),4/11 (36%),4,3,3,0,0,0,0.0,0.0,1.0,1.0,11/25 (44%),18/37 (49%),13/14 (93%),18/19 (95%),8/11 (73%),10/18 (56%),10/14 (71%),8/19 (42%),5.0,4.0,1/2 (50%),2/4 (50%),18.0,18.0,19.0,7.0,7.0,3.0,3.0,2.0,8/18 (44%),3/11 (27%),11/19 (57%),4/14 (28%),4.0,5.0,2.0,1.0,0.0,0.0,,,,,,,,,,,,,,,,,,,,,,,,,,,,,,,,,,
15465221,CHALLENGER,174302,"Rosario, Argentina, Qualifying",2026-02-03,Qualification Final,Red clay,379442,Juan Manuel La Serna,393631,Bruno Fernandez,2,0,,20260517,5,0,0,1,36/51 (71%),44/69 (64%),15/15 (100%),24/25 (96%),27/36 (75%),21/44 (48%),9/15 (60%),13/25 (52%),10,10,3/5 (60%),3/8 (37%),71.0,49.0,36,34,35,15,9,7,13.0,7.0,8.0,4.0,4,3,23/44 (52%),9/36 (25%),12/25 (48%),6/15 (40%),10,10,5,2,0,0,1,0,0,1,12/16 (75%),24/38 (63%),4/4 (100%),13/14 (93%),9/12 (75%),11/24 (46%),3/4 (75%),6/14 (43%),4,4,0/1 (0%),3/6 (50%),12,17,21,4,5,4,3,1,13/24 (54%),3/12 (25%),8/14 (57%),1/4 (25%),4,4,3,1,0,0,4.0,0.0,0.0,0.0,22/35 (63%),20/31 (65%),13/13 (100%),11/11 (100%),17/22 (77%),10/20 (50%),7/13 (54%),7/11 (64%),6.0,6.0,3/4 (75%),0/2 (0%),24.0,17.0,14.0,11.0,9.0,7.0,3.0,3.0,10/20 (50%),5/22 (22%),4/11 (36%),6/13 (46%),6.0,6.0,2.0,1.0,0.0,0.0,,,,,,,,,,,,,,,,,,,,,,,,,,,,,,,,,,
15465334,CHALLENGER,174302,"Rosario, Argentina, Qualifying",2026-02-03,Qualification Final,Red clay,255418,Guido Ivan Justo,302587,Ezequiel Monferrer,2,1,,20260517,0,1,2,7,49/72 (68%),50/81 (62%),21/23 (91%),24/31 (77%),27/49 (55%),22/50 (44%),13/23 (57%),14/31 (45%),12,13,1/5 (20%),5/13 (38%),85.0,68.0,40,36,45,32,11,6,16.0,9.0,8.0,5.0,4,5,28/50 (56%),22/49 (44%),17/31 (54%),10/23 (43%),13,12,8,4,0,0,0,0,1,2,9/16 (56%),13/20 (65%),6/7 (86%),5/7 (71%),5/9 (56%),2/13 (15%),4/7 (57%),2/7 (29%),3,4,0/1 (0%),1/5 (20%),9,4,16,7,11,4,3,1,11/13 (84%),4/9 (44%),5/7 (71%),3/7 (42%),4,3,4,1,0,0,0.0,0.0,0.0,4.0,26/32 (81%),24/39 (62%),6/6 (100%),11/15 (73%),11/26 (42%),14/24 (58%),3/6 (50%),7/15 (47%),5.0,5.0,1/4 (25%),2/4 (50%),14.0,21.0,18.0,18.0,5.0,6.0,4.0,5.0,10/24 (41%),15/26 (57%),8/15 (53%),3/6 (50%),5.0,5.0,2.0,3.0,0.0,0.0,0.0,1.0,1.0,1.0,14/24 (58%),12/22 (55%),9/10 (90%),9/10 (90%),11/14 (79%),5/12 (42%),6/10 (60%),6/10 (60%),4.0,4.0,0/0 (0%),2/4 (50%),17.0,11.0,11.0,7.0,7.0,3.0,4.0,1.0,7/12 (58%),3/14 (21%),4/10 (40%),4/10 (40%),4.0,4.0,2.0,0.0,0.0,0.0
15465328,CHALLENGER,174302,"Rosario, Argentina, Qualifying",2026-02-03,Qualification Final,Red clay,54975,Hernan Casanova,286518,Santiago De la Fuente,2,1,,20260517,0,0,2,2,71/87 (82%),81/99 (82%),14/16 (88%),16/18 (89%),42/71 (59%),44/81 (54%),8/16 (50%),7/18 (39%),14,13,7/12 (58%),8/14 (57%),98.0,88.0,50,51,48,37,6,5,15.0,12.0,9.0,7.0,4,3,37/81 (45%),29/71 (40%),11/18 (61%),8/16 (50%),13,14,6,5,0,0,0,0,2,1,23/30 (77%),27/32 (84%),5/7 (71%),4/5 (80%),11/23 (48%),15/27 (56%),2/7 (29%),3/5 (60%),5,4,2/5 (40%),2/3 (66%),13,18,14,17,4,5,2,4,12/27 (44%),12/23 (52%),2/5 (40%),5/7 (71%),4,5,1,3,0,0,0.0,0.0,0.0,0.0,13/20 (65%),25/30 (83%),7/7 (100%),5/5 (100%),10/13 (77%),15/25 (60%),6/7 (86%),1/5 (20%),4.0,4.0,0/0 (0%),3/5 (60%),16.0,16.0,14.0,4.0,6.0,4.0,3.0,1.0,10/25 (40%),3/13 (23%),4/5 (80%),1/7 (14%),4.0,4.0,2.0,0.0,0.0,0.0,0.0,0.0,0.0,1.0,34/37 (92%),28/37 (76%),3/3 (100%),8/9 (89%),20/34 (59%),14/28 (50%),1/3 (33%),3/9 (33%),5.0,5.0,5/7 (71%),3/6 (50%),21.0,17.0,20.0,16.0,6.0,5.0,2.0,2.0,14/28 (50%),14/34 (41%),6/9 (66%),2/3 (66%),5.0,5.0,3.0,2.0,0.0,0.0
15465088,CHALLENGER,174302,"Rosario, Argentina, Qualifying",2026-02-03,Qualification Final,Red clay,333081,Luciano Emanuel Ambrogi,405124,Lucio Ratti,2,0,,20260517,5,1,1,3,38/78 (49%),61/94 (65%),39/40 (98%),30/33 (91%),22/38 (58%),34/61 (56%),27/40 (68%),19/33 (58%),11,11,4/5 (80%),8/11 (72%),90.0,82.0,49,53,41,29,5,5,13.0,9.0,9.0,8.0,5,2,27/61 (44%),16/38 (42%),14/33 (42%),13/40 (32%),11,11,3,1,0,0,4,1,0,2,19/39 (49%),32/46 (70%),20/20 (100%),12/14 (86%),15/19 (79%),20/32 (63%),12/20 (60%),7/14 (50%),6,6,2/2 (100%),5/6 (83%),27,27,19,12,5,5,3,1,12/32 (37%),4/19 (21%),7/14 (50%),8/20 (40%),6,6,1,0,0,0,1.0,0.0,1.0,1.0,18/39 (46%),28/48 (58%),20/21 (95%),19/20 (95%),6/18 (33%),13/28 (46%),16/21 (76%),13/20 (65%),5.0,5.0,2/3 (66%),3/5 (60%),22.0,26.0,22.0,17.0,4.0,4.0,2.0,2.0,15/28 (53%),12/18 (66%),7/20 (35%),5/21 (23%),5.0,5.0,2.0,1.0,0.0,0.0,,,,,,,,,,,,,,,,,,,,,,,,,,,,,,,,,,
15463242,CHALLENGER,174284,"Cesenatico, Italy, Qualifying",2026-02-03,Qualification Final,Hardcourt indoor,106153,Enrico Dalla Valle,426118,Kasra Rahmani,2,0,,20260517,3,4,1,3,38/49 (78%),27/46 (59%),10/11 (91%),16/19 (84%),29/38 (76%),19/27 (70%),5/11 (45%),6/19 (32%),8,8,1/1 (100%),4/8 (50%),55.0,40.0,34,25,21,15,7,4,12.0,4.0,7.0,4.0,7,1,8/27 (29%),9/38 (23%),13/19 (68%),6/11 (54%),8,8,4,0,0,0,2,4,0,3,19/26 (73%),16/30 (53%),7/7 (100%),11/14 (79%),13/19 (68%),13/16 (81%),4/7 (57%),5/14 (36%),4,5,0/0 (0%),4/6 (66%),17,18,12,9,5,4,3,1,3/16 (18%),6/19 (31%),9/14 (64%),3/7 (42%),5,4,2,0,0,0,1.0,0.0,1.0,0.0,18/23 (78%),11/16 (69%),4/5 (80%),5/5 (100%),15/18 (83%),6/11 (55%),2/5 (40%),1/5 (20%),4.0,3.0,1/1 (100%),0/2 (0%),17.0,7.0,9.0,6.0,7.0,4.0,5.0,1.0,5/11 (45%),3/18 (16%),4/5 (80%),3/5 (60%),3.0,4.0,2.0,0.0,0.0,0.0,,,,,,,,,,,,,,,,,,,,,,,,,,,,,,,,,,
15465730,CHALLENGER,174020,"Brisbane, Australia",2026-02-03,Round of 32,Hardcourt outdoor,52069,Naoki Nakagawa,207575,Adam Walton,2,1,2 - 1,2026-05-17,15,15,1,0,50/74 (68%),56/94 (60%),23/24 (96%),38/38 (100%),37/50 (74%),42/56 (75%),15/24 (63%),21/38 (55%),14,15,0/2 (0%),5/6 (83%),83.0,85.0,52,63,31,22,6,7,13.0,16.0,11.0,14.0,2,4,14/56 (25%),13/50 (26%),17/38 (44%),9/24 (37%),15,14,1,2,0,0,4,4,0,0,14/26 (54%),17/33 (52%),12/12 (100%),16/16 (100%),12/14 (86%),12/17 (71%),8/12 (67%),8/16 (50%),5,5,0/0 (0%),3/4 (75%),20,20,13,6,5,5,2,1,5/17 (29%),2/14 (14%),8/16 (50%),4/12 (33%),5,5,1,0,0,0,4.0,7.0,0.0,0.0,17/23 (74%),18/27 (67%),6/6 (100%),9/9 (100%),10/17 (59%),15/18 (83%),5/6 (83%),5/9 (56%),4.0,5.0,0/1 (0%),0/0 (0%),15.0,20.0,7.0,8.0,4.0,7.0,1.0,3.0,3/18 (16%),7/17 (41%),4/9 (44%),1/6 (16%),5.0,4.0,0.0,1.0,0.0,0.0,7.0,4.0,1.0,0.0,19/25 (76%),20/34 (59%),5/6 (83%),14/14 (100%),15/19 (79%),14/20 (70%),2/6 (33%),9/14 (64%),5.0,5.0,0/1 (0%),2/2 (100%),17.0,23.0,11.0,8.0,6.0,5.0,1.0,3.0,6/20 (30%),4/19 (21%),5/14 (35%),4/6 (66%),5.0,5.0,0.0,1.0,0.0,0.0
15457012,CHALLENGER,174020,"Brisbane, Australia",2026-02-03,Round of 32,Hardcourt outdoor,163438,Fajing Sun,57155,David Jorda Sanchis,2,0,2 - ?,2026-05-17,0,5,1,4,40/55 (73%),53/84 (63%),14/15 (93%),27/31 (87%),28/40 (70%),33/53 (62%),10/15 (67%),12/31 (39%),9,10,2/3 (66%),11/15 (73%),77.0,62.0,38,45,39,17,8,3,12.0,7.0,8.0,6.0,4,1,20/53 (37%),12/40 (30%),19/31 (61%),5/15 (33%),10,9,4,1,0,0,0,3,1,3,24/34 (71%),26/44 (59%),9/10 (90%),15/18 (83%),16/24 (67%),18/26 (69%),6/10 (60%),6/18 (33%),5,5,2/3 (66%),6/8 (75%),22,24,20,12,7,3,3,2,8/26 (30%),8/24 (33%),12/18 (66%),4/10 (40%),5,5,2,1,0,0,0.0,2.0,0.0,1.0,16/21 (76%),26/40 (65%),5/5 (100%),13/14 (93%),12/16 (75%),15/26 (58%),4/5 (80%),6/14 (43%),4.0,5.0,0/0 (0%),5/7 (71%),16.0,21.0,19.0,5.0,5.0,3.0,4.0,1.0,11/26 (42%),4/16 (25%),8/14 (57%),1/5 (20%),5.0,4.0,2.0,0.0,0.0,0.0,,,,,,,,,,,,,,,,,,,,,,,,,,,,,,,,,,
15457017,CHALLENGER,174020,"Brisbane, Australia",2026-02-03,Round of 32,Hardcourt outdoor,490667,Cruz Hewitt,420914,Hayato Matsuoka,2,0,2 - ?,2026-05-17,8,8,1,4,46/87 (53%),54/72 (75%),40/41 (98%),14/18 (78%),33/46 (72%),36/54 (67%),25/41 (61%),11/18 (61%),11,10,6/6 (100%),2/3 (66%),83.0,76.0,58,47,25,29,6,5,13.0,9.0,11.0,9.0,3,1,18/54 (33%),13/46 (28%),7/18 (38%),16/41 (39%),10,11,1,0,1,0,3,2,0,1,16/34 (47%),19/28 (68%),18/18 (100%),8/9 (89%),12/16 (75%),10/19 (53%),11/18 (61%),6/9 (67%),5,4,2/2 (100%),2/3 (66%),23,16,12,11,6,3,3,1,9/19 (47%),4/16 (25%),3/9 (33%),7/18 (38%),4,5,1,0,0,0,5.0,6.0,1.0,3.0,30/53 (57%),33/44 (75%),22/23 (96%),8/11 (73%),21/30 (70%),24/33 (73%),14/23 (61%),7/11 (64%),6.0,6.0,4/4 (100%),0/0 (0%),35.0,31.0,13.0,18.0,4.0,5.0,2.0,1.0,9/33 (27%),9/30 (30%),4/11 (36%),9/23 (39%),6.0,6.0,0.0,0.0,1.0,0.0,,,,,,,,,,,,,,,,,,,,,,,,,,,,,,,,,,
15457011,CHALLENGER,174020,"Brisbane, Australia",2026-02-03,Round of 32,Hardcourt outdoor,119140,Blake Ellis,223152,Hikaru Shiraishi,2,0,2 - ?,2026-05-17,14,3,6,1,54/93 (58%),75/92 (82%),33/39 (85%),16/17 (94%),40/54 (74%),55/75 (73%),23/39 (59%),7/17 (41%),12,12,6/7 (85%),6/7 (85%),93.0,92.0,63,62,30,30,6,6,14.0,12.0,10.0,11.0,2,2,20/75 (26%),14/54 (25%),10/17 (58%),16/39 (41%),12,12,1,1,2,0,6,1,2,0,21/41 (51%),40/50 (80%),18/20 (90%),10/10 (100%),17/21 (81%),32/40 (80%),15/20 (75%),3/10 (30%),6,6,1/1 (100%),5/5 (100%),32,35,15,9,6,5,1,1,8/40 (20%),4/21 (19%),7/10 (70%),5/20 (25%),6,6,0,0,1,0,8.0,2.0,4.0,1.0,31/52 (60%),34/42 (81%),17/21 (81%),7/8 (88%),22/31 (71%),22/34 (65%),9/21 (43%),5/8 (63%),6.0,6.0,5/6 (83%),1/2 (50%),31.0,27.0,15.0,21.0,4.0,6.0,2.0,2.0,12/34 (35%),9/31 (29%),3/8 (37%),12/21 (57%),6.0,6.0,1.0,1.0,1.0,0.0,,,,,,,,,,,,,,,,,,,,,,,,,,,,,,,,,,
15465727,CHALLENGER,174020,"Brisbane, Australia",2026-02-03,Round of 32,Hardcourt outdoor,233126,Dane Sweeny,308080,Shunsuke Mitsui,0,0,? - ?,2026-05-17,0,2,1,1,8/15 (53%),14/19 (74%),6/7 (86%),4/5 (80%),4/8 (50%),9/14 (64%),4/7 (57%),4/5 (80%),2,3,1/1 (100%),0/0 (0%),14.0,20.0,8,13,6,7,3,5,2.0,3.0,2.0,3.0,1,1,5/14 (35%),4/8 (50%),1/5 (20%),3/7 (42%),3,2,0,0,0,0,0,2,1,1,8/15 (53%),14/19 (74%),6/7 (86%),4/5 (80%),4/8 (50%),9/14 (64%),4/7 (57%),4/5 (80%),2,3,1/1 (100%),0/0 (0%),8,13,6,7,3,5,1,1,5/14 (35%),4/8 (50%),1/5 (20%),3/7 (42%),3,2,0,0,0,0,,,,,,,,,,,,,,,,,,,,,,,,,,,,,,,,,,,,,,,,,,,,,,,,,,,,,,,,,,,,,,,,,,,,
15457016,CHALLENGER,174020,"Brisbane, Australia",2026-02-03,Round of 32,Hardcourt outdoor,280163,Tai Leonard Sach,79467,Omar Jasika,2,0,2 - ?,2026-05-17,2,3,1,3,44/71 (62%),46/68 (68%),26/27 (96%),19/22 (86%),31/44 (70%),30/46 (65%),16/27 (59%),13/22 (59%),11,11,4/6 (66%),6/9 (66%),72.0,67.0,47,43,25,24,5,5,13.0,10.0,9.0,8.0,3,3,16/46 (34%),13/44 (29%),9/22 (40%),11/27 (40%),11,11,3,2,1,0,0,1,0,1,15/29 (52%),20/32 (63%),14/14 (100%),11/12 (92%),13/15 (87%),11/20 (55%),6/14 (43%),6/12 (50%),5,5,3/4 (75%),5/7 (71%),19,17,15,10,5,3,3,2,9/20 (45%),2/15 (13%),6/12 (50%),8/14 (57%),5,5,2,1,0,0,2.0,2.0,1.0,2.0,29/42 (69%),25/36 (69%),12/13 (92%),9/11 (82%),18/29 (62%),18/25 (72%),10/13 (77%),8/11 (73%),6.0,6.0,1/2 (50%),1/2 (50%),28.0,26.0,10.0,14.0,4.0,5.0,3.0,3.0,7/25 (28%),11/29 (37%),3/11 (27%),3/13 (23%),6.0,6.0,1.0,1.0,1.0,0.0,,,,,,,,,,,,,,,,,,,,,,,,,,,,,,,,,,
15465726,CHALLENGER,174020,"Brisbane, Australia",2026-02-03,Round of 32,Hardcourt outdoor,339452,James McCabe,367815,Kokoro Isomura,2,0,2 - ?,2026-05-17,0,9,2,1,38/57 (67%),29/38 (76%),17/19 (89%),8/9 (89%),19/38 (50%),26/29 (90%),11/19 (58%),6/9 (67%),9,8,2/6 (33%),0/0 (0%),36.0,59.0,30,32,6,27,4,8,5.0,12.0,5.0,8.0,1,4,3/29 (10%),19/38 (50%),3/9 (33%),8/19 (42%),8,9,0,4,0,0,0,5,1,1,16/27 (59%),12/19 (63%),10/11 (91%),6/7 (86%),7/16 (44%),12/12 (100%),6/11 (55%),4/7 (57%),4,4,0/2 (0%),0/0 (0%),13,16,3,14,3,7,1,3,0/12 (0%),9/16 (56%),3/7 (42%),5/11 (45%),4,4,0,2,0,0,0.0,4.0,1.0,0.0,20/30 (67%),18/19 (95%),9/10 (90%),1/1 (100%),11/20 (55%),15/18 (83%),6/10 (60%),1/1 (100%),5.0,4.0,2/4 (50%),0/0 (0%),17.0,16.0,3.0,13.0,4.0,8.0,1.0,4.0,3/18 (16%),9/20 (45%),0/1 (0%),4/10 (40%),4.0,5.0,0.0,2.0,0.0,0.0,,,,,,,,,,,,,,,,,,,,,,,,,,,,,,,,,,
15465729,CHALLENGER,174020,"Brisbane, Australia",2026-02-03,Round of 32,Hardcourt outdoor,236843,Shinji Hazawa,192246,Matthew Dellavedova,2,0,2 - ?,2026-05-17,0,2,0,3,42/54 (78%),33/51 (65%),12/12 (100%),15/18 (83%),22/42 (52%),28/33 (85%),4/12 (33%),9/18 (50%),8,8,6/10 (60%),5/5 (100%),40.0,65.0,26,37,14,28,5,13,4.0,12.0,4.0,8.0,1,5,5/33 (15%),20/42 (47%),9/18 (50%),8/12 (66%),8,8,0,4,0,0,0,0,0,3,18/24 (75%),19/29 (66%),6/6 (100%),7/10 (70%),10/18 (56%),16/19 (84%),1/6 (17%),4/10 (40%),4,4,2/4 (50%),3/3 (100%),11,20,9,13,5,10,1,3,3/19 (15%),8/18 (44%),6/10 (60%),5/6 (83%),4,4,0,2,0,0,0.0,2.0,0.0,0.0,24/30 (80%),14/22 (64%),6/6 (100%),8/8 (100%),12/24 (50%),12/14 (86%),3/6 (50%),5/8 (63%),4.0,4.0,4/6 (66%),2/2 (100%),15.0,17.0,5.0,15.0,3.0,7.0,1.0,3.0,2/14 (14%),12/24 (50%),3/8 (37%),3/6 (50%),4.0,4.0,0.0,2.0,0.0,0.0,,,,,,,,,,,,,,,,,,,,,,,,,,,,,,,,,,
15462927,CHALLENGER,174284,"Cesenatico, Italy, Qualifying",2026-02-03,Qualification Final,Hardcourt indoor,384612,Lorenzo Angelini,60614,David Poljak,2,0,,20260517,0,3,4,4,54/76 (71%),37/65 (57%),18/22 (82%),24/28 (86%),37/54 (69%),27/37 (73%),13/22 (59%),17/28 (61%),11,11,3/4 (75%),1/3 (33%),71.0,70.0,50,44,21,26,4,5,13.0,10.0,8.0,9.0,3,2,10/37 (27%),17/54 (31%),11/28 (39%),9/22 (40%),11,11,2,1,1,0,0,1,1,0,22/28 (79%),11/23 (48%),5/6 (83%),12/12 (100%),15/22 (68%),8/11 (73%),5/6 (83%),9/12 (75%),5,5,0/0 (0%),1/2 (50%),20,17,6,8,4,4,3,1,3/11 (27%),7/22 (31%),3/12 (25%),1/6 (16%),5,5,1,0,0,0,0.0,2.0,3.0,4.0,32/48 (67%),26/42 (62%),13/16 (81%),12/16 (75%),22/32 (69%),19/26 (73%),8/16 (50%),8/16 (50%),6.0,6.0,3/4 (75%),0/1 (0%),30.0,27.0,15.0,18.0,4.0,5.0,2.0,2.0,7/26 (26%),10/32 (31%),8/16 (50%),8/16 (50%),6.0,6.0,1.0,1.0,1.0,0.0,,,,,,,,,,,,,,,,,,,,,,,,,,,,,,,,,,
15463373,CHALLENGER,174284,"Cesenatico, Italy, Qualifying",2026-02-03,Qualification Final,Hardcourt indoor,487990,Michele Mecarelli,380568,Josip Šimundža,2,1,,20260517,8,5,7,2,63/119 (53%),42/80 (53%),49/56 (88%),36/38 (95%),46/63 (73%),30/42 (71%),27/56 (48%),19/38 (50%),14,14,16/18 (88%),2/7 (28%),104.0,95.0,73,49,31,46,5,6,17.0,11.0,10.0,9.0,4,4,12/42 (28%),17/63 (26%),19/38 (50%),29/56 (51%),14,14,5,2,0,0,1,1,2,2,8/15 (53%),14/26 (54%),5/7 (71%),10/12 (83%),7/8 (88%),8/14 (57%),5/7 (71%),3/12 (25%),3,4,0/0 (0%),1/4 (25%),12,11,15,3,4,2,4,1,6/14 (42%),1/8 (12%),9/12 (75%),2/7 (28%),4,3,3,0,0,0,6.0,2.0,2.0,0.0,32/61 (52%),16/34 (47%),27/29 (93%),18/18 (100%),22/32 (69%),13/16 (81%),11/29 (38%),11/18 (61%),6.0,6.0,9/11 (81%),0/1 (0%),33.0,24.0,10.0,28.0,4.0,6.0,2.0,3.0,3/16 (18%),10/32 (31%),7/18 (38%),18/29 (62%),6.0,6.0,1.0,2.0,0.0,0.0,1.0,2.0,3.0,0.0,23/43 (53%),12/20 (60%),17/20 (85%),8/8 (100%),17/23 (74%),10/12 (83%),11/20 (55%),4/8 (50%),5.0,4.0,7/7 (100%),1/2 (50%),28.0,14.0,6.0,15.0,5.0,6.0,3.0,1.0,2/12 (16%),6/23 (26%),4/8 (50%),9/20 (45%),4.0,5.0,1.0,0.0,0.0,0.0
15463287,CHALLENGER,174284,"Cesenatico, Italy, Qualifying",2026-02-03,Qualification Final,Hardcourt indoor,230966,Lorenzo Rottoli,138712,Giovanni Oradini,2,1,,20260517,4,1,4,5,68/110 (62%),70/111 (63%),38/42 (90%),36/41 (88%),43/68 (63%),48/70 (69%),23/42 (55%),21/41 (51%),15,14,8/11 (72%),7/9 (77%),108.0,113.0,66,69,42,44,8,5,14.0,16.0,11.0,12.0,3,3,22/70 (31%),25/68 (36%),20/41 (48%),19/42 (45%),14,15,2,3,0,1,1,1,2,4,12/26 (46%),24/44 (55%),12/14 (86%),16/20 (80%),6/12 (50%),18/24 (75%),7/14 (50%),8/20 (40%),4,4,2/4 (50%),6/6 (100%),13,26,18,13,5,4,1,3,6/24 (25%),6/12 (50%),12/20 (60%),7/14 (50%),4,4,0,2,0,0,1.0,0.0,1.0,1.0,26/37 (70%),10/20 (50%),10/11 (91%),9/10 (90%),17/26 (65%),6/10 (60%),5/11 (45%),5/10 (50%),5.0,4.0,5/6 (83%),0/2 (0%),22.0,11.0,9.0,15.0,4.0,5.0,3.0,2.0,4/10 (40%),9/26 (34%),5/10 (50%),6/11 (54%),4.0,5.0,2.0,1.0,0.0,0.0,2.0,0.0,1.0,0.0,30/47 (64%),34/47 (72%),16/17 (94%),13/13 (100%),20/30 (67%),23/34 (68%),11/17 (65%),9/13 (69%),6.0,6.0,1/1 (100%),1/1 (100%),31.0,32.0,15.0,16.0,8.0,5.0,1.0,1.0,11/34 (32%),10/30 (33%),4/13 (30%),6/17 (35%),6.0,6.0,0.0,0.0,0.0,1.0
15464424,CHALLENGER,174284,"Cesenatico, Italy, Qualifying",2026-02-03,Qualification Final,Hardcourt indoor,296802,Niels Visker,288465,Fausto Tabacco,2,0,,20260517,3,1,3,5,28/47 (60%),40/55 (73%),16/19 (84%),10/15 (67%),18/28 (64%),21/40 (53%),13/19 (68%),5/15 (33%),8,8,2/3 (66%),6/11 (54%),60.0,42.0,31,26,29,16,7,4,12.0,4.0,7.0,3.0,3,1,19/40 (47%),10/28 (35%),10/15 (66%),6/19 (31%),8,8,5,1,0,0,1,0,1,4,11/22 (50%),22/31 (71%),10/11 (91%),5/9 (56%),7/11 (64%),12/22 (55%),6/11 (55%),2/9 (22%),4,4,0/1 (0%),3/6 (50%),13,14,17,9,4,2,2,1,10/22 (45%),4/11 (36%),7/9 (77%),5/11 (45%),4,4,3,1,0,0,2.0,1.0,2.0,1.0,15/25 (60%),18/24 (75%),8/10 (80%),5/6 (83%),11/15 (73%),9/18 (50%),7/10 (70%),3/6 (50%),4.0,4.0,2/2 (100%),3/5 (60%),18.0,12.0,12.0,7.0,7.0,4.0,3.0,1.0,9/18 (50%),4/15 (26%),3/6 (50%),3/10 (30%),4.0,4.0,2.0,0.0,0.0,0.0,,,,,,,,,,,,,,,,,,,,,,,,,,,,,,,,,,
15464039,CHALLENGER,174284,"Cesenatico, Italy, Qualifying",2026-02-03,Qualification Final,Hardcourt indoor,217835,Federico Iannaccone,418787,Jacopo Bilardo,2,0,,20260517,3,2,5,3,38/67 (57%),44/74 (59%),24/29 (83%),27/30 (90%),24/38 (63%),30/44 (68%),13/29 (45%),18/30 (60%),11,11,2/6 (33%),4/7 (57%),63.0,78.0,37,48,26,30,6,11,10.0,13.0,7.0,8.0,3,2,14/44 (31%),14/38 (36%),12/30 (40%),16/29 (55%),11,11,3,4,0,1,1,0,4,1,21/43 (49%),27/43 (63%),18/22 (82%),15/16 (94%),14/21 (67%),17/27 (63%),10/22 (45%),11/16 (69%),6,6,2/4 (50%),2/4 (50%),24,28,15,19,5,7,3,2,10/27 (37%),7/21 (33%),5/16 (31%),12/22 (54%),6,6,2,2,0,1,2.0,2.0,1.0,2.0,17/24 (71%),16/31 (52%),6/7 (86%),13/15 (87%),10/17 (59%),12/16 (75%),3/7 (43%),8/15 (53%),5.0,5.0,0/2 (0%),2/3 (66%),13.0,20.0,11.0,11.0,6.0,11.0,2.0,3.0,4/16 (25%),7/17 (41%),7/15 (46%),4/7 (57%),5.0,5.0,1.0,2.0,0.0,0.0,,,,,,,,,,,,,,,,,,,,,,,,,,,,,,,,,,
15463577,CHALLENGER,174304,"Cleveland, USA, Qualifying",2026-02-03,Qualification Final,Hardcourt indoor,161448,Ben Jones,161874,Felix Corwin,2,0,,20260517,10,11,4,3,66/80 (83%),44/82 (54%),10/14 (71%),35/38 (92%),53/66 (80%),36/44 (82%),7/14 (50%),22/38 (58%),12,12,2/2 (100%),2/2 (100%),84.0,77.0,60,58,24,19,7,5,14.0,12.0,11.0,12.0,3,2,8/44 (18%),13/66 (19%),16/38 (42%),7/14 (50%),12,12,0,0,2,0,7,5,2,3,35/43 (81%),26/41 (63%),6/8 (75%),12/15 (80%),27/35 (77%),21/26 (81%),5/8 (63%),8/15 (53%),6,6,2/2 (100%),0/0 (0%),32,29,12,11,5,5,2,1,5/26 (19%),8/35 (22%),7/15 (46%),3/8 (37%),6,6,0,0,1,0,3.0,6.0,2.0,0.0,30/36 (83%),19/41 (46%),4/6 (67%),22/22 (100%),26/30 (87%),16/19 (84%),2/6 (33%),13/22 (59%),6.0,6.0,0/0 (0%),2/2 (100%),28.0,29.0,12.0,8.0,4.0,5.0,1.0,1.0,3/19 (15%),4/30 (13%),9/22 (40%),4/6 (66%),6.0,6.0,0.0,0.0,1.0,0.0,,,,,,,,,,,,,,,,,,,,,,,,,,,,,,,,,,
15463839,CHALLENGER,174304,"Cleveland, USA, Qualifying",2026-02-03,Qualification Final,Hardcourt indoor,290569,Quinn Vandecasteele,283465,Micah Braswell,2,1,,20260517,8,4,4,5,51/97 (53%),62/105 (59%),42/46 (91%),38/43 (88%),38/51 (75%),40/62 (65%),28/46 (61%),22/43 (51%),16,16,6/8 (75%),4/9 (44%),109.0,92.0,66,62,43,30,12,7,19.0,14.0,14.0,10.0,5,4,22/62 (35%),13/51 (25%),21/43 (48%),18/46 (39%),16,16,5,2,0,1,3,1,3,2,23/44 (52%),30/49 (61%),18/21 (86%),17/19 (89%),17/23 (74%),21/30 (70%),8/21 (38%),7/19 (37%),6,6,4/6 (66%),3/5 (60%),25,28,21,19,6,7,3,4,9/30 (30%),6/23 (26%),12/19 (63%),13/21 (61%),6,6,2,2,0,1,1.0,0.0,1.0,2.0,16/35 (46%),15/28 (54%),18/19 (95%),11/13 (85%),11/16 (69%),12/15 (80%),14/19 (74%),8/13 (62%),6.0,6.0,2/2 (100%),0/1 (0%),25.0,20.0,8.0,10.0,11.0,5.0,3.0,1.0,3/15 (20%),5/16 (31%),5/13 (38%),5/19 (26%),6.0,6.0,1.0,0.0,0.0,0.0,4.0,3.0,0.0,1.0,10/17 (59%),16/28 (57%),7/7 (100%),11/12 (92%),9/10 (90%),7/16 (44%),7/7 (100%),7/12 (58%),4.0,4.0,0/0 (0%),1/3 (33%),16.0,14.0,14.0,1.0,7.0,3.0,3.0,1.0,9/16 (56%),1/10 (10%),5/12 (41%),0/7 (0%),4.0,4.0,2.0,0.0,0.0,0.0
15464205,CHALLENGER,174304,"Cleveland, USA, Qualifying",2026-02-03,Qualification Final,Hardcourt indoor,199448,Matt Kuhar,182086,Finn Bass,2,1,,20260517,17,9,9,3,62/108 (57%),61/102 (60%),37/46 (80%),38/41 (93%),50/62 (81%),46/61 (75%),20/46 (43%),23/41 (56%),15,15,6/7 (85%),3/4 (75%),102.0,107.0,70,69,32,38,5,6,15.0,16.0,14.0,13.0,4,3,15/61 (24%),12/62 (19%),18/41 (43%),26/46 (56%),15,15,1,1,0,1,4,4,1,2,17/39 (44%),15/24 (63%),21/22 (95%),7/9 (78%),14/17 (82%),11/15 (73%),11/22 (50%),3/9 (33%),5,4,3/3 (100%),0/1 (0%),25,14,10,14,5,4,3,1,4/15 (26%),3/17 (17%),6/9 (66%),11/22 (50%),4,5,1,0,0,0,5.0,2.0,3.0,0.0,16/25 (64%),23/31 (74%),6/9 (67%),8/8 (100%),13/16 (81%),18/23 (78%),2/9 (22%),4/8 (50%),4.0,5.0,2/3 (66%),0/0 (0%),15.0,22.0,9.0,10.0,5.0,5.0,1.0,3.0,5/23 (21%),3/16 (18%),4/8 (50%),7/9 (77%),5.0,4.0,0.0,1.0,0.0,0.0,8.0,3.0,5.0,1.0,28/44 (64%),22/46 (48%),11/16 (69%),23/24 (96%),23/28 (82%),17/22 (77%),7/16 (44%),16/24 (67%),6.0,6.0,1/1 (100%),3/3 (100%),30.0,33.0,13.0,14.0,4.0,6.0,1.0,2.0,5/22 (22%),5/28 (17%),8/24 (33%),9/16 (56%),6.0,6.0,0.0,0.0,0.0,1.0
15465245,CHALLENGER,174304,"Cleveland, USA, Qualifying",2026-02-03,Qualification Final,Hardcourt indoor,274435,Stefan Dostanic,162144,Evan Zhu,2,0,,20260517,6,1,1,3,43/59 (73%),30/54 (56%),15/16 (94%),21/24 (88%),34/43 (79%),17/30 (57%),9/16 (56%),15/24 (63%),10,9,0/1 (0%),2/5 (40%),65.0,48.0,43,32,22,16,6,4,13.0,7.0,9.0,6.0,3,3,13/30 (43%),9/43 (20%),9/24 (37%),7/16 (43%),9,10,3,1,1,0,4,0,1,1,15/21 (71%),11/17 (65%),5/6 (83%),5/6 (83%),13/15 (87%),6/11 (55%),3/6 (50%),2/6 (33%),4,3,0/0 (0%),1/3 (33%),16,8,9,5,5,3,3,1,5/11 (45%),2/15 (13%),4/6 (66%),3/6 (50%),3,4,2,0,0,0,2.0,1.0,0.0,2.0,28/38 (74%),19/37 (51%),10/10 (100%),16/18 (89%),21/28 (75%),11/19 (58%),6/10 (60%),13/18 (72%),6.0,6.0,0/1 (0%),1/2 (50%),27.0,24.0,13.0,11.0,6.0,4.0,3.0,3.0,8/19 (42%),7/28 (25%),5/18 (27%),4/10 (40%),6.0,6.0,1.0,1.0,1.0,0.0,,,,,,,,,,,,,,,,,,,,,,,,,,,,,,,,,,
15464805,CHALLENGER,174304,"Cleveland, USA, Qualifying",2026-02-03,Qualification Final,Hardcourt indoor,263674,Justin Boulais,95259,Strong Kirchheimer,1,0,,20260517,3,0,0,4,17/31 (55%),34/54 (63%),14/14 (100%),16/20 (80%),14/17 (82%),25/34 (74%),8/14 (57%),4/20 (20%),5,6,1/1 (100%),4/7 (57%),47.0,38.0,22,29,25,9,6,5,8.0,3.0,5.0,3.0,3,1,9/34 (26%),3/17 (17%),16/20 (80%),6/14 (42%),6,5,3,0,0,0,3,0,0,3,16/27 (59%),25/42 (60%),11/11 (100%),14/17 (82%),13/16 (81%),19/25 (76%),5/11 (45%),3/17 (18%),4,4,1/1 (100%),2/4 (50%),18,22,20,9,5,5,3,1,6/25 (24%),3/16 (18%),14/17 (82%),6/11 (54%),4,4,2,0,0,0,0.0,0.0,0.0,1.0,1/4 (25%),9/12 (75%),3/3 (100%),2/3 (67%),1/1 (100%),6/9 (67%),3/3 (100%),1/3 (33%),1.0,2.0,0/0 (0%),2/3 (66%),4.0,7.0,5.0,0.0,6.0,4.0,2.0,1.0,3/9 (33%),0/1 (0%),2/3 (66%),0/3 (0%),2.0,1.0,1.0,0.0,0.0,0.0,,,,,,,,,,,,,,,,,,,,,,,,,,,,,,,,,,
15460223,CHALLENGER,174026,"Cesenatico, Italy",2026-02-03,Round of 32,Hardcourt indoor,76515,Ivan Gakhov,224038,Federico Arnaboldi,2,1,2 - 1,2026-05-17,10,9,5,8,71/105 (68%),55/107 (51%),29/34 (85%),44/52 (85%),53/71 (75%),39/55 (71%),15/34 (44%),24/52 (46%),18,18,4/8 (50%),4/9 (44%),112.0,100.0,68,63,44,37,7,12,19.0,17.0,13.0,13.0,3,3,16/55 (29%),18/71 (25%),28/52 (53%),19/34 (55%),18,18,5,4,0,0,3,4,2,4,22/35 (63%),16/34 (47%),11/13 (85%),14/18 (78%),15/22 (68%),13/16 (81%),5/13 (38%),8/18 (44%),6,6,1/3 (33%),0/1 (0%),20,21,13,15,7,7,3,3,3/16 (18%),7/22 (31%),10/18 (55%),8/13 (61%),6,6,1,2,0,0,4.0,3.0,1.0,1.0,27/39 (69%),18/36 (50%),11/12 (92%),17/18 (94%),22/27 (81%),13/18 (72%),6/12 (50%),11/18 (61%),6.0,6.0,1/1 (100%),3/4 (75%),28.0,24.0,12.0,11.0,7.0,5.0,3.0,1.0,5/18 (27%),5/27 (18%),7/18 (38%),6/12 (50%),6.0,6.0,1.0,0.0,0.0,0.0,3.0,2.0,2.0,3.0,21/31 (68%),18/37 (49%),8/10 (80%),16/19 (84%),16/21 (76%),11/18 (61%),4/10 (40%),7/19 (37%),6.0,6.0,2/4 (50%),1/4 (25%),20.0,18.0,19.0,11.0,6.0,3.0,3.0,2.0,7/18 (38%),5/21 (23%),12/19 (63%),6/10 (60%),6.0,6.0,3.0,2.0,0.0,0.0
15460224,CHALLENGER,174026,"Cesenatico, Italy",2026-02-03,Round of 32,Hardcourt indoor,66002,Laurent Lokoli,403167,Carlo Alberto Caniato,2,0,2 - ?,2026-05-17,6,3,5,2,57/90 (63%),55/83 (66%),28/33 (85%),26/28 (93%),43/57 (75%),37/55 (67%),16/33 (48%),17/28 (61%),12,12,8/10 (80%),4/6 (66%),88.0,85.0,59,54,29,31,7,7,14.0,12.0,8.0,10.0,3,2,18/55 (32%),14/57 (24%),11/28 (39%),17/33 (51%),12,12,2,2,2,0,2,2,4,0,28/51 (55%),29/43 (67%),19/23 (83%),14/14 (100%),21/28 (75%),17/29 (59%),9/23 (39%),9/14 (64%),6,6,7/9 (77%),2/4 (50%),30,26,17,21,6,7,4,2,12/29 (41%),7/28 (25%),5/14 (35%),14/23 (60%),6,6,2,2,1,0,4.0,1.0,1.0,2.0,29/39 (74%),25/40 (63%),9/10 (90%),13/15 (87%),22/29 (76%),20/25 (80%),7/10 (70%),8/15 (53%),6.0,6.0,1/1 (100%),2/2 (100%),29.0,28.0,12.0,10.0,7.0,4.0,2.0,1.0,5/25 (20%),7/29 (24%),7/15 (46%),3/10 (30%),6.0,6.0,0.0,0.0,1.0,0.0,,,,,,,,,,,,,,,,,,,,,,,,,,,,,,,,,,
15460226,CHALLENGER,174026,"Cesenatico, Italy",2026-02-03,Round of 32,Hardcourt indoor,262405,Pietro Orlando Fellin,199379,Sandro Kopp,2,0,2 - ?,2026-05-17,1,8,1,1,34/53 (64%),29/47 (62%),18/19 (95%),17/18 (94%),17/34 (50%),25/29 (86%),9/19 (47%),10/18 (56%),8,8,2/6 (33%),3/3 (100%),38.0,62.0,26,35,12,27,5,9,4.0,12.0,3.0,8.0,1,6,4/29 (13%),17/34 (50%),8/18 (44%),10/19 (52%),8,8,0,4,0,0,1,6,1,1,18/31 (58%),20/32 (63%),12/13 (92%),11/12 (92%),10/18 (56%),18/20 (90%),7/13 (54%),5/12 (42%),4,5,1/2 (50%),3/3 (100%),17,23,9,14,5,5,1,3,2/20 (10%),8/18 (44%),7/12 (58%),6/13 (46%),5,4,0,1,0,0,0.0,2.0,0.0,0.0,16/22 (73%),9/15 (60%),6/6 (100%),6/6 (100%),7/16 (44%),7/9 (78%),2/6 (33%),5/6 (83%),4.0,3.0,1/4 (25%),0/0 (0%),9.0,12.0,3.0,13.0,5.0,9.0,1.0,6.0,2/9 (22%),9/16 (56%),1/6 (16%),4/6 (66%),3.0,4.0,0.0,3.0,0.0,0.0,,,,,,,,,,,,,,,,,,,,,,,,,,,,,,,,,,
15460222,CHALLENGER,174026,"Cesenatico, Italy",2026-02-03,Round of 32,Hardcourt indoor,217834,Francesco Forti,524820,Pierluigi Basile,2,0,2 - ?,2026-05-17,10,6,2,1,35/51 (69%),28/58 (48%),14/16 (88%),29/30 (97%),30/35 (86%),18/28 (64%),11/16 (69%),18/30 (60%),10,9,0/0 (0%),6/8 (75%),63.0,46.0,41,36,22,10,8,5,12.0,7.0,10.0,7.0,3,1,10/28 (35%),5/35 (14%),12/30 (40%),5/16 (31%),9,10,2,0,0,0,3,5,2,1,16/25 (64%),18/35 (51%),7/9 (78%),16/17 (94%),16/16 (100%),13/18 (72%),4/9 (44%),9/17 (53%),5,5,0/0 (0%),3/4 (75%),20,22,13,5,7,4,2,1,5/18 (27%),0/16 (0%),8/17 (47%),5/9 (55%),5,5,1,0,0,0,7.0,1.0,0.0,0.0,19/26 (73%),10/23 (43%),7/7 (100%),13/13 (100%),14/19 (74%),5/10 (50%),7/7 (100%),9/13 (69%),5.0,4.0,0/0 (0%),3/4 (75%),21.0,14.0,9.0,5.0,8.0,5.0,3.0,1.0,5/10 (50%),5/19 (26%),4/13 (30%),0/7 (0%),4.0,5.0,1.0,0.0,0.0,0.0,,,,,,,,,,,,,,,,,,,,,,,,,,,,,,,,,,
15460227,CHALLENGER,174026,"Cesenatico, Italy",2026-02-03,Round of 32,Hardcourt indoor,403858,Svyatoslav Gulin,175070,Giovanni Fonio,2,0,2 - ?,2026-05-17,4,0,2,2,43/67 (64%),31/64 (48%),22/24 (92%),31/33 (94%),28/43 (65%),22/31 (71%),9/24 (38%),17/33 (52%),10,10,4/8 (50%),6/8 (75%),62.0,69.0,37,39,25,30,11,5,8.0,12.0,6.0,8.0,3,4,9/31 (29%),15/43 (34%),16/33 (48%),15/24 (62%),10,10,2,4,0,0,2,0,1,2,22/34 (65%),16/34 (47%),11/12 (92%),16/18 (89%),15/22 (68%),13/16 (81%),4/12 (33%),7/18 (39%),5,5,1/3 (33%),3/4 (75%),19,20,14,15,8,5,2,4,3/16 (18%),7/22 (31%),11/18 (61%),8/12 (66%),5,5,1,2,0,0,2.0,0.0,1.0,0.0,21/33 (64%),15/30 (50%),11/12 (92%),15/15 (100%),13/21 (62%),9/15 (60%),5/12 (42%),10/15 (67%),5.0,5.0,3/5 (60%),3/4 (75%),18.0,19.0,11.0,15.0,11.0,5.0,3.0,3.0,6/15 (40%),8/21 (38%),5/15 (33%),7/12 (58%),5.0,5.0,1.0,2.0,0.0,0.0,,,,,,,,,,,,,,,,,,,,,,,,,,,,,,,,,,
15460231,CHALLENGER,174026,"Cesenatico, Italy",2026-02-03,Round of 32,Hardcourt indoor,201847,Raul Brancaccio,81271,Calvin Hemery,2,0,2 - ?,2026-05-17,10,10,2,3,48/64 (75%),48/74 (65%),14/16 (88%),23/26 (88%),38/48 (79%),38/48 (79%),11/16 (69%),12/26 (46%),11,11,0/0 (0%),4/5 (80%),73.0,65.0,49,50,24,15,7,4,13.0,10.0,11.0,10.0,3,1,10/48 (20%),10/48 (20%),14/26 (53%),5/16 (31%),11,11,1,0,1,0,3,4,0,2,17/28 (61%),22/36 (61%),11/11 (100%),12/14 (86%),12/17 (71%),16/22 (73%),8/11 (73%),6/14 (43%),5,5,0/0 (0%),4/5 (80%),20,22,14,8,5,4,2,1,6/22 (27%),5/17 (29%),8/14 (57%),3/11 (27%),5,5,1,0,0,0,7.0,6.0,2.0,1.0,31/36 (86%),25/38 (66%),3/5 (60%),12/13 (92%),26/31 (84%),21/25 (84%),3/5 (60%),7/13 (54%),6.0,6.0,,,29.0,28.0,10.0,7.0,5.0,4.0,1.0,1.0,4/25 (16%),5/31 (16%),6/13 (46%),2/5 (40%),6.0,6.0,0.0,0.0,1.0,0.0,,,,,,,,,,,,,,,,,,,,,,,,,,,,,,,,,,
15465250,CHALLENGER,174304,"Cleveland, USA, Qualifying",2026-02-03,Qualification Final,Hardcourt indoor,257597,Joshua Sheehy,256802,Tristan McCormick,2,1,,20260517,8,19,6,2,53/94 (56%),55/81 (68%),35/41 (85%),24/26 (92%),35/53 (66%),42/55 (76%),19/41 (46%),17/26 (65%),14,14,5/9 (55%),0/0 (0%),76.0,99.0,54,59,22,40,4,12,11.0,18.0,10.0,14.0,1,4,13/55 (23%),18/53 (33%),9/26 (34%),22/41 (53%),14,14,0,4,1,0,4,7,1,0,29/45 (64%),24/37 (65%),15/16 (94%),13/13 (100%),23/29 (79%),17/24 (71%),8/16 (50%),9/13 (69%),6,6,1/1 (100%),0/0 (0%),31,26,11,14,4,5,1,1,7/24 (29%),6/29 (20%),4/13 (30%),8/16 (50%),6,6,0,0,1,0,3.0,6.0,4.0,2.0,17/28 (61%),13/21 (62%),7/11 (64%),6/8 (75%),9/17 (53%),11/13 (85%),4/11 (36%),5/8 (63%),4.0,4.0,4/6 (66%),0/0 (0%),13.0,16.0,5.0,15.0,3.0,7.0,1.0,3.0,2/13 (15%),8/17 (47%),3/8 (37%),7/11 (63%),4.0,4.0,0.0,2.0,0.0,0.0,1.0,6.0,1.0,0.0,7/21 (33%),17/23 (74%),13/14 (93%),6/6 (100%),3/7 (43%),13/17 (76%),7/14 (50%),4/6 (67%),4.0,4.0,0/2 (0%),0/0 (0%),10.0,17.0,6.0,11.0,3.0,12.0,1.0,4.0,4/17 (23%),4/7 (57%),2/6 (33%),7/14 (50%),4.0,4.0,0.0,2.0,0.0,0.0
15463543,CHALLENGER,174283,"Koblenz, Germany, Qualifying",2026-02-03,Qualification Final,Hardcourt indoor,462177,Mika Petkovic,306490,Matyaš Černy,2,0,,20260517,2,0,2,1,31/51 (61%),33/54 (61%),18/20 (90%),20/21 (95%),20/31 (65%),20/33 (61%),12/20 (60%),5/21 (24%),9,9,2/4 (50%),1/6 (16%),61.0,44.0,32,25,29,19,10,6,12.0,6.0,7.0,4.0,5,4,13/33 (39%),11/31 (35%),16/21 (76%),8/20 (40%),9,9,5,2,0,0,0,0,0,0,13/23 (57%),15/27 (56%),10/10 (100%),12/12 (100%),9/13 (69%),12/15 (80%),7/10 (70%),2/12 (17%),4,4,0/0 (0%),1/3 (33%),16,14,13,7,5,4,3,1,3/15 (20%),4/13 (30%),10/12 (83%),3/10 (30%),4,4,2,0,0,0,2.0,0.0,2.0,1.0,17/28 (61%),17/27 (63%),9/11 (82%),9/10 (90%),10/17 (59%),8/17 (47%),6/11 (55%),3/10 (30%),5.0,5.0,2/4 (50%),0/3 (0%),16.0,11.0,16.0,12.0,10.0,6.0,5.0,4.0,9/17 (52%),7/17 (41%),7/10 (70%),5/11 (45%),5.0,5.0,3.0,2.0,0.0,0.0,,,,,,,,,,,,,,,,,,,,,,,,,,,,,,,,,,
15463320,CHALLENGER,174283,"Koblenz, Germany, Qualifying",2026-02-03,Qualification Final,Hardcourt indoor,341168,Liam Gavrielides,315569,John Sperle,2,0,,20260517,0,6,0,0,36/62 (58%),41/61 (67%),26/26 (100%),20/20 (100%),19/36 (53%),31/41 (76%),17/26 (65%),14/20 (70%),10,11,3/6 (50%),1/2 (50%),52.0,71.0,36,45,16,26,5,6,8.0,13.0,6.0,9.0,1,3,10/41 (24%),17/36 (47%),6/20 (30%),9/26 (34%),11,10,1,3,0,0,0,2,0,0,12/20 (60%),21/32 (66%),8/8 (100%),11/11 (100%),6/12 (50%),15/21 (71%),7/8 (88%),8/11 (73%),4,5,0/1 (0%),1/1 (100%),13,23,9,7,4,6,1,3,6/21 (28%),6/12 (50%),3/11 (27%),1/8 (12%),5,4,0,1,0,0,0.0,4.0,0.0,0.0,24/42 (57%),20/29 (69%),18/18 (100%),9/9 (100%),13/24 (54%),16/20 (80%),10/18 (56%),6/9 (67%),6.0,6.0,3/5 (60%),0/1 (0%),23.0,22.0,7.0,19.0,5.0,5.0,2.0,3.0,4/20 (20%),11/24 (45%),3/9 (33%),8/18 (44%),6.0,6.0,1.0,2.0,0.0,0.0,,,,,,,,,,,,,,,,,,,,,,,,,,,,,,,,,,
15464236,CHALLENGER,174283,"Koblenz, Germany, Qualifying",2026-02-03,Qualification Final,Hardcourt indoor,114885,Johan Nikles,405559,Loann Massard,2,0,,20260517,4,1,1,0,40/61 (66%),56/73 (77%),20/21 (95%),17/17 (100%),25/40 (63%),28/56 (50%),13/21 (62%),7/17 (41%),11,11,0/3 (0%),7/12 (58%),76.0,58.0,38,35,38,23,12,7,13.0,9.0,8.0,6.0,3,3,28/56 (50%),15/40 (37%),10/17 (58%),8/21 (38%),11,11,5,3,0,0,1,0,1,0,18/28 (64%),29/35 (83%),9/10 (90%),6/6 (100%),13/18 (72%),14/29 (48%),6/10 (60%),3/6 (50%),5,5,0/1 (0%),2/4 (50%),19,17,18,9,12,3,3,2,15/29 (51%),5/18 (27%),3/6 (50%),4/10 (40%),5,5,2,1,0,0,3.0,1.0,0.0,0.0,22/33 (67%),27/38 (71%),11/11 (100%),11/11 (100%),12/22 (55%),14/27 (52%),7/11 (64%),4/11 (36%),6.0,6.0,0/2 (0%),5/8 (62%),19.0,18.0,20.0,14.0,6.0,7.0,3.0,3.0,13/27 (48%),10/22 (45%),7/11 (63%),4/11 (36%),6.0,6.0,3.0,2.0,0.0,0.0,,,,,,,,,,,,,,,,,,,,,,,,,,,,,,,,,,
15463672,CHALLENGER,174283,"Koblenz, Germany, Qualifying",2026-02-03,Qualification Final,Hardcourt indoor,300293,Max Hans Rehberg,180446,Louis Wessels,2,0,,20260517,7,2,1,0,38/52 (73%),33/55 (60%),13/14 (93%),22/22 (100%),31/38 (82%),22/33 (67%),9/14 (64%),9/22 (41%),9,9,4/4 (100%),0/3 (0%),64.0,43.0,40,31,24,12,5,5,12.0,6.0,8.0,6.0,4,1,11/33 (33%),7/38 (18%),13/22 (59%),5/14 (35%),9,9,3,0,0,0,4,2,0,0,15/22 (68%),11/27 (41%),7/7 (100%),16/16 (100%),11/15 (73%),8/11 (73%),6/7 (86%),7/16 (44%),4,5,1/1 (100%),0/2 (0%),17,15,12,5,5,5,4,1,3/11 (27%),4/15 (26%),9/16 (56%),1/7 (14%),5,4,2,0,0,0,3.0,0.0,1.0,0.0,23/30 (77%),22/28 (79%),6/7 (86%),6/6 (100%),20/23 (87%),14/22 (64%),3/7 (43%),2/6 (33%),5.0,4.0,3/3 (100%),0/1 (0%),23.0,16.0,12.0,7.0,5.0,3.0,3.0,1.0,8/22 (36%),3/23 (13%),4/6 (66%),4/7 (57%),4.0,5.0,1.0,0.0,0.0,0.0,,,,,,,,,,,,,,,,,,,,,,,,,,,,,,,,,,
15463215,CHALLENGER,174286,"Tenerife, Spain, Qualifying",2026-02-03,Qualification Final,Hardcourt outdoor,318573,Dali Blanch,234896,Benjamin Winter Lopez,2,0,,20260517,6,2,3,1,42/72 (58%),43/63 (68%),27/30 (90%),19/20 (95%),33/42 (79%),28/43 (65%),17/30 (57%),10/20 (50%),11,10,1/2 (50%),1/3 (33%),75.0,60.0,50,38,25,22,8,7,13.0,9.0,10.0,7.0,5,2,15/43 (34%),9/42 (21%),10/20 (50%),13/30 (43%),10,11,2,1,1,0,6,2,1,1,20/37 (54%),30/41 (73%),16/17 (94%),10/11 (91%),17/20 (85%),22/30 (73%),11/17 (65%),5/11 (45%),6,6,0/0 (0%),1/1 (100%),28,27,14,9,6,4,2,1,8/30 (26%),3/20 (15%),6/11 (54%),6/17 (35%),6,6,0,0,1,0,0.0,0.0,2.0,0.0,22/35 (63%),13/22 (59%),11/13 (85%),9/9 (100%),16/22 (73%),6/13 (46%),6/13 (46%),5/9 (56%),5.0,4.0,1/2 (50%),0/2 (0%),22.0,11.0,11.0,13.0,8.0,7.0,5.0,3.0,7/13 (53%),6/22 (27%),4/9 (44%),7/13 (53%),4.0,5.0,2.0,1.0,0.0,0.0,,,,,,,,,,,,,,,,,,,,,,,,,,,,,,,,,,
15463214,CHALLENGER,174286,"Tenerife, Spain, Qualifying",2026-02-03,Qualification Final,Hardcourt outdoor,460287,Izan Almazan Valiente,49660,Filip Peliwo,2,1,,20260517,1,3,2,2,58/92 (63%),56/86 (65%),32/34 (94%),28/30 (93%),42/58 (72%),41/56 (73%),15/34 (44%),16/30 (53%),14,14,5/9 (55%),3/6 (50%),86.0,92.0,57,57,29,35,5,7,13.0,15.0,10.0,10.0,3,4,15/56 (26%),16/58 (27%),14/30 (46%),19/34 (55%),14,14,3,4,0,0,1,1,0,1,19/25 (76%),14/27 (52%),6/6 (100%),12/13 (92%),14/19 (74%),11/14 (79%),3/6 (50%),4/13 (31%),5,4,0/1 (0%),1/3 (33%),17,15,12,8,5,7,3,2,3/14 (21%),5/19 (26%),9/13 (69%),3/6 (50%),4,5,2,1,0,0,0.0,0.0,2.0,1.0,20/28 (71%),17/26 (65%),6/8 (75%),8/9 (89%),15/20 (75%),13/17 (76%),2/8 (25%),7/9 (78%),4.0,5.0,2/3 (66%),0/0 (0%),17.0,20.0,6.0,11.0,4.0,5.0,1.0,3.0,4/17 (23%),5/20 (25%),2/9 (22%),6/8 (75%),5.0,4.0,0.0,1.0,0.0,0.0,0.0,2.0,0.0,0.0,17/39 (44%),25/33 (76%),22/22 (100%),8/8 (100%),11/17 (65%),17/25 (68%),12/22 (55%),5/8 (63%),5.0,5.0,3/5 (60%),2/3 (66%),23.0,22.0,11.0,16.0,4.0,7.0,2.0,3.0,8/25 (32%),6/17 (35%),3/8 (37%),10/22 (45%),5.0,5.0,1.0,2.0,0.0,0.0
15463265,CHALLENGER,174286,"Tenerife, Spain, Qualifying",2026-02-03,Qualification Final,Hardcourt outdoor,326985,Iiro Vasa,276364,Oscar Weightman,2,0,,20260517,8,6,2,0,36/50 (72%),30/43 (70%),12/14 (86%),13/13 (100%),22/36 (61%),25/30 (83%),6/14 (43%),9/13 (69%),9,8,3/6 (50%),3/3 (100%),38.0,56.0,28,34,10,22,5,7,5.0,12.0,5.0,9.0,1,5,5/30 (16%),14/36 (38%),4/13 (30%),8/14 (57%),8,9,0,3,0,0,2,5,1,0,13/16 (81%),16/21 (76%),2/3 (67%),5/5 (100%),7/13 (54%),14/16 (88%),0/3 (0%),3/5 (60%),3,4,0/2 (0%),3/3 (100%),7,17,4,9,4,7,1,5,2/16 (12%),6/13 (46%),2/5 (40%),3/3 (100%),4,3,0,2,0,0,6.0,1.0,1.0,0.0,23/34 (68%),19/27 (70%),10/11 (91%),8/8 (100%),15/23 (65%),15/19 (79%),6/11 (55%),6/8 (75%),6.0,4.0,2/4 (50%),0/0 (0%),21.0,21.0,6.0,13.0,5.0,6.0,1.0,3.0,4/19 (21%),8/23 (34%),2/8 (25%),5/11 (45%),4.0,6.0,0.0,2.0,0.0,0.0,,,,,,,,,,,,,,,,,,,,,,,,,,,,,,,,,,
15463461,CHALLENGER,174286,"Tenerife, Spain, Qualifying",2026-02-03,Qualification Final,Hardcourt outdoor,462179,Thomas Faurel,324576,Filip Pieczonka,2,0,,20260517,1,0,0,7,38/54 (70%),31/62 (50%),16/16 (100%),24/31 (77%),28/38 (74%),20/31 (65%),9/16 (56%),10/31 (32%),9,8,4/5 (80%),7/11 (63%),69.0,47.0,37,30,32,17,12,4,12.0,5.0,7.0,4.0,5,3,11/31 (35%),10/38 (26%),21/31 (67%),7/16 (43%),8,9,4,1,0,0,1,0,0,2,24/33 (73%),10/21 (48%),9/9 (100%),9/11 (82%),16/24 (67%),5/10 (50%),4/9 (44%),5/11 (45%),5,4,2/3 (66%),0/2 (0%),20,10,11,13,12,4,5,3,5/10 (50%),8/24 (33%),6/11 (54%),5/9 (55%),4,5,2,1,0,0,0.0,0.0,0.0,5.0,13/21 (62%),21/41 (51%),8/8 (100%),15/20 (75%),11/13 (85%),15/21 (71%),6/8 (75%),5/20 (25%),4.0,4.0,2/2 (100%),7/9 (77%),17.0,20.0,21.0,4.0,8.0,4.0,3.0,1.0,6/21 (28%),2/13 (15%),15/20 (75%),2/8 (25%),4.0,4.0,2.0,0.0,0.0,0.0,,,,,,,,,,,,,,,,,,,,,,,,,,,,,,,,,,
15463603,CHALLENGER,174286,"Tenerife, Spain, Qualifying",2026-02-03,Qualification Final,Hardcourt outdoor,451920,Alejo Sanchez Quilez,227442,Mario Mansilla Diez,2,0,,20260517,4,1,0,6,46/70 (66%),44/73 (60%),24/24 (100%),23/29 (79%),36/46 (78%),28/44 (64%),11/24 (46%),12/29 (41%),10,9,2/3 (66%),7/10 (70%),80.0,63.0,47,40,33,23,6,5,13.0,7.0,9.0,6.0,6,1,16/44 (36%),10/46 (21%),17/29 (58%),13/24 (54%),9,10,3,1,1,0,1,1,0,1,27/41 (66%),34/48 (71%),14/14 (100%),13/14 (93%),22/27 (81%),21/34 (62%),8/14 (57%),10/14 (71%),6,6,1/1 (100%),1/1 (100%),30,31,17,11,5,5,2,1,13/34 (38%),5/27 (18%),4/14 (28%),6/14 (42%),6,6,0,0,1,0,3.0,0.0,0.0,5.0,18/29 (62%),8/25 (32%),11/11 (100%),12/17 (71%),13/18 (72%),5/8 (63%),4/11 (36%),4/17 (24%),4.0,3.0,1/2 (50%),6/9 (66%),17.0,9.0,16.0,12.0,6.0,3.0,6.0,1.0,3/8 (37%),5/18 (27%),13/17 (76%),7/11 (63%),3.0,4.0,3.0,1.0,0.0,0.0,,,,,,,,,,,,,,,,,,,,,,,,,,,,,,,,,,
15461430,CHALLENGER,174017,"Cleveland, USA",2026-02-03,Round of 32,Hardcourt indoor,335632,Daniel Milavsky,408860,Kaylan Bigun,2,0,2 - ?,2026-05-17,10,6,2,6,44/71 (62%),32/57 (56%),25/27 (93%),19/25 (76%),37/44 (84%),25/32 (78%),10/27 (37%),8/25 (32%),10,9,7/8 (87%),3/6 (50%),71.0,56.0,47,33,24,23,15,7,12.0,7.0,9.0,6.0,4,2,7/32 (21%),7/44 (15%),17/25 (68%),17/27 (62%),9,10,3,1,0,0,5,3,0,4,15/28 (54%),14/29 (48%),13/13 (100%),11/15 (73%),13/15 (87%),14/14 (100%),8/13 (62%),4/15 (27%),5,5,3/3 (100%),2/3 (66%),21,18,11,7,7,7,2,1,0/14 (0%),2/15 (13%),11/15 (73%),5/13 (38%),5,5,1,0,0,0,5.0,3.0,2.0,2.0,27/42 (64%),18/28 (64%),13/15 (87%),8/10 (80%),23/27 (85%),11/18 (61%),3/15 (20%),4/10 (40%),5.0,4.0,4/5 (80%),1/3 (33%),26.0,15.0,13.0,16.0,15.0,5.0,4.0,2.0,7/18 (38%),4/27 (14%),6/10 (60%),12/15 (80%),4.0,5.0,2.0,1.0,0.0,0.0,,,,,,,,,,,,,,,,,,,,,,,,,,,,,,,,,,
15461424,CHALLENGER,174017,"Cleveland, USA",2026-02-03,Round of 32,Hardcourt indoor,77007,Stefan Kozlov,23670,Cedrik-Marcel Stebe,2,1,2 - 1,2026-05-17,2,2,4,2,51/90 (57%),50/83 (60%),35/39 (90%),31/33 (94%),35/51 (69%),34/50 (68%),23/39 (59%),17/33 (52%),13,13,8/9 (88%),4/7 (57%),90.0,83.0,58,51,32,32,5,4,15.0,11.0,12.0,10.0,5,3,16/50 (32%),16/51 (31%),16/33 (48%),16/39 (41%),13,13,3,1,0,0,0,1,1,1,14/30 (47%),18/29 (62%),15/16 (94%),10/11 (91%),9/14 (64%),14/18 (78%),8/16 (50%),7/11 (64%),4,5,4/5 (80%),0/0 (0%),17,21,8,13,3,4,1,3,4/18 (22%),5/14 (35%),4/11 (36%),8/16 (50%),5,4,0,1,0,0,0.0,1.0,2.0,0.0,23/32 (72%),15/24 (63%),7/9 (78%),9/9 (100%),15/23 (65%),10/15 (67%),5/9 (56%),2/9 (22%),4.0,4.0,4/4 (100%),1/3 (33%),20.0,12.0,12.0,12.0,4.0,3.0,3.0,1.0,5/15 (33%),8/23 (34%),7/9 (77%),4/9 (44%),4.0,4.0,2.0,0.0,0.0,0.0,2.0,0.0,1.0,1.0,14/28 (50%),15/30 (50%),13/14 (93%),14/15 (93%),11/14 (79%),9/15 (60%),10/14 (71%),9/15 (60%),5.0,4.0,0/0 (0%),3/4 (75%),21.0,18.0,12.0,7.0,4.0,4.0,3.0,1.0,6/15 (40%),3/14 (21%),6/15 (40%),4/14 (28%),4.0,5.0,1.0,0.0,0.0,0.0
15461433,CHALLENGER,174017,"Cleveland, USA",2026-02-03,Round of 32,Hardcourt indoor,339606,Antoine Ghibaudo,17080,Bernard Tomic,2,0,2 - ?,2026-05-17,3,1,2,4,23/45 (51%),29/56 (52%),20/22 (91%),23/27 (85%),21/23 (91%),13/29 (45%),11/22 (50%),12/27 (44%),8,8,1/2 (50%),4/9 (44%),61.0,38.0,32,25,29,13,14,6,12.0,4.0,7.0,2.0,10,2,16/29 (55%),2/23 (8%),15/27 (55%),11/22 (50%),8,8,5,1,0,0,2,0,0,4,8/15 (53%),10/25 (40%),7/7 (100%),11/15 (73%),7/8 (88%),6/10 (60%),5/7 (71%),5/15 (33%),3,4,0/0 (0%),2/5 (40%),12,11,14,3,5,4,6,1,4/10 (40%),1/8 (12%),10/15 (66%),2/7 (28%),4,3,3,0,0,0,1.0,1.0,2.0,0.0,15/30 (50%),17/29 (59%),13/15 (87%),12/12 (100%),14/15 (93%),7/17 (41%),6/15 (40%),7/12 (58%),5.0,4.0,1/2 (50%),2/4 (50%),20.0,14.0,15.0,10.0,14.0,6.0,3.0,2.0,10/17 (58%),1/15 (6%),5/12 (41%),9/15 (60%),4.0,5.0,2.0,1.0,0.0,0.0,,,,,,,,,,,,,,,,,,,,,,,,,,,,,,,,,,
15463602,CHALLENGER,174286,"Tenerife, Spain, Qualifying",2026-02-03,Qualification Final,Hardcourt outdoor,482299,Andrea Colombo,249463,Bruno Pujol Navarro,1,1,,20260517,3,5,3,5,63/82 (77%),36/68 (53%),16/19 (84%),27/32 (84%),33/63 (52%),28/36 (78%),11/19 (58%),12/32 (38%),11,12,7/11 (63%),0/3 (0%),71.0,78.0,44,40,27,38,10,6,10.0,13.0,6.0,9.0,3,5,8/36 (22%),30/63 (47%),20/32 (62%),8/19 (42%),12,11,3,4,0,0,2,3,1,1,30/42 (71%),14/25 (56%),11/12 (92%),10/11 (91%),19/30 (63%),12/14 (86%),8/12 (67%),4/11 (36%),5,5,4/4 (100%),0/1 (0%),27,16,9,15,10,4,3,1,2/14 (14%),11/30 (36%),7/11 (63%),4/12 (33%),5,5,1,0,0,0,1.0,0.0,2.0,4.0,25/32 (78%),15/32 (47%),5/7 (71%),13/17 (76%),11/25 (44%),11/15 (73%),4/7 (57%),5/17 (29%),5.0,5.0,2/5 (40%),0/2 (0%),15.0,16.0,16.0,17.0,6.0,4.0,2.0,3.0,4/15 (26%),14/25 (56%),12/17 (70%),3/7 (42%),5.0,5.0,2.0,3.0,0.0,0.0,0.0,2.0,0.0,0.0,7/8 (88%),6/10 (60%),1/1 (100%),4/4 (100%),2/7 (29%),5/6 (83%),0/1 (0%),3/4 (75%),1.0,2.0,1/2 (50%),0/0 (0%),2.0,8.0,2.0,6.0,1.0,6.0,0.0,3.0,1/6 (16%),5/7 (71%),1/4 (25%),1/1 (100%),2.0,1.0,0.0,1.0,0.0,0.0
15462923,WTA,174032,"Mumbai, India",2026-02-03,Round of 32,Hardcourt outdoor,390973,Miho Kuramochi,92877,Nicole Fossa Huergo,2,0,,20260517,0,0,0,2,44/65 (68%),47/57 (82%),21/21 (100%),8/10 (80%),24/44 (55%),32/47 (68%),10/21 (48%),4/10 (40%),10,9,2/7 (28%),1/3 (33%),54.0,68.0,34,36,20,32,5,6,7.0,12.0,5.0,7.0,2,3,15/47 (31%),20/44 (45%),6/10 (60%),11/21 (52%),9,10,2,5,0,0,0,0,0,1,19/29 (66%),24/28 (86%),9/9 (100%),4/5 (80%),11/19 (58%),18/24 (75%),6/10 (60%),1/4 (25%),5,5,0/2 (0%),0/1 (0%),17,19,9,12,5,4,2,3,6/24 (25%),8/19 (42%),3/4 (75%),4/10 (40%),5,5,1,2,0,0,0.0,0.0,0.0,1.0,25/37 (68%),23/28 (82%),12/12 (100%),4/5 (80%),13/25 (52%),14/23 (61%),4/12 (33%),3/5 (60%),5.0,4.0,2/5 (40%),1/2 (50%),17.0,17.0,11.0,20.0,4.0,6.0,1.0,2.0,9/23 (39%),12/25 (48%),2/5 (40%),8/12 (66%),4.0,5.0,1.0,3.0,0.0,0.0,,,,,,,,,,,,,,,,,,,,,,,,,,,,,,,,,,
15459042,WTA,174032,"Mumbai, India",2026-02-03,Round of 32,Hardcourt outdoor,112957,Leolia Jeanjean,302007,Vaidehi Chaudhari,2,0,,20260517,1,0,0,3,34/35 (97%),48/52 (92%),1/1 (100%),1/4 (25%),27/34 (79%),20/48 (42%),1/1 (100%),0/4 (0%),7,7,0/0 (0%),6/11 (54%),57.0,27.0,28,20,29,7,9,3,12.0,2.0,7.0,2.0,8,1,28/48 (58%),7/34 (20%),4/4 (100%),0/1 (0%),7,7,5,0,0,0,1,0,0,2,19/20 (95%),33/34 (97%),1/1 (100%),1/3 (33%),15/19 (79%),17/33 (52%),1/1 (100%),0/1 (0%),4,4,0/0 (0%),4/6 (66%),16,17,17,4,6,3,3,1,16/33 (48%),4/19 (21%),1/1 (100%),0/1 (0%),4,4,2,0,0,0,0.0,0.0,0.0,1.0,15/15 (100%),15/15 (100%),0/0 (0%),0/1 (0%),12/15 (80%),3/15 (20%),0/0 (0%),0/0 (0%),3.0,3.0,0/0 (0%),2/5 (40%),12.0,3.0,12.0,3.0,7.0,1.0,6.0,0.0,12/15 (80%),3/15 (20%),,,3.0,3.0,3.0,0.0,0.0,0.0,,,,,,,,,,,,,,,,,,,,,,,,,,,,,,,,,,
15459032,WTA,174032,"Mumbai, India",2026-02-03,Round of 32,Hardcourt outdoor,314519,Darja Semenistaja,276445,Diletta Cherubini,2,0,,20260517,0,3,1,2,31/43 (72%),31/46 (67%),11/12 (92%),13/15 (87%),14/31 (45%),24/31 (77%),3/12 (25%),8/15 (53%),8,8,0/5 (0%),1/2 (50%),31.0,58.0,17,32,14,26,3,18,4.0,12.0,3.0,7.0,1,8,7/31 (22%),17/31 (54%),7/15 (46%),9/12 (75%),8,8,1,5,0,0,0,2,1,1,17/25 (68%),17/22 (77%),7/8 (88%),4/5 (80%),7/17 (41%),12/17 (71%),2/8 (25%),3/5 (60%),5,4,0/3 (0%),0/1 (0%),9,15,7,16,3,12,1,3,5/17 (29%),10/17 (58%),2/5 (40%),6/8 (75%),4,5,1,3,0,0,0.0,1.0,0.0,1.0,14/18 (78%),15/24 (63%),4/4 (100%),8/9 (89%),7/14 (50%),12/15 (80%),1/4 (25%),5/9 (56%),3.0,4.0,0/2 (0%),1/1 (100%),8.0,17.0,7.0,10.0,2.0,6.0,1.0,5.0,3/15 (20%),7/14 (50%),4/9 (44%),3/4 (75%),4.0,3.0,0.0,2.0,0.0,0.0,,,,,,,,,,,,,,,,,,,,,,,,,,,,,,,,,,
15462931,WTA,174032,"Mumbai, India",2026-02-03,Round of 32,Hardcourt outdoor,378682,Yasmine Kabbaj,50915,Peangtarn Plipuech,2,0,,20260517,0,0,1,0,38/46 (83%),46/56 (82%),7/8 (88%),10/10 (100%),31/38 (82%),29/46 (63%),5/8 (63%),3/10 (30%),9,9,0/0 (0%),4/7 (57%),60.0,42.0,36,32,24,10,6,4,12.0,6.0,9.0,6.0,3,1,17/46 (36%),7/38 (18%),7/10 (70%),3/8 (37%),9,9,3,0,0,0,0,0,0,0,20/25 (80%),25/30 (83%),5/5 (100%),5/5 (100%),17/20 (85%),16/25 (64%),3/5 (60%),1/5 (20%),5,4,0/0 (0%),3/4 (75%),20,17,13,5,6,4,3,1,9/25 (36%),3/20 (15%),4/5 (80%),2/5 (40%),4,5,1,0,0,0,0.0,0.0,1.0,0.0,18/21 (86%),22/26 (85%),2/3 (67%),4/4 (100%),14/18 (78%),13/22 (59%),2/3 (67%),2/4 (50%),4.0,5.0,0/0 (0%),1/3 (33%),16.0,15.0,11.0,5.0,6.0,4.0,3.0,1.0,9/22 (40%),4/18 (22%),2/4 (50%),1/3 (33%),5.0,4.0,2.0,0.0,0.0,0.0,,,,,,,,,,,,,,,,,,,,,,,,,,,,,,,,,,
15459034,WTA,174032,"Mumbai, India",2026-02-03,Round of 32,Hardcourt outdoor,207065,Eri Shimizu,390986,Sahaja Yamalapalli,2,0,,20260517,0,0,1,1,34/65 (52%),41/62 (66%),30/31 (97%),20/21 (95%),19/34 (56%),28/41 (68%),13/31 (42%),12/21 (57%),10,10,3/8 (37%),3/5 (60%),54.0,73.0,32,40,22,33,5,8,7.0,13.0,5.0,8.0,3,4,13/41 (31%),15/34 (44%),9/21 (42%),18/31 (58%),10,10,2,5,0,0,0,0,1,0,22/39 (56%),26/40 (65%),16/17 (94%),14/14 (100%),12/22 (55%),17/26 (65%),8/17 (47%),6/14 (43%),6,6,2/5 (40%),3/5 (60%),20,23,17,19,5,6,3,3,9/26 (34%),10/22 (45%),8/14 (57%),9/17 (52%),6,6,2,3,0,0,0.0,0.0,0.0,1.0,12/26 (46%),16/22 (73%),14/14 (100%),5/6 (83%),7/12 (58%),12/16 (75%),5/14 (36%),5/6 (83%),4.0,4.0,1/3 (33%),0/0 (0%),12.0,17.0,5.0,14.0,4.0,5.0,1.0,3.0,4/16 (25%),5/12 (41%),1/6 (16%),9/14 (64%),4.0,4.0,0.0,2.0,0.0,0.0,,,,,,,,,,,,,,,,,,,,,,,,,,,,,,,,,,
15459040,WTA,174032,"Mumbai, India",2026-02-03,Round of 32,Hardcourt outdoor,231208,Sohyun Park,386230,Mingge Xu,1,0,,20260517,0,1,3,0,17/25 (68%),13/24 (54%),5/8 (63%),11/11 (100%),9/17 (53%),11/13 (85%),3/8 (38%),6/11 (55%),3,4,4/6 (66%),1/1 (100%),19.0,30.0,12,17,7,13,3,5,1.0,6.0,1.0,4.0,1,5,2/13 (15%),8/17 (47%),5/11 (45%),5/8 (62%),4,3,0,2,0,0,0,1,3,0,17/25 (68%),15/24 (63%),5/8 (63%),9/9 (100%),9/17 (53%),11/15 (73%),3/8 (38%),6/9 (67%),3,4,4/6 (66%),1/1 (100%),12,17,7,13,3,5,1,5,4/15 (26%),8/17 (47%),3/9 (33%),5/8 (62%),4,3,0,2,0,0,,,,,,,,,,,,,,,,,,,,,,,,,,,,,,,,,,,,,,,,,,,,,,,,,,,,,,,,,,,,,,,,,,,,
15459037,WTA,174032,"Mumbai, India",2026-02-03,Round of 32,Hardcourt outdoor,310115,Fangran Tian,222183,Rina Saigo,2,0,,20260517,0,0,6,2,33/55 (60%),24/44 (55%),16/22 (73%),18/20 (90%),25/33 (76%),11/24 (46%),9/22 (41%),6/20 (30%),8,7,4/5 (80%),3/8 (37%),61.0,38.0,34,17,27,21,7,4,12.0,3.0,7.0,2.0,6,1,13/24 (54%),8/33 (24%),14/20 (70%),13/22 (59%),7,8,5,1,0,0,0,0,3,1,14/24 (58%),8/14 (57%),7/10 (70%),5/6 (83%),11/14 (79%),2/8 (25%),4/10 (40%),0/6 (0%),3,3,2/2 (100%),1/4 (25%),15,2,12,9,7,2,6,0,6/8 (75%),3/14 (21%),6/6 (100%),6/10 (60%),3,3,3,0,0,0,0.0,0.0,3.0,1.0,19/31 (61%),16/30 (53%),9/12 (75%),13/14 (93%),14/19 (74%),9/16 (56%),5/12 (42%),6/14 (43%),5.0,4.0,2/3 (66%),2/4 (50%),19.0,15.0,15.0,12.0,5.0,4.0,4.0,1.0,7/16 (43%),5/19 (26%),8/14 (57%),7/12 (58%),4.0,5.0,2.0,1.0,0.0,0.0,,,,,,,,,,,,,,,,,,,,,,,,,,,,,,,,,,
15462922,WTA,174032,"Mumbai, India",2026-02-03,Round of 32,Hardcourt outdoor,414874,Kristiana Sidorova,272473,Shrivalli Rashmikaa Bhamidipaty,2,0,,20260517,3,6,4,2,19/50 (38%),37/61 (61%),27/31 (87%),22/24 (92%),10/19 (53%),24/37 (65%),13/31 (42%),13/24 (54%),8,8,5/10 (50%),2/3 (66%),46.0,65.0,23,37,23,28,5,7,4.0,12.0,3.0,7.0,2,5,13/37 (35%),9/19 (47%),11/24 (45%),18/31 (58%),8,8,1,5,0,0,3,1,3,0,11/27 (41%),9/18 (50%),13/16 (81%),9/9 (100%),5/11 (45%),6/9 (67%),6/16 (38%),7/9 (78%),4,3,3/6 (50%),0/0 (0%),11,13,5,16,2,7,1,4,3/9 (33%),6/11 (54%),2/9 (22%),10/16 (62%),3,4,0,3,0,0,0.0,5.0,1.0,2.0,9/24 (38%),27/42 (64%),14/15 (93%),13/15 (87%),5/9 (56%),18/27 (67%),7/15 (47%),6/15 (40%),4.0,5.0,2/4 (50%),2/3 (66%),12.0,24.0,18.0,12.0,5.0,7.0,2.0,3.0,9/27 (33%),4/9 (44%),9/15 (60%),8/15 (53%),5.0,4.0,1.0,2.0,0.0,0.0,,,,,,,,,,,,,,,,,,,,,,,,,,,,,,,,,,
15459231,ATP,174037,"Montpellier, France",2026-02-04,Round of 32,Hardcourt indoor,40800,Pablo Carreño Busta,198592,Miomir Kecmanović,2,1,2 - 1,2026-05-17,15,7,4,2,52/87 (60%),69/102 (68%),31/35 (89%),31/33 (94%),45/52 (87%),50/69 (72%),13/35 (37%),13/33 (39%),15,16,4/7 (57%),3/6 (50%),97.0,92.0,58,63,39,29,8,7,15.0,17.0,11.0,12.0,5,5,19/69 (27%),7/52 (13%),20/33 (60%),22/35 (62%),16,15,3,3,0,1,7,3,0,0,16/21 (76%),21/34 (62%),5/5 (100%),13/13 (100%),16/16 (100%),16/21 (76%),4/5 (80%),4/13 (31%),5,5,0/0 (0%),1/2 (50%),20,20,14,1,7,4,3,1,5/21 (23%),0/16 (0%),9/13 (69%),1/5 (20%),5,5,1,0,0,0,4.0,1.0,1.0,0.0,12/24 (50%),24/28 (86%),11/12 (92%),4/4 (100%),12/12 (100%),17/24 (71%),4/12 (33%),3/4 (75%),4.0,5.0,1/2 (50%),0/0 (0%),16.0,20.0,8.0,8.0,4.0,3.0,1.0,3.0,7/24 (29%),0/12 (0%),1/4 (25%),8/12 (66%),5.0,4.0,0.0,1.0,0.0,0.0,4.0,3.0,3.0,2.0,23/42 (55%),24/40 (60%),16/19 (84%),14/16 (88%),17/23 (74%),17/24 (71%),5/19 (26%),6/16 (38%),6.0,6.0,3/5 (60%),2/4 (50%),22.0,23.0,17.0,20.0,8.0,7.0,5.0,5.0,7/24 (29%),6/23 (26%),10/16 (62%),14/19 (73%),6.0,6.0,2.0,2.0,0.0,1.0
15469020,ATP,174037,"Montpellier, France",2026-02-04,Round of 32,Hardcourt indoor,51345,Martin Damm Jr,158896,Hubert Hurkacz,2,0,2 - ?,2026-05-17,14,13,0,3,46/72 (64%),44/71 (62%),26/26 (100%),24/27 (89%),34/46 (74%),32/44 (73%),15/26 (58%),19/27 (70%),11,11,3/4 (75%),1/1 (100%),69.0,74.0,49,51,20,23,4,4,10.0,13.0,10.0,11.0,1,3,12/44 (27%),12/46 (26%),8/27 (29%),11/26 (42%),11,11,0,1,0,1,6,8,0,1,26/45 (58%),26/40 (65%),19/19 (100%),13/14 (93%),18/26 (69%),18/26 (69%),12/19 (63%),11/14 (79%),6,6,2/2 (100%),1/1 (100%),30,29,11,15,4,4,1,1,8/26 (30%),8/26 (30%),3/14 (21%),7/19 (36%),6,6,0,0,0,1,8.0,5.0,0.0,2.0,19/27 (70%),18/31 (58%),8/8 (100%),11/13 (85%),15/19 (79%),14/18 (78%),4/8 (50%),8/13 (62%),5.0,5.0,1/2 (50%),0/0 (0%),19.0,22.0,9.0,8.0,4.0,4.0,1.0,3.0,4/18 (22%),4/19 (21%),5/13 (38%),4/8 (50%),5.0,5.0,0.0,1.0,0.0,0.0,,,,,,,,,,,,,,,,,,,,,,,,,,,,,,,,,,
15469021,ATP,174037,"Montpellier, France",2026-02-04,Round of 32,Hardcourt indoor,243925,Titouan Droguet,105607,Jan Choinski,2,0,2 - ?,2026-05-17,14,4,2,3,38/59 (64%),50/83 (60%),19/21 (90%),30/33 (91%),33/38 (87%),32/50 (64%),13/21 (62%),16/33 (48%),10,10,2/2 (100%),7/9 (77%),81.0,61.0,46,48,35,13,6,5,13.0,8.0,9.0,7.0,4,1,18/50 (36%),5/38 (13%),17/33 (51%),8/21 (38%),10,10,2,0,1,0,3,1,1,2,12/21 (57%),25/41 (61%),8/9 (89%),14/16 (88%),11/12 (92%),14/25 (56%),5/9 (56%),6/16 (38%),4,4,0/0 (0%),7/9 (77%),16,20,21,5,6,3,3,1,11/25 (44%),1/12 (8%),10/16 (62%),4/9 (44%),4,4,2,0,0,0,11.0,3.0,1.0,1.0,26/38 (68%),24/42 (57%),11/12 (92%),17/18 (94%),22/26 (85%),17/24 (71%),8/12 (67%),11/18 (61%),6.0,6.0,2/2 (100%),0/0 (0%),30.0,28.0,14.0,8.0,6.0,5.0,1.0,1.0,7/24 (29%),4/26 (15%),7/18 (38%),4/12 (33%),6.0,6.0,0.0,0.0,1.0,0.0,,,,,,,,,,,,,,,,,,,,,,,,,,,,,,,,,,
15459229,ATP,174037,"Montpellier, France",2026-02-04,Round of 32,Hardcourt indoor,185388,Ugo Humbert,102339,Botic Van de Zandschulp,2,0,2 - ?,2026-05-17,9,9,1,1,42/58 (72%),30/47 (64%),15/16 (94%),16/17 (94%),32/42 (76%),26/30 (87%),11/16 (69%),7/17 (41%),10,9,3/3 (100%),1/3 (33%),57.0,48.0,43,33,14,15,5,4,12.0,7.0,10.0,7.0,3,1,4/30 (13%),10/42 (23%),10/17 (58%),5/16 (31%),9,10,2,0,0,0,4,2,0,0,20/24 (83%),14/22 (64%),4/4 (100%),8/8 (100%),17/20 (85%),11/14 (79%),3/4 (75%),3/8 (38%),5,4,0/0 (0%),1/2 (50%),20,14,8,4,5,3,3,1,3/14 (21%),3/20 (15%),5/8 (62%),1/4 (25%),4,5,1,0,0,0,5.0,7.0,1.0,1.0,22/34 (65%),15/25 (60%),11/12 (92%),9/10 (90%),15/22 (68%),14/15 (93%),8/12 (67%),5/10 (50%),5.0,5.0,3/3 (100%),0/1 (0%),23.0,19.0,6.0,11.0,5.0,4.0,2.0,1.0,1/15 (6%),7/22 (31%),5/10 (50%),4/12 (33%),5.0,5.0,1.0,0.0,0.0,0.0,,,,,,,,,,,,,,,,,,,,,,,,,,,,,,,,,,
15459224,ATP,174037,"Montpellier, France",2026-02-04,Round of 32,Hardcourt indoor,338500,Arthur Fils,255449,Valentin Royer,2,1,2 - 1,2026-05-17,14,14,2,5,68/101 (67%),66/108 (61%),31/33 (94%),37/42 (88%),50/68 (74%),55/66 (83%),20/33 (61%),21/42 (50%),16,16,5/8 (62%),0/1 (0%),102.0,107.0,70,76,32,31,6,5,15.0,19.0,13.0,15.0,3,5,11/66 (16%),18/68 (26%),21/42 (50%),13/33 (39%),16,16,1,3,1,1,4,6,1,3,27/41 (66%),29/47 (62%),13/14 (93%),15/18 (83%),17/27 (63%),24/29 (83%),10/14 (71%),7/18 (39%),6,6,2/3 (66%),0/1 (0%),27,31,16,14,6,5,2,2,5/29 (17%),10/27 (37%),11/18 (61%),4/14 (28%),6,6,1,1,0,1,7.0,6.0,0.0,0.0,26/35 (74%),22/36 (61%),9/9 (100%),14/14 (100%),22/26 (85%),18/22 (82%),7/9 (78%),10/14 (71%),6.0,6.0,,,29.0,28.0,8.0,6.0,6.0,4.0,2.0,1.0,4/22 (18%),4/26 (15%),4/14 (28%),2/9 (22%),6.0,6.0,0.0,0.0,1.0,0.0,3.0,2.0,1.0,2.0,15/25 (60%),15/25 (60%),9/10 (90%),8/10 (80%),11/15 (73%),13/15 (87%),3/10 (30%),4/10 (40%),4.0,4.0,3/5 (60%),0/0 (0%),14.0,17.0,8.0,11.0,5.0,4.0,1.0,5.0,2/15 (13%),4/15 (26%),6/10 (60%),7/10 (70%),4.0,4.0,0.0,2.0,0.0,0.0
15469022,ATP,174037,"Montpellier, France",2026-02-04,Round of 32,Hardcourt indoor,200777,Ugo Blanchet,95801,Andrea Vavassori,2,0,2 - ?,2026-05-17,9,5,2,3,44/58 (76%),34/63 (54%),12/14 (86%),26/29 (90%),29/44 (66%),27/34 (79%),4/14 (29%),15/29 (52%),9,10,5/8 (62%),1/2 (50%),54.0,67.0,33,42,21,25,5,5,7.0,12.0,5.0,8.0,3,7,7/34 (20%),15/44 (34%),14/29 (48%),10/14 (71%),10,9,1,3,0,0,6,2,1,1,21/28 (75%),15/26 (58%),6/7 (86%),10/11 (91%),16/21 (76%),12/15 (80%),2/7 (29%),8/11 (73%),5,5,1/2 (50%),0/0 (0%),18,20,6,10,5,5,1,2,3/15 (20%),5/21 (23%),3/11 (27%),5/7 (71%),5,5,0,1,0,0,3.0,3.0,1.0,2.0,22/30 (73%),18/37 (49%),7/8 (88%),17/19 (89%),13/22 (59%),14/18 (78%),2/8 (25%),8/19 (42%),4.0,5.0,4/6 (66%),1/2 (50%),15.0,22.0,15.0,15.0,5.0,4.0,3.0,5.0,4/18 (22%),9/22 (40%),11/19 (57%),6/8 (75%),5.0,4.0,1.0,2.0,0.0,0.0,,,,,,,,,,,,,,,,,,,,,,,,,,,,,,,,,,
15459225,ATP,174037,"Montpellier, France",2026-02-04,Round of 32,Hardcourt indoor,289233,Luca Nardi,26204,Nikoloz Basilashvili,2,0,2 - ?,2026-05-17,5,3,3,0,28/57 (49%),28/46 (61%),26/29 (90%),18/18 (100%),21/28 (75%),22/28 (79%),11/29 (38%),15/18 (83%),9,9,6/9 (66%),1/1 (100%),41.0,62.0,32,37,9,25,4,11,6.0,12.0,6.0,9.0,1,5,6/28 (21%),7/28 (25%),3/18 (16%),18/29 (62%),9,9,0,3,0,0,4,1,2,0,14/27 (52%),12/19 (63%),11/13 (85%),7/7 (100%),9/14 (64%),9/12 (75%),6/13 (46%),7/7 (100%),5,4,1/3 (33%),0/0 (0%),15,16,3,12,4,6,1,4,3/12 (25%),5/14 (35%),0/7 (0%),7/13 (53%),4,5,0,2,0,0,1.0,2.0,1.0,0.0,14/30 (47%),16/27 (59%),15/16 (94%),11/11 (100%),12/14 (86%),13/16 (81%),5/16 (31%),8/11 (73%),4.0,5.0,5/6 (83%),1/1 (100%),17.0,21.0,6.0,13.0,4.0,7.0,1.0,3.0,3/16 (18%),2/14 (14%),3/11 (27%),11/16 (68%),5.0,4.0,0.0,1.0,0.0,0.0,,,,,,,,,,,,,,,,,,,,,,,,,,,,,,,,,,
15441194,ATP,174037,"Montpellier, France",2026-02-04,Round of 16,Hardcourt indoor,51345,Martin Damm Jr,16720,Roberto Bautista Agut,2,0,2 - ?,2026-05-17,11,2,2,0,27/39 (69%),35/51 (69%),10/12 (83%),16/16 (100%),22/27 (81%),18/35 (51%),10/12 (83%),8/16 (50%),8,8,0/0 (0%),3/7 (42%),57.0,33.0,32,26,25,7,13,4,12.0,4.0,8.0,4.0,5,1,17/35 (48%),5/27 (18%),8/16 (50%),2/12 (16%),8,8,4,0,0,0,6,1,2,0,11/18 (61%),15/22 (68%),5/7 (71%),7/7 (100%),11/11 (100%),6/15 (40%),5/7 (71%),3/7 (43%),4,3,0/0 (0%),0/2 (0%),16,9,13,2,13,2,5,1,9/15 (60%),0/11 (0%),4/7 (57%),2/7 (28%),3,4,2,0,0,0,5.0,1.0,0.0,0.0,16/21 (76%),20/29 (69%),5/5 (100%),9/9 (100%),11/16 (69%),12/20 (60%),5/5 (100%),5/9 (56%),4.0,5.0,0/0 (0%),3/5 (60%),16.0,17.0,12.0,5.0,3.0,4.0,3.0,1.0,8/20 (40%),5/16 (31%),4/9 (44%),0/5 (0%),5.0,4.0,2.0,0.0,0.0,0.0,,,,,,,,,,,,,,,,,,,,,,,,,,,,,,,,,,
15469023,ATP,174037,"Montpellier, France",2026-02-04,Round of 32,Hardcourt indoor,187608,Aleksandar Kovacevic,522369,Moise Kouame,2,1,2 - 1,2026-05-17,10,13,4,2,48/78 (62%),51/91 (56%),26/30 (87%),38/40 (95%),36/48 (75%),42/51 (82%),15/30 (50%),22/40 (55%),14,14,4/8 (50%),1/1 (100%),78.0,90.0,51,64,27,26,6,5,11.0,18.0,10.0,14.0,3,5,9/51 (17%),12/48 (25%),18/40 (45%),15/30 (50%),14,14,0,4,1,0,2,6,0,2,22/34 (65%),19/41 (46%),12/12 (100%),20/22 (91%),20/22 (91%),19/19 (100%),9/12 (75%),10/22 (45%),6,6,,,29,29,12,5,5,4,2,1,0/19 (0%),2/22 (9%),12/22 (54%),3/12 (25%),6,6,0,0,1,0,4.0,4.0,4.0,0.0,14/25 (56%),15/23 (65%),7/11 (64%),8/8 (100%),9/14 (64%),11/15 (73%),3/11 (27%),5/8 (63%),4.0,4.0,3/5 (60%),0/0 (0%),12.0,16.0,7.0,13.0,6.0,5.0,1.0,3.0,4/15 (26%),5/14 (35%),3/8 (37%),8/11 (72%),4.0,4.0,0.0,2.0,0.0,0.0,4.0,3.0,0.0,0.0,11/18 (61%),16/27 (59%),7/7 (100%),11/11 (100%),7/11 (64%),11/16 (69%),3/7 (43%),8/11 (73%),4.0,4.0,1/3 (33%),1/1 (100%),10.0,19.0,8.0,8.0,4.0,5.0,1.0,3.0,5/16 (31%),4/11 (36%),3/11 (27%),4/7 (57%),4.0,4.0,0.0,2.0,0.0,0.0
15459232,ATP,174037,"Montpellier, France",2026-02-04,Round of 32,Hardcourt indoor,14548,Stan Wawrinka,321404,Hamad Medjedović,2,0,2 - ?,2026-05-17,10,5,0,4,37/65 (57%),30/76 (39%),28/28 (100%),42/46 (91%),26/37 (70%),25/30 (83%),17/28 (61%),25/46 (54%),11,11,4/6 (66%),4/5 (80%),69.0,72.0,43,50,26,22,6,6,10.0,13.0,7.0,10.0,2,4,5/30 (16%),11/37 (29%),21/46 (45%),11/28 (39%),11,11,1,2,0,1,6,5,0,2,15/34 (44%),18/43 (42%),19/19 (100%),23/25 (92%),12/15 (80%),16/18 (89%),14/19 (74%),14/25 (56%),6,6,0/0 (0%),3/3 (100%),26,30,13,8,5,4,1,1,2/18 (11%),3/15 (20%),11/25 (44%),5/19 (26%),6,6,0,0,0,1,4.0,0.0,0.0,2.0,22/31 (71%),11/33 (33%),9/9 (100%),20/22 (91%),14/22 (64%),8/11 (73%),3/9 (33%),12/22 (55%),5.0,5.0,4/6 (66%),1/2 (50%),17.0,20.0,13.0,14.0,6.0,6.0,2.0,4.0,3/11 (27%),8/22 (36%),10/22 (45%),6/9 (66%),5.0,5.0,1.0,2.0,0.0,0.0,,,,,,,,,,,,,,,,,,,,,,,,,,,,,,,,,,
15441200,ATP,174037,"Montpellier, France",2026-02-04,Round of 16,Hardcourt indoor,15894,Adrian Mannarino,185388,Ugo Humbert,2,1,2 - 1,2026-05-17,23,7,3,2,73/111 (66%),75/115 (65%),35/38 (92%),38/40 (95%),61/73 (84%),63/75 (84%),17/38 (45%),21/40 (53%),16,17,8/9 (88%),9/9 (100%),109.0,117.0,78,84,31,33,6,7,16.0,19.0,15.0,17.0,1,3,12/75 (16%),12/73 (16%),19/40 (47%),21/38 (55%),17,16,0,1,1,1,11,3,0,0,28/38 (74%),24/36 (67%),10/10 (100%),12/12 (100%),25/28 (89%),20/24 (83%),6/10 (60%),7/12 (58%),6,6,2/2 (100%),0/0 (0%),31,27,9,7,5,4,1,1,4/24 (16%),3/28 (10%),5/12 (41%),4/10 (40%),6,6,0,0,1,0,3.0,2.0,2.0,1.0,16/27 (59%),28/40 (70%),9/11 (82%),11/12 (92%),11/16 (69%),22/28 (79%),5/11 (45%),5/12 (42%),4.0,5.0,3/4 (75%),6/6 (100%),16.0,27.0,13.0,11.0,4.0,6.0,1.0,3.0,6/28 (21%),5/16 (31%),7/12 (58%),6/11 (54%),5.0,4.0,0.0,1.0,0.0,0.0,9.0,2.0,1.0,1.0,29/46 (63%),23/39 (59%),16/17 (94%),15/16 (94%),25/29 (86%),21/23 (91%),6/17 (35%),9/16 (56%),6.0,6.0,3/3 (100%),3/3 (100%),31.0,30.0,9.0,15.0,6.0,7.0,1.0,2.0,2/23 (8%),4/29 (13%),7/16 (43%),11/17 (64%),6.0,6.0,0.0,0.0,0.0,1.0
15441189,ATP,174037,"Montpellier, France",2026-02-04,Round of 16,Hardcourt indoor,383987,Arthur Gea,238300,Tomaš Machač,1,0,1 - ?,2026-05-17,6,4,1,1,26/46 (57%),33/61 (54%),19/20 (95%),27/28 (96%),24/26 (92%),24/33 (73%),12/20 (60%),15/28 (54%),9,9,0/0 (0%),4/5 (80%),58.0,49.0,36,39,22,10,5,5,10.0,8.0,9.0,8.0,3,1,9/33 (27%),2/26 (7%),13/28 (46%),8/20 (40%),9,9,1,0,0,0,3,2,1,0,11/26 (42%),11/24 (46%),14/15 (93%),13/13 (100%),10/11 (91%),9/11 (82%),10/15 (67%),6/13 (46%),5,4,0/0 (0%),0/1 (0%),20,15,9,6,5,5,3,1,2/11 (18%),1/11 (9%),7/13 (53%),5/15 (33%),4,5,1,0,0,0,3.0,2.0,0.0,1.0,15/20 (75%),21/37 (57%),5/5 (100%),15/16 (94%),14/15 (93%),15/21 (71%),2/5 (40%),9/16 (56%),4.0,5.0,0/0 (0%),4/4 (100%),16.0,24.0,13.0,4.0,4.0,3.0,1.0,1.0,6/21 (28%),1/15 (6%),7/16 (43%),3/5 (60%),5.0,4.0,0.0,0.0,0.0,0.0,,,,,,,,,,,,,,,,,,,,,,,,,,,,,,,,,,
15441232,WTA,174040,"Abu Dhabi, UAE",2026-02-04,Round of 16,Hardcourt outdoor,233214,McCartney Kessler,250279,Leylah Fernandez,2,0,2 - ?,2026-05-17,3,2,3,8,37/52 (71%),31/62 (50%),12/15 (80%),23/31 (74%),28/37 (76%),19/31 (61%),7/15 (47%),12/31 (39%),8,9,5/6 (83%),5/10 (50%),66.0,48.0,35,31,31,17,7,5,12.0,5.0,7.0,4.0,5,3,12/31 (38%),9/37 (24%),19/31 (61%),8/15 (53%),9,8,5,1,0,0,2,1,2,4,19/26 (73%),17/34 (50%),5/7 (71%),13/17 (76%),14/19 (74%),10/17 (59%),2/7 (29%),7/17 (41%),4,5,2/3 (66%),3/6 (50%),16,17,17,10,7,5,4,3,7/17 (41%),5/19 (26%),10/17 (58%),5/7 (71%),5,4,3,1,0,0,1.0,1.0,1.0,4.0,19/26 (73%),14/28 (50%),6/7 (86%),10/14 (71%),14/19 (74%),9/14 (64%),5/7 (71%),5/14 (36%),4.0,4.0,3/3 (100%),2/4 (50%),19.0,14.0,14.0,7.0,6.0,3.0,4.0,1.0,5/14 (35%),5/19 (26%),9/14 (64%),2/7 (28%),4.0,4.0,2.0,0.0,0.0,0.0,,,,,,,,,,,,,,,,,,,,,,,,,,,,,,,,,,
15463611,WTA,174040,"Abu Dhabi, UAE",2026-02-04,Round of 16,Hardcourt outdoor,248326,Hailey Baptiste,207979,Emma Navarro,2,1,2 - 1,2026-05-17,7,3,4,4,56/93 (60%),43/78 (55%),33/37 (89%),31/35 (89%),36/56 (64%),36/43 (84%),16/37 (43%),16/35 (46%),14,13,5/9 (55%),3/5 (60%),81.0,92.0,52,52,29,40,8,13,13.0,15.0,10.0,11.0,3,6,7/43 (16%),20/56 (35%),19/35 (54%),21/37 (56%),13,14,2,4,1,0,2,2,1,3,27/44 (61%),28/47 (60%),16/17 (94%),16/19 (84%),16/27 (59%),20/28 (71%),9/17 (53%),8/19 (42%),6,6,3/4 (75%),3/4 (75%),25,28,19,19,6,12,2,3,8/28 (28%),11/27 (40%),11/19 (57%),8/17 (47%),6,6,1,1,1,0,2.0,1.0,3.0,0.0,10/22 (45%),8/14 (57%),9/12 (75%),6/6 (100%),4/10 (40%),8/8 (100%),3/12 (25%),4/6 (67%),3.0,3.0,2/5 (40%),0/0 (0%),7.0,12.0,2.0,15.0,3.0,13.0,0.0,6.0,0/8 (0%),6/10 (60%),2/6 (33%),9/12 (75%),3.0,3.0,0.0,3.0,0.0,0.0,3.0,0.0,0.0,1.0,18/26 (69%),10/20 (50%),8/8 (100%),9/10 (90%),15/18 (83%),8/10 (80%),5/8 (63%),4/10 (40%),5.0,4.0,0/0 (0%),0/1 (0%),20.0,12.0,8.0,6.0,8.0,5.0,3.0,1.0,2/10 (20%),3/18 (16%),6/10 (60%),3/8 (37%),4.0,5.0,1.0,0.0,0.0,0.0
15441231,WTA,174040,"Abu Dhabi, UAE",2026-02-04,Round of 16,Hardcourt outdoor,252168,Clara Tauson,215166,Simona Waltert,2,0,2 - ?,2026-05-17,3,1,0,1,36/49 (73%),32/43 (74%),13/13 (100%),10/11 (91%),28/36 (78%),14/32 (44%),4/13 (31%),2/11 (18%),8,8,4/6 (66%),3/9 (33%),60.0,34.0,32,16,28,18,13,5,12.0,4.0,6.0,2.0,4,1,18/32 (56%),8/36 (22%),9/11 (81%),9/13 (69%),8,8,6,2,0,0,2,1,0,0,26/35 (74%),19/26 (73%),9/9 (100%),7/7 (100%),18/26 (69%),9/19 (47%),2/9 (22%),1/7 (14%),5,4,4/6 (66%),3/6 (50%),20,10,16,15,7,4,4,1,10/19 (52%),8/26 (30%),6/7 (85%),7/9 (77%),4,5,3,2,0,0,1.0,0.0,0.0,1.0,11/15 (73%),14/18 (78%),4/4 (100%),3/4 (75%),10/11 (91%),6/14 (43%),2/4 (50%),0/4 (0%),3.0,4.0,0/0 (0%),0/3 (0%),12.0,6.0,12.0,3.0,13.0,5.0,4.0,1.0,8/14 (57%),1/11 (9%),4/4 (100%),2/4 (50%),4.0,3.0,3.0,0.0,0.0,0.0,,,,,,,,,,,,,,,,,,,,,,,,,,,,,,,,,,
15467963,WTA,174040,"Abu Dhabi, UAE",2026-02-04,Round of 16,Hardcourt outdoor,67759,Ekaterina Alexandrova,189986,Dayana Yastremska,2,0,2 - ?,2026-05-17,0,3,1,4,41/59 (69%),25/48 (52%),17/18 (94%),19/23 (83%),15/41 (37%),20/25 (80%),9/18 (50%),10/23 (43%),8,7,3/9 (33%),4/5 (80%),42.0,65.0,24,30,18,35,6,6,4.0,12.0,2.0,6.0,3,8,5/25 (20%),26/41 (63%),13/23 (56%),9/18 (50%),7,8,1,6,0,0,0,0,1,2,26/38 (68%),15/27 (56%),11/12 (92%),10/12 (83%),11/26 (42%),11/15 (73%),6/12 (50%),5/12 (42%),5,4,3/6 (50%),4/5 (80%),17,16,11,21,6,6,3,4,4/15 (26%),15/26 (57%),7/12 (58%),6/12 (50%),4,5,1,3,0,0,0.0,3.0,0.0,2.0,15/21 (71%),10/21 (48%),6/6 (100%),9/11 (82%),4/15 (27%),9/10 (90%),3/6 (50%),5/11 (45%),3.0,3.0,0/3 (0%),0/0 (0%),7.0,14.0,7.0,14.0,3.0,4.0,1.0,6.0,1/10 (10%),11/15 (73%),6/11 (54%),3/6 (50%),3.0,3.0,0.0,3.0,0.0,0.0,,,,,,,,,,,,,,,,,,,,,,,,,,,,,,,,,,
15441213,WTA,174040,"Abu Dhabi, UAE",2026-02-04,Round of 16,Hardcourt outdoor,360184,Sara Bejlek,64496,Jelena Ostapenko,2,0,2 - ?,2026-05-17,1,1,1,2,44/63 (70%),34/56 (61%),18/19 (95%),20/22 (91%),28/44 (64%),19/34 (56%),13/19 (68%),9/22 (41%),10,9,1/3 (33%),5/9 (55%),69.0,50.0,41,28,28,22,7,4,12.0,7.0,8.0,5.0,3,2,15/34 (44%),16/44 (36%),13/22 (59%),6/19 (31%),9,10,4,2,0,0,0,1,0,1,27/34 (79%),21/33 (64%),7/7 (100%),11/12 (92%),16/27 (59%),13/21 (62%),6/7 (86%),5/12 (42%),5,5,1/2 (50%),4/6 (66%),22,18,15,12,7,4,2,2,8/21 (38%),11/27 (40%),7/12 (58%),1/7 (14%),5,5,2,1,0,0,1.0,0.0,1.0,1.0,17/29 (59%),13/23 (57%),11/12 (92%),9/10 (90%),12/17 (71%),6/13 (46%),7/12 (58%),4/10 (40%),5.0,4.0,0/1 (0%),1/3 (33%),19.0,10.0,13.0,10.0,7.0,3.0,2.0,1.0,7/13 (53%),5/17 (29%),6/10 (60%),5/12 (41%),4.0,5.0,2.0,1.0,0.0,0.0,,,,,,,,,,,,,,,,,,,,,,,,,,,,,,,,,,
15482449,WTA,174040,"Abu Dhabi, UAE",2026-02-04,Round of 16,Hardcourt outdoor,291152,Sonay Kartal,111189,Renata Zarazua,2,0,2 - ?,2026-05-17,0,1,1,0,31/40 (78%),30/39 (77%),8/9 (89%),9/9 (100%),16/31 (52%),24/30 (80%),2/9 (22%),8/9 (89%),7,8,4/7 (57%),0/0 (0%),25.0,54.0,18,32,7,22,5,12,3.0,12.0,3.0,8.0,1,7,6/30 (20%),15/31 (48%),1/9 (11%),7/9 (77%),8,7,0,3,0,0,0,0,1,0,17/19 (89%),15/16 (94%),2/3 (67%),1/1 (100%),6/17 (35%),11/15 (73%),0/2 (0%),1/1 (100%),3,3,3/6 (50%),0/0 (0%),6,12,4,13,2,6,0,6,4/15 (26%),11/17 (64%),0/1 (0%),2/2 (100%),3,3,0,3,0,0,0.0,1.0,0.0,0.0,19/21 (90%),16/23 (70%),2/2 (100%),7/7 (100%),11/19 (58%),14/16 (88%),1/2 (50%),6/7 (86%),4.0,5.0,0/1 (0%),0/0 (0%),12.0,20.0,3.0,9.0,5.0,12.0,1.0,3.0,2/16 (12%),8/19 (42%),1/7 (14%),1/2 (50%),5.0,4.0,0.0,1.0,0.0,0.0,,,,,,,,,,,,,,,,,,,,,,,,,,,,,,,,,,
15441219,WTA,174040,"Abu Dhabi, UAE",2026-02-04,Round of 16,Hardcourt outdoor,327924,Alexandra Eala,45902,Aliaksandra Sasnovich,2,1,2 - 1,2026-05-17,5,0,5,3,78/115 (68%),82/115 (71%),32/37 (86%),30/33 (91%),46/78 (59%),44/82 (54%),22/37 (59%),16/33 (48%),15,15,12/17 (70%),5/11 (45%),121.0,111.0,68,60,53,51,8,4,16.0,15.0,10.0,9.0,4,4,38/82 (46%),32/78 (41%),17/33 (51%),15/37 (40%),15,15,6,5,0,1,0,0,0,3,10/20 (50%),21/29 (72%),10/10 (100%),5/8 (63%),10/10 (100%),10/21 (48%),6/10 (60%),4/8 (50%),4,4,0/0 (0%),1/3 (33%),16,14,15,4,8,3,3,1,11/21 (52%),0/10 (0%),4/8 (50%),4/10 (40%),4,4,2,0,0,0,1.0,0.0,3.0,0.0,39/53 (74%),24/34 (71%),12/15 (80%),10/10 (100%),21/39 (54%),15/24 (63%),7/14 (50%),5/10 (50%),5.0,5.0,9/11 (81%),1/2 (50%),28.0,20.0,14.0,25.0,3.0,4.0,1.0,2.0,9/24 (37%),18/39 (46%),5/10 (50%),7/14 (50%),5.0,5.0,1.0,2.0,0.0,0.0,4.0,0.0,2.0,0.0,34/46 (74%),35/50 (70%),10/12 (83%),15/15 (100%),18/34 (53%),18/35 (51%),6/12 (50%),8/15 (53%),6.0,6.0,3/6 (50%),3/6 (50%),24.0,26.0,24.0,22.0,6.0,4.0,4.0,4.0,17/35 (48%),16/34 (47%),7/15 (46%),6/12 (50%),6.0,6.0,3.0,3.0,0.0,1.0
15441230,WTA,174040,"Abu Dhabi, UAE",2026-02-04,Quarterfinals,Hardcourt outdoor,252168,Clara Tauson,233214,McCartney Kessler,2,0,2 - ?,2026-05-17,4,1,5,1,44/73 (60%),28/53 (53%),24/29 (83%),24/25 (96%),31/44 (70%),12/28 (43%),14/29 (48%),17/25 (68%),10,9,4/5 (80%),2/5 (40%),69.0,57.0,45,29,24,28,6,4,12.0,7.0,9.0,6.0,3,1,16/28 (57%),13/44 (29%),8/25 (32%),15/29 (51%),9,10,3,1,0,0,1,0,1,1,18/30 (60%),13/23 (57%),11/12 (92%),9/10 (90%),12/18 (67%),5/13 (38%),6/12 (50%),6/10 (60%),5,4,0/1 (0%),1/3 (33%),18,11,12,12,3,2,3,1,8/13 (61%),6/18 (33%),4/10 (40%),6/12 (50%),4,5,2,1,0,0,3.0,1.0,4.0,0.0,26/43 (60%),15/30 (50%),13/17 (76%),15/15 (100%),19/26 (73%),7/15 (47%),8/17 (47%),11/15 (73%),5.0,5.0,4/4 (100%),1/2 (50%),27.0,18.0,12.0,16.0,6.0,4.0,3.0,1.0,8/15 (53%),7/26 (26%),4/15 (26%),9/17 (52%),5.0,5.0,1.0,0.0,0.0,0.0,,,,,,,,,,,,,,,,,,,,,,,,,,,,,,,,,,
15441217,WTA,174040,"Abu Dhabi, UAE",2026-02-04,Quarterfinals,Hardcourt outdoor,360184,Sara Bejlek,291152,Sonay Kartal,2,0,2 - ?,2026-05-17,0,0,0,4,29/42 (69%),24/44 (55%),13/13 (100%),16/20 (80%),12/29 (41%),17/24 (71%),3/13 (23%),10/20 (50%),7,7,5/11 (45%),1/2 (50%),31.0,54.0,15,27,16,27,4,10,2.0,12.0,1.0,6.0,2,10,7/24 (29%),17/29 (58%),10/20 (50%),10/13 (76%),7,7,1,6,0,0,0,0,0,2,13/15 (87%),13/17 (76%),2/2 (100%),3/5 (60%),3/13 (23%),10/13 (77%),0/2 (0%),2/4 (50%),3,3,1/4 (25%),0/0 (0%),3,12,5,12,2,10,0,6,3/13 (23%),10/13 (76%),2/4 (50%),2/2 (100%),3,3,0,3,0,0,0.0,0.0,0.0,2.0,16/27 (59%),11/26 (42%),11/11 (100%),13/15 (87%),9/16 (56%),7/11 (64%),3/11 (27%),8/15 (53%),4.0,4.0,4/7 (57%),1/2 (50%),12.0,15.0,11.0,15.0,4.0,6.0,2.0,4.0,4/11 (36%),7/16 (43%),7/15 (46%),8/11 (72%),4.0,4.0,1.0,3.0,0.0,0.0,,,,,,,,,,,,,,,,,,,,,,,,,,,,,,,,,,
15441017,WTA,174028,"Cluj Napoca, Romania",2026-02-04,Round of 16,Hardcourt indoor,190996,Yue Yuan,60392,Sara Sorribes Tormo,2,1,2 - 1,2026-05-17,0,1,0,0,69/106 (65%),71/104 (68%),37/37 (100%),33/33 (100%),41/69 (59%),36/71 (51%),15/37 (41%),16/33 (48%),15,15,2/9 (22%),9/17 (52%),108.0,103.0,56,52,52,51,7,6,17.0,14.0,8.0,7.0,4,5,35/71 (49%),28/69 (40%),17/33 (51%),22/37 (59%),15,15,8,7,1,0,0,0,0,0,16/29 (55%),18/28 (64%),13/13 (100%),10/10 (100%),8/16 (50%),11/18 (61%),6/13 (46%),4/10 (40%),5,5,0/3 (0%),1/3 (33%),14,15,13,15,7,5,4,5,7/18 (38%),8/16 (50%),6/10 (60%),7/13 (53%),5,5,2,3,0,0,0.0,0.0,0.0,0.0,22/30 (73%),22/30 (73%),8/8 (100%),8/8 (100%),13/22 (59%),9/22 (41%),2/8 (25%),2/8 (25%),4.0,4.0,1/3 (33%),6/10 (60%),15.0,11.0,19.0,15.0,5.0,3.0,3.0,1.0,13/22 (59%),9/22 (40%),6/8 (75%),6/8 (75%),4.0,4.0,4.0,2.0,0.0,0.0,0.0,1.0,0.0,0.0,32/48 (67%),31/46 (67%),16/16 (100%),15/15 (100%),21/32 (66%),16/31 (52%),6/16 (38%),10/15 (67%),6.0,6.0,1/3 (33%),2/4 (50%),27.0,26.0,20.0,21.0,6.0,6.0,2.0,2.0,15/31 (48%),11/32 (34%),5/15 (33%),10/16 (62%),6.0,6.0,2.0,2.0,1.0,0.0
15463378,WTA,174028,"Cluj Napoca, Romania",2026-02-04,Round of 32,Hardcourt indoor,227431,Xinyu Wang,407597,Kaitlin Quevedo,2,0,2 - ?,2026-05-17,3,0,4,0,27/41 (66%),34/54 (63%),10/14 (71%),20/20 (100%),24/27 (89%),15/34 (44%),6/14 (43%),10/20 (50%),7,8,0/0 (0%),5/10 (50%),59.0,35.0,30,25,29,10,7,4,12.0,3.0,7.0,3.0,8,1,19/34 (55%),3/27 (11%),10/20 (50%),8/14 (57%),8,7,5,0,0,0,1,0,2,0,14/20 (70%),23/31 (74%),4/6 (67%),8/8 (100%),14/14 (100%),13/23 (57%),2/6 (33%),4/8 (50%),4,5,0/0 (0%),3/5 (60%),16,17,14,4,5,4,3,1,10/23 (43%),0/14 (0%),4/8 (50%),4/6 (66%),5,4,2,0,0,0,2.0,0.0,2.0,0.0,12/20 (60%),11/23 (48%),6/8 (75%),12/12 (100%),9/12 (75%),2/11 (18%),5/8 (63%),6/12 (50%),3.0,3.0,0/0 (0%),2/5 (40%),14.0,8.0,15.0,6.0,7.0,2.0,6.0,0.0,9/11 (81%),3/12 (25%),6/12 (50%),3/8 (37%),3.0,3.0,3.0,0.0,0.0,0.0,,,,,,,,,,,,,,,,,,,,,,,,,,,,,,,,,,
15454909,WTA,174028,"Cluj Napoca, Romania",2026-02-04,Round of 32,Hardcourt indoor,124804,Rebeka Masarova,103901,Elena-Gabriela Ruse,2,1,2 - 1,2026-05-17,1,6,3,5,41/74 (55%),56/91 (62%),30/33 (91%),30/35 (86%),30/41 (73%),45/56 (80%),14/33 (42%),14/35 (40%),12,13,5/9 (55%),5/6 (83%),76.0,89.0,44,59,32,30,6,6,9.0,16.0,8.0,12.0,2,5,11/56 (19%),11/41 (26%),21/35 (60%),19/33 (57%),13,12,1,4,0,0,0,2,2,1,12/21 (57%),12/23 (52%),7/9 (78%),10/11 (91%),6/12 (50%),10/12 (83%),3/9 (33%),7/11 (64%),3,4,2/4 (50%),0/0 (0%),9,17,6,12,2,6,1,5,2/12 (16%),6/12 (50%),4/11 (36%),6/9 (66%),4,3,0,2,0,0,1.0,0.0,0.0,2.0,20/28 (71%),26/39 (67%),8/8 (100%),11/13 (85%),17/20 (85%),19/26 (73%),5/8 (63%),4/13 (31%),5.0,5.0,0/0 (0%),2/3 (66%),22.0,23.0,16.0,6.0,6.0,4.0,2.0,1.0,7/26 (26%),3/20 (15%),9/13 (69%),3/8 (37%),5.0,5.0,1.0,0.0,0.0,0.0,0.0,3.0,1.0,0.0,12/25 (48%),20/29 (69%),12/13 (92%),9/9 (100%),9/12 (75%),16/20 (80%),4/13 (31%),3/9 (33%),4.0,4.0,3/5 (60%),3/3 (100%),13.0,19.0,10.0,12.0,5.0,4.0,1.0,3.0,4/20 (20%),3/12 (25%),6/9 (66%),9/13 (69%),4.0,4.0,0.0,2.0,0.0,0.0
15463376,WTA,174028,"Cluj Napoca, Romania",2026-02-04,Round of 32,Hardcourt indoor,267148,Daria Snigur,385274,Tiantsoa Rakotomanga Rajaonah,2,0,2 - ?,2026-05-17,0,1,4,0,36/54 (67%),48/51 (94%),14/18 (78%),3/3 (100%),20/36 (56%),33/48 (69%),7/18 (39%),2/3 (67%),9,9,3/7 (42%),0/1 (0%),43.0,62.0,27,35,16,27,6,12,6.0,12.0,5.0,8.0,2,5,15/48 (31%),16/36 (44%),1/3 (33%),11/18 (61%),9,9,1,4,0,0,0,0,2,0,20/32 (63%),20/21 (95%),10/12 (83%),1/1 (100%),12/20 (60%),16/20 (80%),5/12 (42%),0/1 (0%),5,4,2/4 (50%),0/0 (0%),17,16,5,15,4,5,1,2,4/20 (20%),8/20 (40%),1/1 (100%),7/12 (58%),4,5,0,2,0,0,0.0,1.0,2.0,0.0,16/22 (73%),28/30 (93%),4/6 (67%),2/2 (100%),8/16 (50%),17/28 (61%),2/6 (33%),2/2 (100%),4.0,5.0,1/3 (33%),0/1 (0%),10.0,19.0,11.0,12.0,6.0,12.0,2.0,3.0,11/28 (39%),8/16 (50%),0/2 (0%),4/6 (66%),5.0,4.0,1.0,2.0,0.0,0.0,,,,,,,,,,,,,,,,,,,,,,,,,,,,,,,,,,
15463377,WTA,174028,"Cluj Napoca, Romania",2026-02-04,Round of 32,Hardcourt indoor,72758,Jaqueline Cristian,155890,Lucrezia Stefanini,2,1,2 - 1,2026-05-17,1,2,5,3,61/85 (72%),48/73 (66%),19/24 (79%),22/25 (88%),37/61 (61%),35/48 (73%),12/24 (50%),14/25 (56%),14,14,1/5 (20%),1/4 (25%),73.0,85.0,49,49,24,36,6,8,13.0,15.0,10.0,11.0,3,3,13/48 (27%),24/61 (39%),11/25 (44%),12/24 (50%),14,14,3,4,0,0,0,1,1,1,17/26 (65%),16/21 (76%),8/9 (89%),4/5 (80%),8/17 (47%),12/16 (75%),4/9 (44%),4/5 (80%),4,4,1/3 (33%),0/0 (0%),12,16,5,14,3,6,1,3,4/16 (25%),9/17 (52%),1/5 (20%),5/9 (55%),4,4,0,2,0,0,1.0,1.0,2.0,1.0,14/22 (64%),15/22 (68%),6/8 (75%),6/7 (86%),12/14 (86%),11/15 (73%),4/8 (50%),0/7 (0%),4.0,4.0,0/0 (0%),0/2 (0%),16.0,11.0,11.0,6.0,6.0,4.0,3.0,1.0,4/15 (26%),2/14 (14%),7/7 (100%),4/8 (50%),4.0,4.0,2.0,0.0,0.0,0.0,0.0,0.0,2.0,1.0,30/37 (81%),17/30 (57%),5/7 (71%),12/13 (92%),17/30 (57%),12/17 (71%),4/7 (57%),10/13 (77%),6.0,6.0,0/2 (0%),1/2 (50%),21.0,22.0,8.0,16.0,4.0,8.0,2.0,3.0,5/17 (29%),13/30 (43%),3/13 (23%),3/7 (42%),6.0,6.0,1.0,2.0,0.0,0.0
15441010,WTA,174028,"Cluj Napoca, Romania",2026-02-04,Round of 16,Hardcourt indoor,227431,Xinyu Wang,124804,Rebeka Masarova,2,0,2 - ?,2026-05-17,4,0,4,4,33/54 (61%),37/57 (65%),17/21 (81%),16/20 (80%),28/33 (85%),20/37 (54%),10/21 (48%),9/20 (45%),9,9,0/1 (0%),4/8 (50%),66.0,45.0,38,29,28,16,12,5,12.0,6.0,8.0,5.0,3,2,17/37 (45%),5/33 (15%),11/20 (55%),11/21 (52%),9,9,4,1,0,0,2,0,4,1,19/34 (56%),18/32 (56%),11/15 (73%),13/14 (93%),16/19 (84%),9/18 (50%),6/15 (40%),8/14 (57%),5,5,0/1 (0%),1/3 (33%),22,17,15,12,12,5,3,2,9/18 (50%),3/19 (15%),6/14 (42%),9/15 (60%),5,5,2,1,0,0,2.0,0.0,0.0,3.0,14/20 (70%),19/25 (76%),6/6 (100%),3/6 (50%),12/14 (86%),11/19 (58%),4/6 (67%),1/6 (17%),4.0,4.0,0/0 (0%),3/5 (60%),16.0,12.0,13.0,4.0,5.0,4.0,3.0,1.0,8/19 (42%),2/14 (14%),5/6 (83%),2/6 (33%),4.0,4.0,2.0,0.0,0.0,0.0,,,,,,,,,,,,,,,,,,,,,,,,,,,,,,,,,,
15441020,WTA,174028,"Cluj Napoca, Romania",2026-02-04,Round of 16,Hardcourt indoor,210831,Anastasia Potapova,255391,Anastasia Zakharova,2,1,2 - 1,2026-05-17,3,1,5,0,52/98 (53%),38/68 (56%),41/46 (89%),30/30 (100%),37/52 (71%),23/38 (61%),17/46 (37%),20/30 (67%),13,13,7/11 (63%),2/6 (33%),79.0,87.0,54,43,25,44,6,7,13.0,13.0,9.0,9.0,5,4,15/38 (39%),15/52 (28%),10/30 (33%),29/46 (63%),13,13,4,4,0,0,2,0,2,0,18/32 (56%),7/15 (47%),12/14 (86%),8/8 (100%),10/18 (56%),6/7 (86%),4/14 (29%),6/8 (75%),4,3,2/5 (40%),0/0 (0%),14,12,3,18,3,7,1,4,1/7 (14%),8/18 (44%),2/8 (25%),10/14 (71%),3,4,0,3,0,0,1.0,1.0,3.0,0.0,24/43 (56%),16/24 (67%),16/19 (84%),8/8 (100%),20/24 (83%),11/16 (69%),7/19 (37%),6/8 (75%),5.0,5.0,5/5 (100%),0/1 (0%),27.0,17.0,7.0,16.0,4.0,5.0,3.0,1.0,5/16 (31%),4/24 (16%),2/8 (25%),12/19 (63%),5.0,5.0,1.0,0.0,0.0,0.0,1.0,0.0,2.0,1.0,10/23 (43%),15/29 (52%),11/13 (85%),13/14 (93%),7/10 (70%),6/15 (40%),6/13 (46%),8/14 (57%),4.0,5.0,0/1 (0%),2/5 (40%),13.0,14.0,15.0,10.0,5.0,6.0,4.0,3.0,9/15 (60%),3/10 (30%),6/14 (42%),7/13 (53%),5.0,4.0,3.0,1.0,0.0,0.0
15441009,WTA,174028,"Cluj Napoca, Romania",2026-02-04,Round of 16,Hardcourt indoor,211014,Maja Chwalinska,199790,Olga Danilović,2,1,2 - 1,2026-05-17,2,3,2,3,52/72 (72%),54/67 (81%),18/20 (90%),10/13 (77%),30/52 (58%),28/54 (52%),10/20 (50%),5/13 (38%),11,11,5/9 (55%),4/10 (40%),74.0,65.0,40,33,34,32,7,9,13.0,9.0,7.0,5.0,5,4,26/54 (48%),22/52 (42%),8/13 (61%),10/20 (50%),11,11,6,4,0,0,2,1,0,3,15/21 (71%),8/15 (53%),6/6 (100%),5/8 (63%),11/15 (73%),4/8 (50%),5/6 (83%),2/7 (29%),4,3,0/0 (0%),2/4 (50%),16,6,9,5,7,5,5,1,4/8 (50%),4/15 (26%),5/7 (71%),1/6 (16%),3,4,2,0,0,0,0.0,2.0,1.0,0.0,13/17 (76%),23/26 (88%),3/4 (75%),3/3 (100%),5/13 (38%),14/23 (61%),0/4 (0%),2/3 (67%),3.0,4.0,1/4 (25%),2/3 (66%),5.0,16.0,10.0,12.0,4.0,8.0,1.0,4.0,9/23 (39%),8/13 (61%),1/3 (33%),4/4 (100%),4.0,3.0,1.0,3.0,0.0,0.0,0.0,0.0,1.0,1.0,24/34 (71%),23/26 (88%),9/10 (90%),2/3 (67%),14/24 (58%),10/23 (43%),5/10 (50%),1/3 (33%),4.0,4.0,4/5 (80%),0/3 (0%),19.0,11.0,15.0,15.0,5.0,3.0,4.0,2.0,13/23 (56%),10/24 (41%),2/3 (66%),5/10 (50%),4.0,4.0,3.0,1.0,0.0,0.0
15441012,WTA,174028,"Cluj Napoca, Romania",2026-02-04,Round of 16,Hardcourt indoor,267148,Daria Snigur,72758,Jaqueline Cristian,2,0,2 - ?,2026-05-17,1,1,1,6,31/37 (84%),20/42 (48%),5/6 (83%),16/22 (73%),20/31 (65%),7/20 (35%),4/6 (67%),5/22 (23%),6,7,2/3 (66%),4/11 (36%),54.0,25.0,24,12,30,13,9,2,12.0,1.0,5.0,0.0,11,1,13/20 (65%),11/31 (35%),17/22 (77%),2/6 (33%),7,6,7,1,0,0,1,1,0,3,12/17 (71%),15/27 (56%),5/5 (100%),9/12 (75%),6/12 (50%),6/15 (40%),4/5 (80%),3/12 (25%),3,4,0/1 (0%),3/7 (42%),10,9,18,7,7,2,5,1,9/15 (60%),6/12 (50%),9/12 (75%),1/5 (20%),4,3,4,1,0,0,0.0,0.0,1.0,3.0,19/20 (95%),5/15 (33%),0/1 (0%),7/10 (70%),14/19 (74%),1/5 (20%),0/1 (0%),2/10 (20%),3.0,3.0,2/2 (100%),1/4 (25%),14.0,3.0,12.0,6.0,9.0,2.0,6.0,0.0,4/5 (80%),5/19 (26%),8/10 (80%),1/1 (100%),3.0,3.0,3.0,0.0,0.0,0.0,,,,,,,,,,,,,,,,,,,,,,,,,,,,,,,,,,
15441019,WTA,174028,"Cluj Napoca, Romania",2026-02-04,Round of 16,Hardcourt indoor,19728,Sorana Cirstea,110299,Tamara Zidanšek,2,0,2 - ?,2026-05-17,0,1,0,1,23/34 (68%),20/37 (54%),11/11 (100%),16/17 (94%),7/23 (30%),16/20 (80%),4/11 (36%),12/17 (71%),6,7,1/6 (16%),0/0 (0%),20.0,51.0,11,28,9,23,2,8,1.0,12.0,1.0,7.0,1,11,4/20 (20%),16/23 (69%),5/17 (29%),7/11 (63%),7,6,0,5,0,0,0,0,0,0,10/15 (67%),14/19 (74%),5/5 (100%),5/5 (100%),3/10 (30%),11/14 (79%),2/5 (40%),5/5 (100%),3,4,0/2 (0%),0/0 (0%),5,16,3,10,2,8,1,5,3/14 (21%),7/10 (70%),0/5 (0%),3/5 (60%),4,3,0,2,0,0,0.0,1.0,0.0,1.0,13/19 (68%),6/18 (33%),6/6 (100%),11/12 (92%),4/13 (31%),5/6 (83%),2/6 (33%),7/12 (58%),3.0,3.0,1/4 (25%),0/0 (0%),6.0,12.0,6.0,13.0,2.0,6.0,0.0,6.0,1/6 (16%),9/13 (69%),5/12 (41%),4/6 (66%),3.0,3.0,0.0,3.0,0.0,0.0,,,,,,,,,,,,,,,,,,,,,,,,,,,,,,,,,,
15441014,WTA,174028,"Cluj Napoca, Romania",2026-02-04,Round of 16,Hardcourt indoor,258756,Emma Raducanu,196856,Kaja Juvan,2,0,2 - ?,2026-05-17,2,1,2,3,46/73 (63%),31/52 (60%),25/27 (93%),18/21 (86%),23/46 (50%),12/31 (39%),16/27 (59%),7/21 (33%),10,9,6/10 (60%),6/13 (46%),72.0,53.0,39,19,33,34,14,6,13.0,6.0,6.0,2.0,11,5,19/31 (61%),23/46 (50%),14/21 (66%),11/27 (40%),9,10,7,4,0,0,1,1,2,2,31/47 (66%),21/37 (57%),14/16 (88%),14/16 (88%),15/31 (48%),10/21 (48%),8/16 (50%),6/16 (38%),6,6,4/7 (57%),5/9 (55%),23,16,21,24,5,6,7,5,11/21 (52%),16/31 (51%),10/16 (62%),8/16 (50%),6,6,4,3,0,0,1.0,0.0,0.0,1.0,15/26 (58%),10/15 (67%),11/11 (100%),4/5 (80%),8/15 (53%),2/10 (20%),8/11 (73%),1/5 (20%),4.0,3.0,2/3 (66%),1/4 (25%),16.0,3.0,12.0,10.0,14.0,3.0,4.0,1.0,8/10 (80%),7/15 (46%),4/5 (80%),3/11 (27%),3.0,4.0,3.0,1.0,0.0,0.0,,,,,,,,,,,,,,,,,,,,,,,,,,,,,,,,,,
15459179,WTA,174035,"Ostrava, Czech Republic",2026-02-04,Round of 32,Hardcourt indoor,62924,Katie Boulter,336215,Lucie Havlickova,2,1,2 - 1,2026-05-17,6,4,4,2,43/80 (54%),38/67 (57%),33/37 (89%),27/29 (93%),28/43 (65%),33/38 (87%),19/37 (51%),16/29 (55%),13,13,6/10 (60%),5/7 (71%),65.0,82.0,47,49,18,33,7,7,11.0,15.0,9.0,11.0,3,3,5/38 (13%),15/43 (34%),13/29 (44%),18/37 (48%),13,13,2,4,0,0,3,1,3,1,13/30 (43%),17/26 (65%),14/17 (82%),8/9 (89%),10/13 (77%),16/17 (94%),9/17 (53%),5/9 (56%),5,5,2/3 (66%),3/3 (100%),19,21,5,11,7,7,1,3,1/17 (5%),3/13 (23%),4/9 (44%),8/17 (47%),5,5,0,1,0,0,1.0,1.0,0.0,1.0,15/28 (54%),9/23 (39%),13/13 (100%),13/14 (93%),10/15 (67%),6/9 (67%),8/13 (62%),6/14 (43%),5.0,4.0,2/3 (66%),2/4 (50%),18.0,12.0,11.0,10.0,5.0,5.0,3.0,3.0,3/9 (33%),5/15 (33%),8/14 (57%),5/13 (38%),4.0,5.0,2.0,1.0,0.0,0.0,2.0,2.0,1.0,0.0,15/22 (68%),12/18 (67%),6/7 (86%),6/6 (100%),8/15 (53%),11/12 (92%),2/7 (29%),5/6 (83%),3.0,4.0,2/4 (50%),0/0 (0%),10.0,16.0,2.0,12.0,3.0,6.0,1.0,3.0,1/12 (8%),7/15 (46%),1/6 (16%),5/7 (71%),4.0,3.0,0.0,2.0,0.0,0.0
15459178,WTA,174035,"Ostrava, Czech Republic",2026-02-04,Round of 32,Hardcourt indoor,48455,Viktorija Golubic,246159,Sinja Kraus,2,0,2 - ?,2026-05-17,0,2,3,0,34/68 (50%),36/56 (64%),31/34 (91%),20/20 (100%),18/34 (53%),23/36 (64%),12/34 (35%),12/20 (60%),8,8,10/16 (62%),4/6 (66%),51.0,73.0,30,35,21,38,5,6,4.0,12.0,2.0,6.0,2,7,13/36 (36%),16/34 (47%),8/20 (40%),22/34 (64%),8,8,2,6,0,0,0,1,1,0,20/42 (48%),25/41 (61%),21/22 (95%),16/16 (100%),11/20 (55%),15/25 (60%),9/22 (41%),8/16 (50%),5,5,5/8 (62%),4/6 (66%),20,23,18,22,5,6,2,4,10/25 (40%),9/20 (45%),8/16 (50%),13/22 (59%),5,5,2,3,0,0,0.0,1.0,2.0,0.0,14/26 (54%),11/15 (73%),10/12 (83%),4/4 (100%),7/14 (50%),8/11 (73%),3/12 (25%),4/4 (100%),3.0,3.0,5/8 (62%),0/0 (0%),10.0,12.0,3.0,16.0,3.0,6.0,0.0,6.0,3/11 (27%),7/14 (50%),0/4 (0%),9/12 (75%),3.0,3.0,0.0,3.0,0.0,0.0,,,,,,,,,,,,,,,,,,,,,,,,,,,,,,,,,,
15441047,WTA,174035,"Ostrava, Czech Republic",2026-02-04,Round of 16,Hardcourt indoor,256104,Katie Volynets,19520,Tatjana Maria,2,0,2 - ?,2026-05-17,3,2,3,0,36/64 (56%),45/55 (82%),25/28 (89%),10/10 (100%),22/36 (61%),29/45 (64%),10/28 (36%),8/10 (80%),10,9,5/10 (50%),3/4 (75%),50.0,69.0,32,37,18,32,4,5,6.0,13.0,5.0,8.0,2,6,16/45 (35%),14/36 (38%),2/10 (20%),18/28 (64%),9,10,1,5,0,0,1,2,3,0,21/40 (53%),26/32 (81%),16/19 (84%),6/6 (100%),15/21 (71%),17/26 (65%),8/19 (42%),5/6 (83%),6,6,4/6 (66%),0/1 (0%),23,22,10,17,4,5,2,3,9/26 (34%),6/21 (28%),1/6 (16%),11/19 (57%),6,6,1,2,0,0,2.0,0.0,0.0,0.0,15/24 (63%),19/23 (83%),9/9 (100%),4/4 (100%),7/15 (47%),12/19 (63%),2/9 (22%),3/4 (75%),4.0,3.0,1/4 (25%),3/3 (100%),9.0,15.0,8.0,15.0,3.0,5.0,1.0,6.0,7/19 (36%),8/15 (53%),1/4 (25%),7/9 (77%),3.0,4.0,0.0,3.0,0.0,0.0,,,,,,,,,,,,,,,,,,,,,,,,,,,,,,,,,,
15441060,WTA,174035,"Ostrava, Czech Republic",2026-02-04,Round of 16,Hardcourt indoor,220592,Catherine McNally,48318,Tereza Martincova,2,0,2 - ?,2026-05-17,2,1,1,4,47/61 (77%),55/69 (80%),13/14 (93%),10/14 (71%),28/47 (60%),27/55 (49%),8/14 (57%),6/14 (43%),10,10,1/4 (25%),6/11 (54%),72.0,58.0,36,33,36,25,12,4,12.0,8.0,7.0,5.0,3,2,28/55 (50%),19/47 (40%),8/14 (57%),6/14 (42%),10,10,5,3,0,0,0,0,0,3,25/29 (86%),30/41 (73%),4/4 (100%),8/11 (73%),13/25 (52%),14/30 (47%),3/4 (75%),4/11 (36%),5,5,1/3 (33%),4/7 (57%),16,18,23,13,6,3,2,1,16/30 (53%),12/25 (48%),7/11 (63%),1/4 (25%),5,5,3,2,0,0,2.0,1.0,1.0,1.0,22/32 (69%),25/28 (89%),9/10 (90%),2/3 (67%),15/22 (68%),13/25 (52%),5/10 (50%),2/3 (67%),5.0,5.0,0/1 (0%),2/4 (50%),20.0,15.0,13.0,12.0,12.0,4.0,3.0,2.0,12/25 (48%),7/22 (31%),1/3 (33%),5/10 (50%),5.0,5.0,2.0,1.0,0.0,0.0,,,,,,,,,,,,,,,,,,,,,,,,,,,,,,,,,,
15441058,WTA,174035,"Ostrava, Czech Republic",2026-02-04,Round of 16,Hardcourt indoor,221410,Alycia Parks,262594,Elina Avanesyan,2,0,2 - ?,2026-05-17,9,0,3,6,29/51 (57%),16/41 (39%),19/22 (86%),19/25 (76%),36/29 (100%),28/16 (100%),8/22 (36%),12/25 (48%),9,15,1/2 (50%),4/8 (50%),82.0,76.0,44,40,38,36,7,4,12.0,6.0,8.0,13.0,3,2,-12/16 (-75%),-7/29 (-24%),13/25 (52%),14/22 (63%),15,9,4,1,0,0,3,0,1,2,20/32 (63%),15/31 (48%),11/12 (92%),14/16 (88%),15/20 (75%),8/15 (53%),5/12 (42%),9/16 (56%),5,5,0/1 (0%),3/5 (60%),20,17,14,12,7,4,3,2,7/15 (46%),5/20 (25%),7/16 (43%),7/12 (58%),5,5,2,1,0,0,6.0,0.0,2.0,4.0,18/26 (69%),15/22 (68%),6/8 (75%),5/9 (56%),14/18 (78%),9/15 (60%),3/8 (38%),2/7 (29%),4.0,4.0,1/1 (100%),1/3 (33%),17.0,11.0,11.0,9.0,4.0,4.0,3.0,1.0,6/15 (40%),4/18 (22%),5/7 (71%),5/8 (62%),4.0,4.0,2.0,0.0,0.0,0.0,,,,,,,,,,,,,,,,,,,,,,,,,,,,,,,,,,
15441059,WTA,174035,"Ostrava, Czech Republic",2026-02-04,Round of 16,Hardcourt indoor,69988,Tamara Korpatsch,198197,Emiliana Arango,2,0,2 - ?,2026-05-17,3,0,2,0,58/60 (97%),66/66 (100%),0/2 (0%),0/0 (0%),37/58 (64%),36/66 (55%),0/2 (0%),0/0 (0%),10,9,2/4 (50%),5/9 (55%),67.0,57.0,37,36,30,21,5,5,12.0,7.0,8.0,5.0,5,3,30/66 (45%),21/58 (36%),0/0 (0%),2/2 (100%),9,10,4,2,0,0,2,0,1,0,26/26 (100%),33/33 (100%),0/1 (0%),0/0 (0%),18/26 (69%),18/33 (55%),0/0 (0%),0/0 (0%),5,4,1/2 (50%),3/5 (60%),18,18,15,8,4,5,3,3,15/33 (45%),8/26 (30%),,,4,5,2,1,0,0,1.0,0.0,1.0,0.0,32/32 (100%),33/33 (100%),0/1 (0%),0/0 (0%),19/32 (59%),18/33 (55%),0/0 (0%),0/0 (0%),5.0,5.0,1/2 (50%),2/4 (50%),19.0,18.0,15.0,13.0,4.0,4.0,3.0,3.0,15/33 (45%),13/32 (40%),,,5.0,5.0,2.0,1.0,0.0,0.0,,,,,,,,,,,,,,,,,,,,,,,,,,,,,,,,,,
15441056,WTA,174035,"Ostrava, Czech Republic",2026-02-04,Round of 16,Hardcourt indoor,62924,Katie Boulter,48455,Viktorija Golubic,2,0,2 - ?,2026-05-17,0,1,4,4,48/52 (92%),53/57 (93%),0/4 (0%),0/4 (0%),30/48 (63%),22/53 (42%),0/4 (0%),0/4 (0%),8,8,4/6 (66%),8/14 (57%),61.0,40.0,30,22,31,18,10,7,12.0,4.0,6.0,2.0,6,2,31/53 (58%),18/48 (37%),4/4 (100%),4/4 (100%),8,8,6,2,0,0,0,0,2,3,26/26 (100%),24/24 (100%),0/2 (0%),0/3 (0%),16/26 (62%),9/24 (38%),0/0 (0%),0/0 (0%),4,4,0/1 (0%),3/6 (50%),16,9,15,10,6,3,5,2,15/24 (62%),10/26 (38%),,,4,4,3,1,0,0,0.0,1.0,2.0,1.0,22/22 (100%),29/29 (100%),0/2 (0%),0/1 (0%),14/22 (64%),13/29 (45%),0/0 (0%),0/0 (0%),4.0,4.0,4/5 (80%),5/8 (62%),14.0,13.0,16.0,8.0,8.0,7.0,4.0,1.0,16/29 (55%),8/22 (36%),,,4.0,4.0,3.0,1.0,0.0,0.0,,,,,,,,,,,,,,,,,,,,,,,,,,,,,,,,,,
15441057,WTA,174035,"Ostrava, Czech Republic",2026-02-04,Round of 16,Hardcourt indoor,306421,Linda Fruhvirtova,71034,Rebecca Šramková,2,0,2 - ?,2026-05-17,2,3,4,3,48/52 (92%),51/55 (93%),0/4 (0%),1/4 (25%),19/48 (40%),33/51 (65%),0/4 (0%),1/4 (25%),8,8,4/9 (44%),1/2 (50%),37.0,63.0,19,34,18,29,4,10,4.0,12.0,3.0,7.0,1,5,18/51 (35%),29/48 (60%),3/4 (75%),4/4 (100%),8,8,1,5,0,0,1,1,2,2,27/27 (100%),34/35 (97%),0/2 (0%),1/3 (33%),13/27 (48%),20/34 (59%),0/0 (0%),1/1 (100%),4,5,4/6 (66%),1/2 (50%),13,21,14,14,4,6,1,3,14/34 (41%),14/27 (51%),0/1 (0%),0/0 (0%),5,4,1,2,0,0,1.0,2.0,2.0,1.0,21/21 (100%),17/17 (100%),0/2 (0%),0/1 (0%),6/21 (29%),13/17 (76%),0/0 (0%),0/0 (0%),4.0,3.0,0/3 (0%),0/0 (0%),6.0,13.0,4.0,15.0,3.0,10.0,1.0,4.0,4/17 (23%),15/21 (71%),,,3.0,4.0,0.0,3.0,0.0,0.0,,,,,,,,,,,,,,,,,,,,,,,,,,,,,,,,,,
15441050,WTA,174035,"Ostrava, Czech Republic",2026-02-04,Round of 16,Hardcourt indoor,348987,Nikola Bartunkova,65656,Fiona Ferro,2,1,2 - 1,2026-05-17,0,8,2,5,80/82 (98%),95/100 (95%),0/2 (0%),0/5 (0%),41/80 (51%),55/95 (58%),0/2 (0%),0/5 (0%),13,13,2/8 (25%),7/11 (63%),81.0,94.0,41,55,40,39,7,8,11.0,15.0,7.0,9.0,5,6,40/95 (42%),39/80 (48%),5/5 (100%),2/2 (100%),13,13,4,6,0,0,1,6,1,2,33/33 (100%),35/35 (100%),0/1 (0%),0/2 (0%),18/33 (55%),22/35 (63%),0/0 (0%),0/0 (0%),5,5,0/2 (0%),2/3 (66%),18,22,13,15,4,5,2,3,13/35 (37%),15/33 (45%),,,5,5,1,2,0,0,0.0,2.0,0.0,0.0,30/30 (100%),28/28 (100%),0/0 (0%),0/0 (0%),18/30 (60%),14/28 (50%),0/0 (0%),0/0 (0%),5.0,4.0,1/2 (50%),1/3 (33%),18.0,14.0,14.0,12.0,7.0,4.0,5.0,2.0,14/28 (50%),12/30 (40%),,,4.0,5.0,2.0,1.0,0.0,0.0,0.0,0.0,1.0,3.0,17/17 (100%),32/32 (100%),0/1 (0%),0/3 (0%),5/17 (29%),19/32 (59%),0/0 (0%),0/0 (0%),3.0,4.0,1/4 (25%),4/5 (80%),5.0,19.0,13.0,12.0,3.0,5.0,1.0,6.0,13/32 (40%),12/17 (70%),,,4.0,3.0,1.0,3.0,0.0,0.0
15441055,WTA,174035,"Ostrava, Czech Republic",2026-02-04,Round of 16,Hardcourt indoor,247791,Diane Parry,218347,Panna Udvardy,2,0,2 - ?,2026-05-17,0,1,4,2,62/66 (94%),44/46 (96%),0/4 (0%),0/2 (0%),29/62 (47%),31/44 (70%),0/4 (0%),0/2 (0%),8,7,7/12 (58%),1/1 (100%),42.0,64.0,29,31,13,33,4,9,3.0,12.0,3.0,7.0,1,5,13/44 (29%),33/62 (53%),2/2 (100%),4/4 (100%),7,8,0,5,0,0,0,1,1,0,26/26 (100%),16/16 (100%),0/1 (0%),0/0 (0%),11/26 (42%),12/16 (75%),0/0 (0%),0/0 (0%),4,3,4/7 (57%),0/0 (0%),11,12,4,15,4,7,1,4,4/16 (25%),15/26 (57%),,,3,4,0,3,0,0,0.0,0.0,3.0,2.0,36/36 (100%),28/28 (100%),0/3 (0%),0/2 (0%),18/36 (50%),19/28 (68%),0/0 (0%),0/0 (0%),4.0,4.0,3/5 (60%),1/1 (100%),18.0,19.0,9.0,18.0,4.0,4.0,1.0,3.0,9/28 (32%),18/36 (50%),,,4.0,4.0,0.0,2.0,0.0,0.0,,,,,,,,,,,,,,,,,,,,,,,,,,,,,,,,,,
15470915,CHALLENGER,174014,"Rosario, Argentina",2026-02-04,Round of 32,Red clay,207034,Chun-Hsin Tseng,54975,Hernan Casanova,1,0,1 - ?,2026-05-17,3,0,0,0,17/25 (68%),21/24 (88%),8/8 (100%),3/3 (100%),13/17 (76%),7/21 (33%),5/8 (63%),0/3 (0%),4,5,1/1 (100%),2/6 (33%),35.0,15.0,18,7,17,8,10,3,8.0,1.0,4.0,1.0,7,1,14/21 (66%),4/17 (23%),3/3 (100%),3/8 (37%),5,4,4,0,0,0,2,0,0,0,14/21 (67%),16/19 (84%),7/7 (100%),3/3 (100%),10/14 (71%),6/16 (38%),4/7 (57%),0/3 (0%),3,4,1/1 (100%),2/5 (40%),14,6,13,7,10,3,6,1,10/16 (62%),4/14 (28%),3/3 (100%),3/7 (42%),4,3,3,0,0,0,1.0,0.0,0.0,0.0,4/5 (80%),5/5 (100%),1/1 (100%),0/0 (0%),3/4 (75%),1/5 (20%),1/1 (100%),0/0 (0%),1.0,1.0,0/0 (0%),0/1 (0%),4.0,1.0,4.0,1.0,4.0,1.0,2.0,0.0,4/5 (80%),1/4 (25%),0/0 (0%),0/1 (0%),1.0,1.0,1.0,0.0,0.0,0.0,,,,,,,,,,,,,,,,,,,,,,,,,,,,,,,,,,
15470912,CHALLENGER,174014,"Rosario, Argentina",2026-02-04,Round of 32,Red clay,93597,Andrea Pellegrino,396006,Juan Estevez,2,1,2 - 1,2026-05-17,2,8,3,7,57/94 (61%),33/75 (44%),34/37 (92%),35/42 (83%),39/57 (68%),27/33 (82%),17/37 (46%),22/42 (52%),14,14,5/8 (62%),3/6 (50%),82.0,87.0,56,49,26,38,5,7,14.0,14.0,11.0,9.0,5,4,6/33 (18%),18/57 (31%),20/42 (47%),20/37 (54%),14,14,3,3,0,0,0,4,0,4,13/29 (45%),14/29 (48%),16/16 (100%),11/15 (73%),9/13 (69%),11/14 (79%),7/16 (44%),8/15 (53%),5,5,0/2 (0%),2/3 (66%),16,19,10,13,3,4,2,4,3/14 (21%),4/13 (30%),7/15 (46%),9/16 (56%),5,5,1,2,0,0,1.0,1.0,0.0,2.0,22/33 (67%),8/21 (38%),11/11 (100%),11/13 (85%),15/22 (68%),5/8 (63%),6/11 (55%),6/13 (46%),4.0,4.0,4/4 (100%),1/3 (33%),21.0,11.0,10.0,12.0,5.0,5.0,5.0,1.0,3/8 (37%),7/22 (31%),7/13 (53%),5/11 (45%),4.0,4.0,2.0,0.0,0.0,0.0,1.0,3.0,3.0,1.0,20/32 (63%),10/26 (38%),9/12 (75%),15/16 (94%),14/20 (70%),10/10 (100%),5/12 (42%),10/16 (63%),5.0,5.0,1/2 (50%),0/0 (0%),19.0,20.0,6.0,13.0,4.0,7.0,1.0,2.0,0/10 (0%),6/20 (30%),6/16 (37%),7/12 (58%),5.0,5.0,0.0,1.0,0.0,0.0
15476364,CHALLENGER,174014,"Rosario, Argentina",2026-02-04,Round of 32,Red clay,297139,Valerio Aboian,161262,Thiago Seyboth Wild,2,1,2 - 1,2026-05-17,7,8,3,2,72/105 (69%),39/81 (48%),30/33 (91%),40/42 (95%),49/72 (68%),30/39 (77%),16/33 (48%),24/42 (57%),14,14,1/3 (33%),4/6 (66%),92.0,94.0,65,54,27,40,7,6,14.0,14.0,12.0,12.0,3,3,9/39 (23%),23/72 (31%),18/42 (42%),17/33 (51%),14,14,2,2,0,0,3,1,2,0,19/32 (59%),13/29 (45%),11/13 (85%),16/16 (100%),13/19 (68%),11/13 (85%),6/13 (46%),10/16 (63%),5,5,0/1 (0%),0/0 (0%),19,21,8,13,3,5,1,3,2/13 (15%),6/19 (31%),6/16 (37%),7/13 (53%),5,5,0,1,0,0,1.0,1.0,0.0,1.0,21/27 (78%),8/21 (38%),6/6 (100%),12/13 (92%),16/21 (76%),7/8 (88%),3/6 (50%),4/13 (31%),4.0,4.0,0/0 (0%),1/3 (33%),19.0,11.0,10.0,8.0,7.0,4.0,3.0,1.0,1/8 (12%),5/21 (23%),9/13 (69%),3/6 (50%),4.0,4.0,2.0,0.0,0.0,0.0,3.0,6.0,1.0,1.0,30/46 (65%),17/31 (55%),15/16 (94%),13/14 (93%),19/30 (63%),12/17 (71%),8/16 (50%),10/14 (71%),5.0,5.0,1/2 (50%),3/3 (100%),27.0,22.0,9.0,19.0,5.0,6.0,1.0,3.0,5/17 (29%),11/30 (36%),4/14 (28%),8/16 (50%),5.0,5.0,0.0,1.0,0.0,0.0
15460706,CHALLENGER,174014,"Rosario, Argentina",2026-02-04,Round of 32,Red clay,284096,Pedro Boscardin Dias,44549,Marco Cecchinato,2,1,2 - 1,2026-05-17,8,3,2,0,68/106 (64%),71/95 (75%),36/38 (95%),24/24 (100%),48/68 (71%),53/71 (75%),23/38 (61%),13/24 (54%),17,16,4/5 (80%),3/6 (50%),100.0,101.0,71,66,29,35,6,6,19.0,15.0,15.0,13.0,3,3,18/71 (25%),20/68 (29%),11/24 (45%),15/38 (39%),16,17,3,1,0,1,4,1,1,0,28/40 (70%),30/43 (70%),11/12 (92%),13/13 (100%),19/28 (68%),23/30 (77%),5/12 (42%),6/13 (46%),6,6,3/4 (75%),1/2 (50%),24,29,14,16,6,6,3,3,7/30 (23%),9/28 (32%),7/13 (53%),7/12 (58%),6,6,1,1,0,1,0.0,2.0,0.0,0.0,13/26 (50%),18/23 (78%),13/13 (100%),5/5 (100%),11/13 (85%),13/18 (72%),9/13 (69%),3/5 (60%),5.0,4.0,0/0 (0%),2/3 (66%),20.0,16.0,7.0,6.0,5.0,4.0,3.0,1.0,5/18 (27%),2/13 (15%),2/5 (40%),4/13 (30%),4.0,5.0,1.0,0.0,0.0,0.0,4.0,0.0,1.0,0.0,25/40 (63%),23/29 (79%),14/15 (93%),6/6 (100%),18/25 (72%),17/23 (74%),9/15 (60%),4/6 (67%),6.0,6.0,1/1 (100%),0/1 (0%),27.0,21.0,8.0,13.0,6.0,5.0,3.0,1.0,6/23 (26%),7/25 (28%),2/6 (33%),6/15 (40%),6.0,6.0,1.0,0.0,0.0,0.0
15470916,CHALLENGER,174014,"Rosario, Argentina",2026-02-04,Round of 32,Red clay,333081,Luciano Emanuel Ambrogi,185434,Santiago Rodriguez Taverna,2,0,2 - ?,2026-05-17,2,0,1,2,47/70 (67%),54/73 (74%),22/23 (96%),17/19 (89%),31/47 (66%),36/54 (67%),12/23 (52%),10/19 (53%),11,11,2/5 (40%),5/7 (71%),70.0,73.0,43,46,27,27,7,9,10.0,13.0,8.0,9.0,3,3,18/54 (33%),16/47 (34%),9/19 (47%),11/23 (47%),11,11,2,3,0,1,1,0,0,1,20/26 (77%),24/33 (73%),6/6 (100%),8/9 (89%),15/20 (75%),17/24 (71%),3/6 (50%),5/9 (56%),5,5,0/1 (0%),1/1 (100%),18,22,11,8,6,5,1,3,7/24 (29%),5/20 (25%),4/9 (44%),3/6 (50%),5,5,0,1,0,0,1.0,0.0,1.0,1.0,27/44 (61%),29/40 (73%),16/17 (94%),10/11 (91%),16/27 (59%),18/29 (62%),9/17 (53%),6/11 (55%),6.0,6.0,2/4 (50%),4/6 (66%),25.0,24.0,16.0,19.0,7.0,9.0,3.0,2.0,11/29 (37%),11/27 (40%),5/11 (45%),8/17 (47%),6.0,6.0,2.0,2.0,0.0,1.0,,,,,,,,,,,,,,,,,,,,,,,,,,,,,,,,,,
15460707,CHALLENGER,174014,"Rosario, Argentina",2026-02-04,Round of 32,Red clay,248861,Juan Manuel Cerundolo,85877,Gonzalo Villanueva,2,0,2 - ?,2026-05-17,2,1,1,1,29/38 (76%),23/40 (57%),8/9 (89%),16/17 (94%),23/29 (79%),10/23 (43%),6/9 (67%),5/17 (29%),7,6,1/1 (100%),3/8 (37%),54.0,23.0,29,15,25,8,7,3,12.0,1.0,7.0,1.0,7,1,13/23 (56%),6/29 (20%),12/17 (70%),3/9 (33%),6,7,5,0,0,0,1,0,1,0,17/23 (74%),12/19 (63%),5/6 (83%),7/7 (100%),14/17 (82%),6/12 (50%),3/6 (50%),2/7 (29%),4,3,1/1 (100%),1/3 (33%),17,8,11,6,6,3,5,1,6/12 (50%),3/17 (17%),5/7 (71%),3/6 (50%),3,4,2,0,0,0,1.0,1.0,0.0,1.0,11/14 (79%),11/21 (52%),3/3 (100%),9/10 (90%),9/11 (82%),5/11 (45%),3/3 (100%),2/10 (20%),3.0,3.0,0/0 (0%),2/5 (40%),12.0,7.0,14.0,2.0,7.0,2.0,6.0,0.0,6/11 (54%),2/11 (18%),8/10 (80%),0/3 (0%),3.0,3.0,3.0,0.0,0.0,0.0,,,,,,,,,,,,,,,,,,,,,,,,,,,,,,,,,,
15460710,CHALLENGER,174014,"Rosario, Argentina",2026-02-04,Round of 32,Red clay,169486,Genaro Alberto Olivieri,158748,Felipe Meligeni Alves,2,0,2 - ?,2026-05-17,0,3,1,2,31/42 (74%),34/45 (76%),10/11 (91%),9/11 (82%),16/31 (52%),21/34 (62%),3/11 (27%),9/11 (82%),8,8,2/7 (28%),0/1 (0%),34.0,53.0,19,30,15,23,7,7,4.0,12.0,2.0,6.0,2,5,13/34 (38%),15/31 (48%),2/11 (18%),8/11 (72%),8,8,1,5,0,0,0,1,1,1,23/29 (79%),17/21 (81%),5/6 (83%),3/4 (75%),12/23 (52%),10/17 (59%),2/6 (33%),3/4 (75%),5,4,1/4 (25%),0/1 (0%),14,13,8,15,7,5,2,4,7/17 (41%),11/23 (47%),1/4 (25%),4/6 (66%),4,5,1,3,0,0,0.0,2.0,0.0,1.0,8/13 (62%),17/24 (71%),5/5 (100%),6/7 (86%),4/8 (50%),11/17 (65%),1/5 (20%),6/7 (86%),3.0,4.0,1/3 (33%),0/0 (0%),5.0,17.0,7.0,8.0,4.0,7.0,1.0,5.0,6/17 (35%),4/8 (50%),1/7 (14%),4/5 (80%),4.0,3.0,0.0,2.0,0.0,0.0,,,,,,,,,,,,,,,,,,,,,,,,,,,,,,,,,,
15470913,CHALLENGER,174014,"Rosario, Argentina",2026-02-04,Round of 32,Red clay,196122,Camilo Ugo Carabelli,255418,Guido Ivan Justo,2,0,2 - ?,2026-05-17,2,0,3,1,15/34 (44%),29/39 (74%),16/19 (84%),9/10 (90%),14/15 (93%),11/29 (38%),11/19 (58%),1/10 (10%),7,6,0/1 (0%),2/8 (25%),52.0,21.0,25,12,27,9,14,4,12.0,1.0,5.0,0.0,10,1,18/29 (62%),1/15 (6%),9/10 (90%),8/19 (42%),6,7,6,1,0,0,1,0,2,1,5/20 (25%),19/24 (79%),13/15 (87%),4/5 (80%),5/5 (100%),8/19 (42%),8/15 (53%),1/5 (20%),4,3,0/1 (0%),1/4 (25%),13,9,15,7,8,4,6,1,11/19 (57%),0/5 (0%),4/5 (80%),7/15 (46%),3,4,3,1,0,0,1.0,0.0,1.0,0.0,9/14 (64%),10/15 (67%),4/5 (80%),5/5 (100%),8/9 (89%),3/10 (30%),4/5 (80%),0/5 (0%),3.0,3.0,0/0 (0%),1/4 (25%),12.0,3.0,12.0,2.0,14.0,1.0,6.0,0.0,7/10 (70%),1/9 (11%),5/5 (100%),1/5 (20%),3.0,3.0,3.0,0.0,0.0,0.0,,,,,,,,,,,,,,,,,,,,,,,,,,,,,,,,,,
15470914,CHALLENGER,174014,"Rosario, Argentina",2026-02-04,Round of 32,Red clay,379442,Juan Manuel La Serna,55787,Renzo Olivo,2,1,2 - 1,2026-05-17,2,4,4,5,68/93 (73%),52/94 (55%),21/25 (84%),37/42 (88%),45/68 (66%),32/52 (62%),4/25 (16%),19/42 (45%),13,14,7/12 (58%),8/14 (57%),92.0,95.0,49,51,43,44,7,7,14.0,13.0,7.0,8.0,4,5,20/52 (38%),23/68 (33%),23/42 (54%),21/25 (84%),14,13,6,5,0,0,1,2,1,2,29/40 (73%),19/38 (50%),10/11 (91%),17/19 (89%),20/29 (69%),11/19 (58%),3/11 (27%),10/19 (53%),5,5,2/3 (66%),6/8 (75%),23,21,17,17,6,7,4,2,8/19 (42%),9/29 (31%),9/19 (47%),8/11 (72%),5,5,2,1,0,0,0.0,1.0,2.0,3.0,20/29 (69%),13/25 (52%),7/9 (78%),9/12 (75%),11/20 (55%),10/13 (77%),1/9 (11%),5/12 (42%),4.0,4.0,2/5 (40%),1/2 (50%),12.0,15.0,10.0,17.0,5.0,5.0,2.0,5.0,3/13 (23%),9/20 (45%),7/12 (58%),8/9 (88%),4.0,4.0,1.0,3.0,0.0,0.0,1.0,1.0,1.0,0.0,19/24 (79%),18/31 (58%),4/5 (80%),13/13 (100%),14/19 (74%),9/18 (50%),0/5 (0%),6/13 (46%),4.0,5.0,3/4 (75%),1/4 (25%),14.0,15.0,16.0,10.0,7.0,7.0,3.0,2.0,9/18 (50%),5/19 (26%),7/13 (53%),5/5 (100%),5.0,4.0,3.0,1.0,0.0,0.0
15460704,CHALLENGER,174014,"Rosario, Argentina",2026-02-04,Round of 32,Red clay,57289,Hugo Dellien,65606,Franco Agamenone,2,0,2 - ?,2026-05-17,0,0,1,2,36/65 (55%),51/62 (82%),28/29 (97%),9/11 (82%),20/36 (56%),33/51 (65%),10/29 (34%),5/11 (45%),8,9,11/16 (68%),5/7 (71%),54.0,73.0,30,38,24,35,4,8,5.0,12.0,3.0,7.0,2,3,18/51 (35%),16/36 (44%),6/11 (54%),19/29 (65%),9,8,2,5,0,0,0,0,1,0,15/35 (43%),23/24 (96%),19/20 (95%),1/1 (100%),9/15 (60%),14/23 (61%),6/20 (30%),1/1 (100%),4,4,6/9 (66%),1/2 (50%),15,15,9,20,3,8,2,3,9/23 (39%),6/15 (40%),0/1 (0%),14/20 (70%),4,4,1,3,0,0,0.0,0.0,0.0,2.0,20/30 (67%),27/38 (71%),10/10 (100%),9/11 (82%),11/20 (55%),19/27 (70%),4/10 (40%),4/11 (36%),4.0,5.0,5/7 (71%),4/5 (80%),15.0,23.0,15.0,15.0,4.0,5.0,1.0,4.0,8/27 (29%),9/20 (45%),7/11 (63%),6/10 (60%),5.0,4.0,1.0,2.0,0.0,0.0,,,,,,,,,,,,,,,,,,,,,,,,,,,,,,,,,,
15460708,CHALLENGER,174014,"Rosario, Argentina",2026-02-04,Round of 32,Red clay,255420,Francisco Comesaña,66086,Nicolas Kicker,2,0,2 - ?,2026-05-17,0,6,0,2,49/67 (73%),45/73 (62%),18/18 (100%),26/28 (93%),28/49 (57%),31/45 (69%),10/18 (56%),16/28 (57%),10,11,10/14 (71%),5/7 (71%),64.0,76.0,38,47,26,29,6,9,8.0,13.0,6.0,9.0,3,3,14/45 (31%),21/49 (42%),12/28 (42%),8/18 (44%),11,10,2,4,0,0,0,3,0,0,33/44 (75%),25/46 (54%),11/11 (100%),21/21 (100%),17/33 (52%),16/25 (64%),6/11 (55%),11/21 (52%),6,6,8/11 (72%),5/7 (71%),23,27,19,21,6,9,3,2,9/25 (36%),16/33 (48%),10/21 (47%),5/11 (45%),6,6,2,3,0,0,0.0,3.0,0.0,2.0,16/23 (70%),19/27 (70%),7/7 (100%),6/8 (75%),11/16 (69%),15/19 (79%),4/7 (57%),5/8 (63%),4.0,5.0,2/3 (66%),0/0 (0%),15.0,20.0,7.0,8.0,5.0,6.0,1.0,3.0,4/19 (21%),5/16 (31%),3/8 (37%),3/7 (42%),5.0,4.0,0.0,1.0,0.0,0.0,,,,,,,,,,,,,,,,,,,,,,,,,,,,,,,,,,
15470917,CHALLENGER,174014,"Rosario, Argentina",2026-02-04,Round of 32,Red clay,264372,Facundo Diaz Acosta,82157,Igor Marcondes,2,0,2 - ?,2026-05-17,2,2,0,4,42/49 (86%),37/62 (60%),7/7 (100%),21/25 (84%),33/42 (79%),23/37 (62%),5/7 (71%),11/25 (44%),9,9,0/1 (0%),3/7 (42%),66.0,45.0,38,34,28,11,8,6,13.0,6.0,8.0,5.0,8,3,14/37 (37%),9/42 (21%),14/25 (56%),2/7 (28%),9,9,4,1,1,0,0,1,0,1,28/35 (80%),27/42 (64%),7/7 (100%),14/15 (93%),21/28 (75%),18/27 (67%),5/7 (71%),9/15 (60%),6,6,0/1 (0%),2/3 (66%),26,27,15,9,5,6,2,3,9/27 (33%),7/28 (25%),6/15 (40%),2/7 (28%),6,6,1,1,1,0,2.0,1.0,0.0,3.0,13/14 (93%),11/20 (55%),1/1 (100%),6/9 (67%),11/13 (85%),6/11 (55%),1/1 (100%),1/9 (11%),3.0,3.0,0/0 (0%),1/4 (25%),12.0,7.0,13.0,2.0,8.0,3.0,6.0,0.0,5/11 (45%),2/13 (15%),8/9 (88%),0/1 (0%),3.0,3.0,3.0,0.0,0.0,0.0,,,,,,,,,,,,,,,,,,,,,,,,,,,,,,,,,,
15440889,CHALLENGER,174014,"Rosario, Argentina",2026-02-04,Round of 16,Red clay,207034,Chun-Hsin Tseng,38180,Facundo Mena,2,0,2 - ?,2026-05-17,0,1,0,3,37/60 (62%),39/69 (57%),23/23 (100%),27/30 (90%),27/37 (73%),20/39 (51%),12/23 (52%),13/30 (43%),10,11,2/4 (50%),4/9 (44%),75.0,54.0,39,33,36,21,9,5,13.0,8.0,6.0,5.0,4,2,19/39 (48%),10/37 (27%),17/30 (56%),11/23 (47%),11,10,5,2,0,0,0,1,0,1,13/20 (65%),18/35 (51%),7/7 (100%),16/17 (94%),11/13 (85%),11/18 (61%),5/7 (71%),7/17 (41%),4,5,0/0 (0%),2/4 (50%),16,18,17,4,5,3,4,1,7/18 (38%),2/13 (15%),10/17 (58%),2/7 (28%),5,4,2,0,0,0,0.0,0.0,0.0,2.0,25/40 (63%),21/34 (62%),15/15 (100%),11/13 (85%),16/25 (64%),9/21 (43%),7/15 (47%),6/13 (46%),6.0,6.0,2/4 (50%),2/5 (40%),23.0,15.0,19.0,17.0,9.0,5.0,4.0,3.0,12/21 (57%),9/25 (36%),7/13 (53%),8/15 (53%),6.0,6.0,3.0,2.0,0.0,0.0,,,,,,,,,,,,,,,,,,,,,,,,,,,,,,,,,,
15440894,CHALLENGER,174014,"Rosario, Argentina",2026-02-04,Round of 16,Red clay,297139,Valerio Aboian,193644,Nikolas Sanchez Izquierdo,2,0,2 - ?,2026-05-17,0,3,3,2,47/61 (77%),42/69 (61%),11/14 (79%),25/27 (93%),26/47 (55%),28/42 (67%),6/14 (43%),14/27 (52%),11,11,2/7 (28%),5/8 (62%),,,32,42,27,29,5,7,,,,,3,4,14/42 (33%),21/47 (44%),13/27 (48%),8/14 (57%),11,11,3,5,0,0,0,2,0,1,25/30 (83%),29/42 (69%),5/5 (100%),12/13 (92%),11/25 (44%),17/29 (59%),1/5 (20%),5/13 (38%),6,6,1/5 (20%),5/8 (62%),12,22,20,18,4,7,3,3,12/29 (41%),14/25 (56%),8/13 (61%),4/5 (80%),6,6,3,4,0,0,0.0,1.0,3.0,1.0,22/31 (71%),13/27 (48%),6/9 (67%),13/14 (93%),15/22 (68%),11/13 (85%),5/9 (56%),9/14 (64%),5.0,5.0,1/2 (50%),0/0 (0%),20.0,20.0,7.0,11.0,5.0,5.0,1.0,2.0,2/13 (15%),7/22 (31%),5/14 (35%),4/9 (44%),5.0,5.0,0.0,1.0,0.0,0.0,,,,,,,,,,,,,,,,,,,,,,,,,,,,,,,,,,
15440892,CHALLENGER,174014,"Rosario, Argentina",2026-02-04,Round of 16,Red clay,93597,Andrea Pellegrino,333081,Luciano Emanuel Ambrogi,2,1,2 - 1,2026-05-17,8,7,5,2,46/85 (54%),58/90 (64%),34/39 (87%),30/32 (94%),31/46 (67%),31/58 (53%),17/39 (44%),22/32 (69%),12,13,8/12 (66%),4/8 (50%),85.0,90.0,48,53,37,37,6,7,12.0,13.0,7.0,8.0,5,4,27/58 (46%),15/46 (32%),10/32 (31%),22/39 (56%),13,12,4,4,0,0,4,3,1,1,13/23 (57%),19/31 (61%),9/10 (90%),11/12 (92%),7/13 (54%),6/19 (32%),6/10 (60%),5/12 (42%),3,4,2/3 (66%),1/5 (20%),13,11,20,10,6,4,5,1,13/19 (68%),6/13 (46%),7/12 (58%),4/10 (40%),4,3,4,1,0,0,4.0,1.0,2.0,0.0,19/40 (48%),19/32 (59%),19/21 (90%),13/13 (100%),15/19 (79%),10/19 (53%),9/21 (43%),13/13 (100%),5.0,5.0,4/5 (80%),0/0 (0%),24.0,23.0,9.0,16.0,4.0,5.0,1.0,2.0,9/19 (47%),4/19 (21%),0/13 (0%),12/21 (57%),5.0,5.0,0.0,1.0,0.0,0.0,0.0,3.0,2.0,1.0,11/22 (50%),20/27 (74%),9/11 (82%),6/7 (86%),8/11 (73%),15/20 (75%),3/11 (27%),4/7 (57%),4.0,4.0,2/4 (50%),3/3 (100%),11.0,19.0,8.0,11.0,4.0,7.0,1.0,3.0,5/20 (25%),3/11 (27%),3/7 (42%),8/11 (72%),4.0,4.0,0.0,2.0,0.0,0.0
15440891,CHALLENGER,174014,"Rosario, Argentina",2026-02-04,Round of 16,Red clay,248861,Juan Manuel Cerundolo,315774,Juan Bautista Torres,2,1,2 - 1,2026-05-17,4,1,4,1,65/95 (68%),62/81 (77%),26/30 (87%),18/19 (95%),45/65 (69%),38/62 (61%),13/30 (43%),10/19 (53%),14,14,7/10 (70%),10/14 (71%),94.0,85.0,58,48,36,37,6,5,15.0,13.0,11.0,10.0,4,3,24/62 (38%),20/65 (30%),9/19 (47%),17/30 (56%),14,14,4,3,0,0,2,0,0,1,21/28 (75%),20/29 (69%),7/7 (100%),8/9 (89%),15/21 (71%),15/20 (75%),2/7 (29%),6/9 (67%),4,5,3/4 (75%),2/2 (100%),17,21,8,11,4,4,1,3,5/20 (25%),6/21 (28%),3/9 (33%),5/7 (71%),5,4,0,1,0,0,0.0,0.0,0.0,0.0,23/35 (66%),26/33 (79%),12/12 (100%),7/7 (100%),16/23 (70%),13/26 (50%),5/12 (42%),4/7 (57%),5.0,5.0,1/2 (50%),7/9 (77%),21.0,17.0,16.0,14.0,6.0,5.0,2.0,2.0,13/26 (50%),7/23 (30%),3/7 (42%),7/12 (58%),5.0,5.0,2.0,1.0,0.0,0.0,2.0,1.0,4.0,0.0,21/32 (66%),19/25 (76%),7/11 (64%),6/6 (100%),14/21 (67%),10/19 (53%),6/11 (55%),3/6 (50%),5.0,4.0,3/4 (75%),1/3 (33%),20.0,13.0,12.0,12.0,5.0,5.0,4.0,2.0,9/19 (47%),7/21 (33%),3/6 (50%),5/11 (45%),4.0,5.0,2.0,1.0,0.0,0.0
15440945,CHALLENGER,174020,"Brisbane, Australia",2026-02-04,Round of 16,Hardcourt outdoor,275471,Tristan Schoolkate,49417,Li Tu,2,0,2 - ?,2026-05-17,8,7,1,4,40/65 (62%),47/70 (67%),24/25 (96%),19/23 (83%),29/40 (73%),38/47 (81%),11/25 (44%),11/23 (48%),9,10,5/7 (71%),3/3 (100%),61.0,73.0,40,49,21,24,4,5,7.0,12.0,7.0,10.0,1,3,9/47 (19%),11/40 (27%),12/23 (52%),14/25 (56%),10,9,0,2,0,0,5,4,1,2,23/33 (70%),29/43 (67%),9/10 (90%),12/14 (86%),15/23 (65%),21/29 (72%),4/10 (40%),7/14 (50%),4,5,4/5 (80%),3/3 (100%),19,28,15,14,4,5,1,3,8/29 (27%),8/23 (34%),7/14 (50%),6/10 (60%),5,4,0,1,0,0,3.0,3.0,0.0,2.0,16/31 (52%),18/27 (67%),15/15 (100%),7/9 (78%),14/16 (88%),17/18 (94%),7/15 (47%),4/9 (44%),5.0,5.0,1/2 (50%),0/0 (0%),21.0,21.0,6.0,10.0,4.0,4.0,1.0,3.0,1/18 (5%),2/16 (12%),5/9 (55%),8/15 (53%),5.0,5.0,0.0,1.0,0.0,0.0,,,,,,,,,,,,,,,,,,,,,,,,,,,,,,,,,,
15440947,CHALLENGER,174020,"Brisbane, Australia",2026-02-04,Round of 16,Hardcourt outdoor,413296,Rei Sakamoto,48632,Taro Daniel,2,0,2 - ?,2026-05-17,14,9,1,1,48/62 (77%),52/75 (69%),13/14 (93%),22/23 (96%),39/48 (81%),37/52 (71%),8/14 (57%),9/23 (39%),10,10,1/1 (100%),1/3 (33%),76.0,61.0,47,46,29,15,7,4,13.0,8.0,9.0,8.0,4,1,15/52 (28%),9/48 (18%),14/23 (60%),6/14 (42%),10,10,2,0,1,0,7,6,1,1,30/39 (77%),33/49 (67%),8/9 (89%),15/16 (94%),24/30 (80%),25/33 (76%),6/9 (67%),8/16 (50%),6,6,,,30,33,16,9,5,4,1,1,8/33 (24%),6/30 (20%),8/16 (50%),3/9 (33%),6,6,0,0,1,0,7.0,3.0,0.0,0.0,18/23 (78%),19/26 (73%),5/5 (100%),7/7 (100%),15/18 (83%),12/19 (63%),2/5 (40%),1/7 (14%),4.0,4.0,1/1 (100%),1/3 (33%),17.0,13.0,13.0,6.0,7.0,3.0,4.0,1.0,7/19 (36%),3/18 (16%),6/7 (85%),3/5 (60%),4.0,4.0,2.0,0.0,0.0,0.0,,,,,,,,,,,,,,,,,,,,,,,,,,,,,,,,,,
15440956,CHALLENGER,174020,"Brisbane, Australia",2026-02-04,Round of 16,Hardcourt outdoor,58369,Alex Bolt,217136,Yuta Shimizu,2,0,2 - ?,2026-05-17,8,4,0,3,50/77 (65%),48/71 (68%),27/27 (100%),20/23 (87%),34/50 (68%),35/48 (73%),17/27 (63%),7/23 (30%),10,9,11/11 (100%),5/7 (71%),80.0,68.0,51,42,29,26,5,7,12.0,7.0,10.0,7.0,3,1,13/48 (27%),16/50 (32%),16/23 (69%),10/27 (37%),9,10,2,0,0,0,5,0,0,2,31/44 (70%),24/32 (75%),13/13 (100%),6/8 (75%),21/31 (68%),15/24 (63%),8/13 (62%),4/8 (50%),5,4,8/8 (100%),2/3 (66%),29,19,13,15,5,7,3,1,9/24 (37%),10/31 (32%),4/8 (50%),5/13 (38%),4,5,1,0,0,0,3.0,4.0,0.0,1.0,20/33 (61%),23/39 (59%),13/13 (100%),15/16 (94%),14/20 (70%),19/23 (83%),8/13 (62%),4/16 (25%),5.0,5.0,3/3 (100%),3/4 (75%),22.0,23.0,16.0,11.0,5.0,6.0,3.0,1.0,4/23 (17%),6/20 (30%),12/16 (75%),5/13 (38%),5.0,5.0,1.0,0.0,0.0,0.0,,,,,,,,,,,,,,,,,,,,,,,,,,,,,,,,,,
15440954,CHALLENGER,174020,"Brisbane, Australia",2026-02-04,Round of 16,Hardcourt outdoor,46390,Yasutaka Uchiyama,388080,Pavle Marinkov,2,1,2 - 1,2026-05-17,9,15,3,3,53/76 (70%),40/68 (59%),20/23 (87%),25/28 (89%),38/53 (72%),36/40 (90%),10/23 (43%),15/28 (54%),13,13,3/6 (50%),0/1 (0%),65.0,79.0,48,51,17,28,5,8,11.0,15.0,10.0,12.0,3,3,4/40 (10%),15/53 (28%),13/28 (46%),13/23 (56%),13,13,1,3,0,0,4,6,0,0,24/27 (89%),17/23 (74%),3/3 (100%),6/6 (100%),17/24 (71%),15/17 (88%),1/3 (33%),5/6 (83%),5,5,0/1 (0%),0/0 (0%),18,20,3,9,4,7,1,3,2/17 (11%),7/24 (29%),1/6 (16%),2/3 (66%),5,5,0,1,0,0,3.0,4.0,2.0,3.0,16/30 (53%),14/25 (56%),12/14 (86%),8/11 (73%),13/16 (81%),12/14 (86%),8/14 (57%),3/11 (27%),5.0,4.0,3/3 (100%),0/1 (0%),21.0,15.0,10.0,9.0,5.0,3.0,3.0,1.0,2/14 (14%),3/16 (18%),8/11 (72%),6/14 (42%),4.0,5.0,1.0,0.0,0.0,0.0,2.0,5.0,1.0,0.0,13/19 (68%),9/20 (45%),5/6 (83%),11/11 (100%),8/13 (62%),9/9 (100%),1/6 (17%),7/11 (64%),3.0,4.0,0/2 (0%),0/0 (0%),9.0,16.0,4.0,10.0,4.0,8.0,1.0,3.0,0/9 (0%),5/13 (38%),4/11 (36%),5/6 (83%),4.0,3.0,0.0,2.0,0.0,0.0
15440959,CHALLENGER,174020,"Brisbane, Australia",2026-02-04,Round of 16,Hardcourt outdoor,233126,Dane Sweeny,280163,Tai Leonard Sach,2,0,2 - ?,2026-05-17,0,4,1,2,25/39 (64%),29/44 (66%),13/14 (93%),13/15 (87%),10/25 (40%),22/29 (76%),5/14 (36%),8/15 (53%),7,7,3/8 (37%),0/0 (0%),29.0,54.0,15,30,14,24,5,7,2.0,12.0,2.0,7.0,1,7,7/29 (24%),15/25 (60%),7/15 (46%),9/14 (64%),7,7,0,5,0,0,0,2,0,0,14/25 (56%),12/17 (71%),11/11 (100%),5/5 (100%),6/14 (43%),11/12 (92%),4/11 (36%),1/5 (20%),4,3,3/6 (50%),0/0 (0%),10,12,5,15,5,5,1,4,1/12 (8%),8/14 (57%),4/5 (80%),7/11 (63%),3,4,0,3,0,0,0.0,2.0,1.0,2.0,10/14 (71%),17/27 (63%),3/4 (75%),8/10 (80%),4/10 (40%),11/17 (65%),1/4 (25%),7/10 (70%),3.0,4.0,0/2 (0%),0/0 (0%),5.0,18.0,9.0,9.0,3.0,7.0,1.0,3.0,6/17 (35%),6/10 (60%),3/10 (30%),3/4 (75%),4.0,3.0,0.0,2.0,0.0,0.0,,,,,,,,,,,,,,,,,,,,,,,,,,,,,,,,,,
15440948,CHALLENGER,174020,"Brisbane, Australia",2026-02-04,Round of 16,Hardcourt outdoor,339452,James McCabe,236843,Shinji Hazawa,2,0,2 - ?,2026-05-17,2,7,2,3,52/70 (74%),29/50 (58%),16/18 (89%),18/21 (86%),37/52 (71%),28/29 (97%),6/18 (33%),12/21 (57%),10,10,4/6 (66%),0/0 (0%),53.0,67.0,43,40,10,27,4,6,8.0,12.0,8.0,10.0,1,3,1/29 (3%),15/52 (28%),9/21 (42%),12/18 (66%),10,10,0,2,0,0,0,3,2,2,26/38 (68%),13/25 (52%),10/12 (83%),10/12 (83%),21/26 (81%),12/13 (92%),2/12 (17%),8/12 (67%),5,5,3/4 (75%),0/0 (0%),23,20,5,15,4,6,1,3,1/13 (7%),5/26 (19%),4/12 (33%),10/12 (83%),5,5,0,1,0,0,2.0,4.0,0.0,1.0,25/32 (78%),16/25 (64%),7/7 (100%),8/9 (89%),16/25 (64%),16/16 (100%),4/7 (57%),4/9 (44%),5.0,5.0,1/2 (50%),0/0 (0%),20.0,20.0,5.0,12.0,4.0,6.0,1.0,3.0,0/16 (0%),9/25 (36%),5/9 (55%),3/7 (42%),5.0,5.0,0.0,1.0,0.0,0.0,,,,,,,,,,,,,,,,,,,,,,,,,,,,,,,,,,
15440962,CHALLENGER,174020,"Brisbane, Australia",2026-02-04,Round of 16,Hardcourt outdoor,490667,Cruz Hewitt,52069,Naoki Nakagawa,2,1,2 - 1,2026-05-17,8,6,2,5,41/79 (52%),49/86 (57%),36/38 (95%),32/37 (86%),29/41 (71%),32/49 (65%),15/38 (39%),20/37 (54%),13,13,2/7 (28%),3/6 (50%),78.0,87.0,44,52,34,35,9,7,11.0,15.0,8.0,10.0,3,5,17/49 (34%),12/41 (29%),17/37 (45%),23/38 (60%),13,13,3,5,0,0,2,2,1,3,16/28 (57%),17/36 (47%),11/12 (92%),16/19 (84%),11/16 (69%),12/17 (71%),4/12 (33%),10/19 (53%),5,5,1/3 (33%),3/4 (75%),15,22,14,13,6,7,2,3,5/17 (29%),5/16 (31%),9/19 (47%),8/12 (66%),5,5,1,2,0,0,4.0,0.0,1.0,1.0,15/29 (52%),16/26 (62%),13/14 (93%),9/10 (90%),12/15 (80%),8/16 (50%),7/14 (50%),5/10 (50%),5.0,4.0,0/1 (0%),0/2 (0%),19.0,13.0,13.0,10.0,9.0,6.0,3.0,2.0,8/16 (50%),3/15 (20%),5/10 (50%),7/14 (50%),4.0,5.0,2.0,1.0,0.0,0.0,2.0,4.0,0.0,1.0,10/22 (45%),16/24 (67%),12/12 (100%),7/8 (88%),7/10 (70%),12/16 (75%),3/12 (25%),5/8 (63%),3.0,4.0,1/3 (33%),0/0 (0%),10.0,17.0,7.0,12.0,3.0,5.0,1.0,5.0,4/16 (25%),3/10 (30%),3/8 (37%),9/12 (75%),4.0,3.0,0.0,2.0,0.0,0.0
15440950,CHALLENGER,174020,"Brisbane, Australia",2026-02-04,Round of 16,Hardcourt outdoor,119140,Blake Ellis,163438,Fajing Sun,2,0,2 - ?,2026-05-17,6,19,1,6,50/75 (67%),43/69 (62%),24/25 (96%),20/26 (77%),35/50 (70%),36/43 (84%),13/25 (52%),12/26 (46%),11,11,8/10 (80%),0/1 (0%),69.0,75.0,48,48,21,27,4,7,10.0,13.0,9.0,10.0,2,3,7/43 (16%),15/50 (30%),14/26 (53%),12/25 (48%),11,11,1,2,0,1,2,10,1,5,34/50 (68%),27/45 (60%),15/16 (94%),13/18 (72%),23/34 (68%),22/27 (81%),8/16 (50%),6/18 (33%),6,6,7/8 (87%),0/1 (0%),31,28,17,19,4,5,2,2,5/27 (18%),11/34 (32%),12/18 (66%),8/16 (50%),6,6,1,1,0,1,4.0,9.0,0.0,1.0,16/25 (64%),16/24 (67%),9/9 (100%),7/8 (88%),12/16 (75%),14/16 (88%),5/9 (56%),6/8 (75%),5.0,5.0,1/2 (50%),0/0 (0%),17.0,20.0,4.0,8.0,4.0,7.0,1.0,3.0,2/16 (12%),4/16 (25%),2/8 (25%),4/9 (44%),5.0,5.0,0.0,1.0,0.0,0.0,,,,,,,,,,,,,,,,,,,,,,,,,,,,,,,,,,
15469025,CHALLENGER,174026,"Cesenatico, Italy",2026-02-04,Round of 32,Hardcourt indoor,296802,Niels Visker,190877,Andrea Guerrieri,2,0,2 - ?,2026-05-17,0,11,7,3,42/64 (66%),52/73 (71%),15/22 (68%),18/21 (86%),34/42 (81%),41/52 (79%),9/22 (41%),10/21 (48%),10,11,1/2 (50%),1/1 (100%),64.0,72.0,43,51,21,21,5,5,9.0,13.0,8.0,11.0,1,3,11/52 (21%),8/42 (19%),11/21 (52%),13/22 (59%),11,10,0,1,0,1,0,6,4,2,17/27 (63%),17/26 (65%),6/10 (60%),7/9 (78%),14/17 (82%),15/17 (88%),2/10 (20%),5/9 (56%),4,5,1/2 (50%),0/0 (0%),16,20,6,11,5,5,1,3,2/17 (11%),3/17 (17%),4/9 (44%),8/10 (80%),5,4,0,1,0,0,0.0,5.0,3.0,1.0,25/37 (68%),33/46 (72%),9/12 (75%),12/13 (92%),20/25 (80%),26/33 (79%),7/12 (58%),5/13 (38%),6.0,6.0,0/0 (0%),1/1 (100%),27.0,31.0,15.0,10.0,5.0,5.0,1.0,2.0,7/33 (21%),5/25 (20%),8/13 (61%),5/12 (41%),6.0,6.0,0.0,0.0,0.0,1.0,,,,,,,,,,,,,,,,,,,,,,,,,,,,,,,,,,
15460232,CHALLENGER,174026,"Cesenatico, Italy",2026-02-04,Round of 32,Hardcourt indoor,414847,Petr Brunclik,291760,Gianmarco Ferrari,2,0,2 - ?,2026-05-17,4,4,1,1,45/58 (78%),36/55 (65%),12/13 (92%),18/19 (95%),28/45 (62%),29/36 (81%),8/13 (62%),14/19 (74%),9,10,4/6 (66%),2/2 (100%),48.0,65.0,36,43,12,22,4,7,7.0,12.0,5.0,9.0,2,3,7/36 (19%),17/45 (37%),5/19 (26%),5/13 (38%),10,9,0,2,0,0,2,1,0,0,26/32 (81%),20/33 (61%),6/6 (100%),13/13 (100%),15/26 (58%),14/20 (70%),3/6 (50%),9/13 (69%),4,5,4/5 (80%),2/2 (100%),18,23,10,14,4,6,1,3,6/20 (30%),11/26 (42%),4/13 (30%),3/6 (50%),5,4,0,1,0,0,2.0,3.0,1.0,1.0,18/26 (69%),16/22 (73%),7/8 (88%),5/6 (83%),13/18 (72%),15/16 (94%),5/8 (63%),5/6 (83%),5.0,5.0,0/1 (0%),0/0 (0%),18.0,20.0,2.0,8.0,4.0,7.0,1.0,3.0,1/16 (6%),5/18 (27%),1/6 (16%),3/8 (37%),5.0,5.0,0.0,1.0,0.0,0.0,,,,,,,,,,,,,,,,,,,,,,,,,,,,,,,,,,
15460225,CHALLENGER,174026,"Cesenatico, Italy",2026-02-04,Round of 32,Hardcourt indoor,399603,Filippo Romano,276766,Alex Martinez,2,0,2 - ?,2026-05-17,3,5,4,2,55/77 (71%),63/90 (70%),18/22 (82%),25/27 (93%),38/55 (69%),38/63 (60%),7/22 (32%),16/27 (59%),11,11,4/8 (50%),7/10 (70%),81.0,86.0,45,54,36,32,8,5,10.0,13.0,7.0,8.0,4,3,25/63 (39%),17/55 (30%),11/27 (40%),15/22 (68%),11,11,3,4,0,1,2,2,3,1,27/41 (66%),32/50 (64%),11/14 (79%),17/18 (94%),21/27 (78%),21/32 (66%),4/14 (29%),9/18 (50%),6,6,3/5 (60%),2/4 (50%),25,30,20,16,8,4,4,3,11/32 (34%),6/27 (22%),9/18 (50%),10/14 (71%),6,6,2,2,0,1,1.0,3.0,1.0,1.0,26/36 (72%),27/40 (68%),9/10 (90%),12/13 (92%),15/26 (58%),15/27 (56%),5/10 (50%),9/13 (69%),5.0,5.0,1/3 (33%),5/6 (83%),20.0,24.0,16.0,16.0,4.0,5.0,2.0,3.0,12/27 (44%),11/26 (42%),4/13 (30%),5/10 (50%),5.0,5.0,1.0,2.0,0.0,0.0,,,,,,,,,,,,,,,,,,,,,,,,,,,,,,,,,,
15460228,CHALLENGER,174026,"Cesenatico, Italy",2026-02-04,Round of 32,Hardcourt indoor,202181,Charles Broom,42152,Stefano Napolitano,2,0,2 - ?,2026-05-17,8,4,0,4,39/65 (60%),50/87 (57%),26/26 (100%),33/37 (89%),30/39 (77%),33/50 (66%),14/26 (54%),14/37 (38%),11,11,3/5 (60%),10/14 (71%),84.0,68.0,44,47,40,21,7,4,13.0,9.0,9.0,7.0,3,2,17/50 (34%),9/39 (23%),23/37 (62%),12/26 (46%),11,11,4,2,0,0,5,3,0,2,23/36 (64%),27/45 (60%),13/13 (100%),16/18 (89%),18/23 (78%),16/27 (59%),6/13 (46%),9/18 (50%),6,6,0/1 (0%),5/7 (71%),24,25,20,12,6,4,2,1,11/27 (40%),5/23 (21%),9/18 (50%),7/13 (53%),6,6,2,1,0,0,3.0,1.0,0.0,2.0,15/29 (52%),23/42 (55%),14/14 (100%),17/19 (89%),12/15 (80%),17/23 (74%),8/14 (57%),5/19 (26%),5.0,5.0,3/4 (75%),5/7 (71%),20.0,22.0,20.0,9.0,5.0,4.0,2.0,2.0,6/23 (26%),3/15 (20%),14/19 (73%),6/14 (42%),5.0,5.0,2.0,1.0,0.0,0.0,,,,,,,,,,,,,,,,,,,,,,,,,,,,,,,,,,
15460020,CHALLENGER,174021,"Koblenz, Germany",2026-02-04,Round of 32,Hardcourt indoor,203751,Florian Broska,313822,Johannus Monday,1,0,,20260517,4,2,0,1,26/31 (84%),23/35 (66%),5/5 (100%),11/12 (92%),19/26 (73%),13/23 (57%),3/5 (60%),4/12 (33%),5,5,0/1 (0%),2/5 (40%),40.0,26.0,22,17,18,9,7,8,7.0,3.0,4.0,1.0,5,1,10/23 (43%),7/26 (26%),8/12 (66%),2/5 (40%),5,5,3,1,0,0,4,2,0,1,24/28 (86%),19/30 (63%),4/4 (100%),10/11 (91%),17/24 (71%),12/19 (63%),2/4 (50%),4/11 (36%),5,4,0/1 (0%),2/4 (50%),19,16,14,9,7,8,5,2,7/19 (36%),7/24 (29%),7/11 (63%),2/4 (50%),4,5,2,1,0,0,0.0,0.0,0.0,0.0,2/3 (67%),4/5 (80%),1/1 (100%),1/1 (100%),2/2 (100%),1/4 (25%),1/1 (100%),0/1 (0%),0.0,1.0,0/0 (0%),0/1 (0%),3.0,1.0,4.0,0.0,5.0,1.0,1.0,0.0,3/4 (75%),0/2 (0%),1/1 (100%),0/1 (0%),1.0,0.0,1.0,0.0,0.0,0.0,,,,,,,,,,,,,,,,,,,,,,,,,,,,,,,,,,
15460022,CHALLENGER,174021,"Koblenz, Germany",2026-02-04,Round of 32,Hardcourt indoor,380042,Tom Gentzsch,484219,Diego Dedura-Palomero,2,1,,20260517,4,1,5,1,56/96 (58%),67/86 (78%),35/40 (88%),18/19 (95%),41/56 (73%),42/67 (63%),22/40 (55%),11/19 (58%),16,15,4/7 (57%),2/6 (33%),96.0,85.0,63,53,33,32,7,7,17.0,14.0,13.0,11.0,4,4,25/67 (37%),15/56 (26%),8/19 (42%),18/40 (45%),15,16,4,3,0,0,1,0,1,0,22/32 (69%),20/27 (74%),9/10 (90%),7/7 (100%),17/22 (77%),11/20 (55%),6/10 (60%),5/7 (71%),5,4,2/2 (100%),2/3 (66%),23,16,11,9,7,6,3,1,9/20 (45%),5/22 (22%),2/7 (28%),4/10 (40%),4,5,1,0,0,0,1.0,0.0,2.0,0.0,19/35 (54%),26/33 (79%),14/16 (88%),7/7 (100%),13/19 (68%),16/26 (62%),5/16 (31%),3/7 (43%),6.0,6.0,1/4 (25%),0/2 (0%),18.0,19.0,14.0,17.0,4.0,6.0,4.0,4.0,10/26 (38%),6/19 (31%),4/7 (57%),11/16 (68%),6.0,6.0,2.0,3.0,0.0,0.0,2.0,1.0,2.0,1.0,14/28 (50%),21/26 (81%),12/14 (86%),4/5 (80%),11/14 (79%),15/21 (71%),11/14 (79%),3/5 (60%),5.0,5.0,1/1 (100%),0/1 (0%),22.0,18.0,8.0,6.0,6.0,5.0,3.0,1.0,6/21 (28%),3/14 (21%),2/5 (40%),3/14 (21%),5.0,5.0,1.0,0.0,0.0,0.0
15460026,CHALLENGER,174021,"Koblenz, Germany",2026-02-04,Round of 32,Hardcourt indoor,132558,Zdenek Kolar,196922,Carlos Sanchez Jover,2,0,,20260517,4,1,1,2,19/38 (50%),37/61 (61%),18/19 (95%),22/24 (92%),17/19 (89%),22/37 (59%),15/19 (79%),11/24 (46%),8,9,0/0 (0%),4/8 (50%),60.0,39.0,32,33,28,6,5,4,12.0,5.0,6.0,5.0,3,2,15/37 (40%),2/19 (10%),13/24 (54%),4/19 (21%),9,8,4,0,0,0,2,0,0,1,10/21 (48%),20/31 (65%),11/11 (100%),10/11 (91%),8/10 (80%),12/20 (60%),8/11 (73%),4/11 (36%),4,4,0/0 (0%),2/4 (50%),16,16,15,5,3,3,3,1,8/20 (40%),2/10 (20%),7/11 (63%),3/11 (27%),4,4,2,0,0,0,2.0,1.0,1.0,1.0,9/17 (53%),16/30 (53%),7/8 (88%),13/14 (93%),9/9 (100%),10/16 (63%),7/8 (88%),7/14 (50%),4.0,5.0,0/0 (0%),2/4 (50%),16.0,17.0,13.0,1.0,5.0,4.0,4.0,1.0,6/16 (37%),0/9 (0%),7/14 (50%),1/8 (12%),5.0,4.0,2.0,0.0,0.0,0.0,,,,,,,,,,,,,,,,,,,,,,,,,,,,,,,,,,
15440961,CHALLENGER,174021,"Koblenz, Germany",2026-02-04,Round of 16,Hardcourt indoor,55745,Christoph Negritu,255448,Tibo Colson,2,0,,20260517,13,6,0,3,66/87 (76%),52/77 (68%),21/21 (100%),22/25 (88%),47/66 (71%),42/52 (81%),13/21 (62%),14/25 (56%),12,12,4/5 (80%),2/3 (66%),81.0,83.0,60,56,21,27,6,5,14.0,12.0,11.0,11.0,3,3,10/52 (19%),19/66 (28%),11/25 (44%),8/21 (38%),12,12,1,1,2,0,10,4,0,0,33/47 (70%),24/40 (60%),14/14 (100%),16/16 (100%),25/33 (76%),19/24 (79%),8/14 (57%),11/16 (69%),6,6,2/2 (100%),0/0 (0%),33,30,10,14,4,5,1,1,5/24 (20%),8/33 (24%),5/16 (31%),6/14 (42%),6,6,0,0,1,0,3.0,2.0,0.0,3.0,33/40 (83%),28/37 (76%),7/7 (100%),6/9 (67%),22/33 (67%),23/28 (82%),5/7 (71%),3/9 (33%),6.0,6.0,2/3 (66%),2/3 (66%),27.0,26.0,11.0,13.0,6.0,5.0,3.0,3.0,5/28 (17%),11/33 (33%),6/9 (66%),2/7 (28%),6.0,6.0,1.0,1.0,1.0,0.0,,,,,,,,,,,,,,,,,,,,,,,,,,,,,,,,,,
15460024,CHALLENGER,174021,"Koblenz, Germany",2026-02-04,Round of 32,Hardcourt indoor,300296,Max Wiskandt,484006,Niels McDonald,2,1,,20260517,11,3,1,2,54/78 (69%),63/81 (78%),23/24 (96%),16/18 (89%),40/54 (74%),42/63 (67%),15/24 (63%),11/18 (61%),15,14,4/7 (57%),6/9 (66%),83.0,76.0,55,53,28,23,9,8,15.0,14.0,12.0,10.0,3,5,21/63 (33%),14/54 (25%),7/18 (38%),9/24 (37%),14,15,3,3,0,0,5,0,0,1,25/32 (78%),23/27 (85%),7/7 (100%),3/4 (75%),19/25 (76%),17/23 (74%),6/7 (86%),3/4 (75%),6,6,2/2 (100%),0/1 (0%),25,20,7,7,5,5,2,1,6/23 (26%),6/25 (24%),1/4 (25%),1/7 (14%),6,6,1,0,0,0,2.0,3.0,1.0,0.0,11/19 (58%),18/26 (69%),7/8 (88%),8/8 (100%),9/11 (82%),13/18 (72%),2/8 (25%),5/8 (63%),4.0,4.0,1/3 (33%),2/2 (100%),11.0,18.0,8.0,8.0,5.0,8.0,1.0,5.0,5/18 (27%),2/11 (18%),3/8 (37%),6/8 (75%),4.0,4.0,0.0,2.0,0.0,0.0,4.0,0.0,0.0,1.0,18/27 (67%),21/28 (75%),9/9 (100%),6/7 (86%),12/18 (67%),11/21 (52%),7/9 (78%),4/7 (57%),5.0,4.0,1/2 (50%),4/6 (66%),19.0,15.0,13.0,8.0,7.0,5.0,3.0,2.0,10/21 (47%),6/18 (33%),3/7 (42%),2/9 (22%),4.0,5.0,2.0,1.0,0.0,0.0
15440964,CHALLENGER,174021,"Koblenz, Germany",2026-02-04,Round of 16,Hardcourt indoor,203751,Florian Broska,269291,Jonas Forejtek,2,1,,20260517,9,9,3,3,70/106 (66%),67/95 (71%),33/36 (92%),25/28 (89%),53/70 (76%),52/67 (78%),14/36 (39%),16/28 (57%),15,16,9/12 (75%),2/3 (66%),94.0,107.0,67,68,27,39,5,9,14.0,18.0,11.0,15.0,2,4,15/67 (22%),17/70 (24%),12/28 (42%),22/36 (61%),16,15,1,3,1,0,6,4,1,2,34/50 (68%),28/41 (68%),15/16 (94%),11/13 (85%),27/34 (79%),21/28 (75%),6/16 (38%),6/13 (46%),6,6,3/4 (75%),2/3 (66%),33,27,14,17,5,5,2,2,7/28 (25%),7/34 (20%),7/13 (53%),10/16 (62%),6,6,1,1,1,0,1.0,3.0,2.0,1.0,15/24 (63%),19/26 (73%),7/9 (78%),6/7 (86%),11/15 (73%),15/19 (79%),3/9 (33%),5/7 (71%),4.0,5.0,3/4 (75%),0/0 (0%),14.0,20.0,6.0,10.0,4.0,9.0,1.0,3.0,4/19 (21%),4/15 (26%),2/7 (28%),6/9 (66%),5.0,4.0,0.0,1.0,0.0,0.0,2.0,2.0,0.0,0.0,21/32 (66%),20/28 (71%),11/11 (100%),8/8 (100%),15/21 (71%),16/20 (80%),5/11 (45%),5/8 (63%),5.0,5.0,3/4 (75%),0/0 (0%),20.0,21.0,7.0,12.0,3.0,7.0,1.0,3.0,4/20 (20%),6/21 (28%),3/8 (37%),6/11 (54%),5.0,5.0,0.0,1.0,0.0,0.0
15468124,CHALLENGER,174021,"Koblenz, Germany",2026-02-04,Round of 32,Hardcourt indoor,225214,Buvaysar Gadamauri,208225,Henri Squire,2,1,,20260517,9,4,1,3,47/81 (58%),52/74 (70%),33/34 (97%),19/22 (86%),36/47 (77%),36/52 (69%),16/34 (47%),6/22 (27%),12,12,5/7 (71%),1/5 (20%),84.0,71.0,52,42,32,29,8,5,14.0,10.0,10.0,8.0,5,5,16/52 (30%),11/47 (23%),16/22 (72%),18/34 (52%),12,12,4,2,0,0,4,2,1,2,19/39 (49%),19/26 (73%),19/20 (95%),5/7 (71%),12/19 (63%),15/19 (79%),8/20 (40%),3/7 (43%),4,4,5/7 (71%),0/0 (0%),20,18,8,19,4,5,1,5,4/19 (21%),7/19 (36%),4/7 (57%),12/20 (60%),4,4,0,2,0,0,2.0,1.0,0.0,0.0,12/20 (60%),9/14 (64%),8/8 (100%),5/5 (100%),11/12 (92%),5/9 (56%),5/8 (63%),0/5 (0%),4.0,3.0,0/0 (0%),0/2 (0%),16.0,5.0,9.0,4.0,8.0,2.0,5.0,1.0,4/9 (44%),1/12 (8%),5/5 (100%),3/8 (37%),3.0,4.0,2.0,0.0,0.0,0.0,3.0,1.0,0.0,1.0,16/22 (73%),23/34 (68%),6/6 (100%),10/11 (91%),13/16 (81%),15/23 (65%),3/6 (50%),4/11 (36%),4.0,5.0,0/0 (0%),1/3 (33%),16.0,19.0,15.0,6.0,4.0,4.0,3.0,1.0,8/23 (34%),3/16 (18%),7/11 (63%),3/6 (50%),5.0,4.0,2.0,0.0,0.0,0.0
15460016,CHALLENGER,174021,"Koblenz, Germany",2026-02-04,Round of 32,Hardcourt indoor,191842,Dan Added,53483,Daniel Masur,2,1,,20260517,11,5,5,2,46/87 (53%),49/84 (58%),36/41 (88%),33/35 (94%),31/46 (67%),36/49 (73%),19/41 (46%),18/35 (51%),14,14,5/10 (50%),5/8 (62%),80.0,91.0,50,54,30,37,6,10,12.0,16.0,8.0,11.0,4,4,13/49 (26%),15/46 (32%),17/35 (48%),22/41 (53%),14,14,3,5,0,0,3,1,0,1,12/31 (39%),20/37 (54%),19/19 (100%),16/17 (94%),8/12 (67%),13/20 (65%),10/19 (53%),7/17 (41%),5,5,1/2 (50%),4/6 (66%),18,20,17,13,6,6,4,3,7/20 (35%),4/12 (33%),10/17 (58%),9/19 (47%),5,5,2,1,0,0,2.0,2.0,4.0,1.0,15/27 (56%),12/19 (63%),8/12 (67%),6/7 (86%),9/15 (60%),10/12 (83%),3/12 (25%),4/7 (57%),4.0,4.0,3/6 (50%),1/2 (50%),12.0,14.0,5.0,15.0,4.0,10.0,1.0,4.0,2/12 (16%),6/15 (40%),3/7 (42%),9/12 (75%),4.0,4.0,1.0,3.0,0.0,0.0,6.0,2.0,1.0,0.0,19/29 (66%),15/28 (54%),9/10 (90%),13/13 (100%),14/19 (74%),13/15 (87%),6/10 (60%),7/13 (54%),5.0,5.0,1/2 (50%),0/0 (0%),20.0,20.0,8.0,9.0,6.0,4.0,1.0,2.0,2/15 (13%),5/19 (26%),6/13 (46%),4/10 (40%),5.0,5.0,0.0,1.0,0.0,0.0
15460017,CHALLENGER,174021,"Koblenz, Germany",2026-02-04,Round of 32,Hardcourt indoor,209103,Rudolf Molleker,226833,Marvin Möller,2,1,,20260517,7,14,2,2,62/93 (67%),54/81 (67%),29/31 (94%),25/27 (93%),49/62 (79%),40/54 (74%),11/31 (35%),15/27 (56%),15,14,5/8 (62%),4/7 (57%),86.0,88.0,60,55,26,33,5,8,15.0,14.0,12.0,11.0,5,5,14/54 (25%),13/62 (20%),12/27 (44%),20/31 (64%),14,15,3,3,0,0,0,4,0,0,16/23 (70%),11/18 (61%),7/7 (100%),7/7 (100%),10/16 (63%),11/11 (100%),2/7 (29%),5/7 (71%),4,4,0/2 (0%),0/0 (0%),12,16,2,11,4,8,1,5,0/11 (0%),6/16 (37%),2/7 (28%),5/7 (71%),4,4,0,2,0,0,5.0,6.0,1.0,1.0,24/40 (60%),26/36 (72%),15/16 (94%),9/10 (90%),20/24 (83%),18/26 (69%),6/16 (38%),4/10 (40%),6.0,6.0,3/4 (75%),3/5 (60%),26.0,22.0,14.0,14.0,4.0,6.0,2.0,2.0,8/26 (30%),4/24 (16%),6/10 (60%),10/16 (62%),6.0,6.0,2.0,1.0,0.0,0.0,2.0,4.0,1.0,1.0,21/30 (70%),17/27 (63%),8/9 (89%),9/10 (90%),18/21 (86%),11/17 (65%),4/9 (44%),6/10 (60%),5.0,4.0,2/2 (100%),1/2 (50%),22.0,17.0,10.0,8.0,4.0,4.0,3.0,1.0,6/17 (35%),3/21 (14%),4/10 (40%),5/9 (55%),4.0,5.0,1.0,0.0,0.0,0.0
15440949,CHALLENGER,174021,"Koblenz, Germany",2026-02-04,Round of 16,Hardcourt indoor,82579,Kaichi Uchida,300296,Max Wiskandt,2,0,,20260517,7,11,1,1,48/76 (63%),49/76 (64%),27/28 (96%),26/27 (96%),40/48 (83%),36/49 (73%),14/28 (50%),17/27 (63%),12,12,0/2 (0%),3/5 (60%),77.0,75.0,54,53,23,22,5,7,14.0,12.0,10.0,10.0,5,3,13/49 (26%),8/48 (16%),10/27 (37%),14/28 (50%),12,12,2,2,2,0,3,8,1,0,21/37 (57%),25/39 (64%),15/16 (94%),14/14 (100%),18/21 (86%),18/25 (72%),10/16 (63%),9/14 (64%),6,6,0/1 (0%),3/4 (75%),28,27,12,9,4,7,2,2,7/25 (28%),3/21 (14%),5/14 (35%),6/16 (37%),6,6,1,1,1,0,4.0,3.0,0.0,1.0,27/39 (69%),24/37 (65%),12/12 (100%),12/13 (92%),22/27 (81%),18/24 (75%),4/12 (33%),8/13 (62%),6.0,6.0,0/1 (0%),0/1 (0%),26.0,26.0,11.0,13.0,5.0,5.0,3.0,3.0,6/24 (25%),5/27 (18%),5/13 (38%),8/12 (66%),6.0,6.0,1.0,1.0,1.0,0.0,,,,,,,,,,,,,,,,,,,,,,,,,,,,,,,,,,
15469026,CHALLENGER,174026,"Cesenatico, Italy",2026-02-04,Round of 32,Hardcourt indoor,377489,Kilian Feldbausch,380568,Josip Šimundža,2,0,2 - ?,2026-05-17,6,6,5,2,41/70 (59%),34/46 (74%),24/29 (83%),10/12 (83%),24/41 (59%),28/34 (82%),12/29 (41%),8/12 (67%),10,9,6/10 (60%),0/0 (0%),46.0,69.0,36,36,10,33,5,7,6.0,13.0,6.0,8.0,2,6,6/34 (17%),17/41 (41%),4/12 (33%),17/29 (58%),9,10,0,4,0,0,4,4,3,1,26/43 (60%),21/29 (72%),14/17 (82%),7/8 (88%),18/26 (69%),18/21 (86%),8/17 (47%),6/8 (75%),6,6,0/1 (0%),0/0 (0%),26,24,5,17,5,6,1,3,3/21 (14%),8/26 (30%),2/8 (25%),9/17 (52%),6,6,0,1,0,0,2.0,2.0,2.0,1.0,13/26 (50%),13/17 (76%),11/13 (85%),3/4 (75%),5/13 (38%),10/13 (77%),5/13 (38%),2/4 (50%),4.0,3.0,6/9 (66%),0/0 (0%),10.0,12.0,5.0,16.0,5.0,6.0,1.0,6.0,3/13 (23%),8/13 (61%),2/4 (50%),8/13 (61%),3.0,4.0,0.0,3.0,0.0,0.0,,,,,,,,,,,,,,,,,,,,,,,,,,,,,,,,,,
15469028,CHALLENGER,174026,"Cesenatico, Italy",2026-02-04,Round of 32,Hardcourt indoor,230966,Lorenzo Rottoli,384612,Lorenzo Angelini,2,1,2 - 1,2026-05-17,1,3,6,2,89/118 (75%),64/106 (60%),23/29 (79%),40/42 (95%),48/89 (54%),42/64 (66%),13/29 (45%),18/42 (43%),15,15,14/20 (70%),8/13 (61%),107.0,117.0,61,60,46,57,6,11,14.0,16.0,9.0,10.0,7,4,22/64 (34%),41/89 (46%),24/42 (57%),16/29 (55%),15,15,5,6,0,0,1,2,2,0,29/42 (69%),17/27 (63%),11/13 (85%),10/10 (100%),16/29 (55%),16/17 (94%),8/13 (62%),4/10 (40%),5,5,6/7 (85%),0/0 (0%),24,20,7,18,4,11,1,3,1/17 (5%),13/29 (44%),6/10 (60%),5/13 (38%),5,5,0,1,0,0,0.0,1.0,2.0,1.0,38/43 (88%),26/40 (65%),3/5 (60%),13/14 (93%),22/38 (58%),16/26 (62%),0/5 (0%),4/14 (29%),5.0,5.0,5/7 (71%),8/11 (72%),22.0,20.0,20.0,21.0,6.0,5.0,5.0,4.0,10/26 (38%),16/38 (42%),10/14 (71%),5/5 (100%),5.0,5.0,3.0,2.0,0.0,0.0,0.0,0.0,2.0,1.0,21/33 (64%),19/39 (49%),10/12 (83%),19/20 (95%),10/21 (48%),10/19 (53%),5/12 (42%),10/20 (50%),5.0,5.0,3/6 (50%),0/2 (0%),15.0,20.0,19.0,18.0,5.0,5.0,2.0,3.0,9/19 (47%),11/21 (52%),10/20 (50%),7/12 (58%),5.0,5.0,2.0,3.0,0.0,0.0
15460229,CHALLENGER,174026,"Cesenatico, Italy",2026-02-04,Round of 32,Hardcourt indoor,247962,Cyril Vandermeersch,44547,Radu Albot,2,0,2 - ?,2026-05-17,1,11,1,4,38/65 (58%),39/65 (60%),26/27 (96%),22/26 (85%),26/38 (68%),30/39 (77%),15/27 (56%),14/26 (54%),10,11,6/9 (66%),3/4 (75%),62.0,68.0,41,44,21,24,9,7,8.0,13.0,6.0,10.0,3,4,9/39 (23%),12/38 (31%),12/26 (46%),12/27 (44%),11,10,1,3,0,0,0,7,0,3,19/31 (61%),16/27 (59%),12/12 (100%),8/11 (73%),12/19 (63%),15/16 (94%),8/12 (67%),5/11 (45%),4,5,5/6 (83%),0/0 (0%),20,20,7,11,4,7,1,3,1/16 (6%),7/19 (36%),6/11 (54%),4/12 (33%),5,4,0,1,0,0,1.0,4.0,1.0,1.0,19/34 (56%),23/38 (61%),14/15 (93%),14/15 (93%),14/19 (74%),15/23 (65%),7/15 (47%),9/15 (60%),6.0,6.0,1/3 (33%),3/4 (75%),21.0,24.0,14.0,13.0,9.0,6.0,3.0,3.0,8/23 (34%),5/19 (26%),6/15 (40%),8/15 (53%),6.0,6.0,1.0,2.0,0.0,0.0,,,,,,,,,,,,,,,,,,,,,,,,,,,,,,,,,,
15460230,CHALLENGER,174026,"Cesenatico, Italy",2026-02-04,Round of 32,Hardcourt indoor,152864,Oleg Prihodko,407383,Federico Bondioli,2,1,2 - 1,2026-05-17,4,2,2,2,74/104 (71%),54/88 (61%),28/30 (93%),32/34 (94%),51/74 (69%),35/54 (65%),15/30 (50%),21/34 (62%),15,15,5/7 (71%),4/7 (57%),98.0,94.0,66,56,32,38,6,7,16.0,14.0,12.0,12.0,3,5,19/54 (35%),23/74 (31%),13/34 (38%),15/30 (50%),15,15,3,2,0,0,2,0,1,1,21/31 (68%),16/25 (64%),9/10 (90%),8/9 (89%),18/21 (86%),12/16 (75%),4/10 (40%),5/9 (56%),5,5,1/1 (100%),1/2 (50%),22,17,8,9,6,4,2,1,4/16 (25%),3/21 (14%),4/9 (44%),6/10 (60%),5,5,1,0,0,0,0.0,0.0,0.0,0.0,23/36 (64%),17/27 (63%),13/13 (100%),10/10 (100%),11/23 (48%),10/17 (59%),8/13 (62%),8/10 (80%),5.0,5.0,3/5 (60%),0/1 (0%),19.0,18.0,9.0,17.0,6.0,7.0,2.0,4.0,7/17 (41%),12/23 (52%),2/10 (20%),5/13 (38%),5.0,5.0,1.0,2.0,0.0,0.0,2.0,2.0,1.0,1.0,30/37 (81%),20/36 (56%),6/7 (86%),15/16 (94%),22/30 (73%),12/20 (60%),3/7 (43%),9/16 (56%),5.0,5.0,1/1 (100%),3/4 (75%),25.0,21.0,15.0,12.0,4.0,4.0,3.0,1.0,8/20 (40%),8/30 (26%),7/16 (43%),4/7 (57%),5.0,5.0,1.0,0.0,0.0,0.0
15469027,CHALLENGER,174026,"Cesenatico, Italy",2026-02-04,Round of 32,Hardcourt indoor,217835,Federico Iannaccone,487990,Michele Mecarelli,1,1,1 - 1,2026-05-17,4,1,5,1,38/67 (57%),36/60 (60%),24/29 (83%),23/24 (96%),26/38 (68%),25/36 (69%),12/29 (41%),13/24 (54%),11,10,1/5 (20%),2/4 (50%),60.0,67.0,38,38,22,29,7,7,9.0,12.0,7.0,5.0,5,7,11/36 (30%),12/38 (31%),11/24 (45%),17/29 (58%),10,11,2,4,0,0,4,0,2,1,18/34 (53%),11/20 (55%),14/16 (88%),8/9 (89%),14/18 (78%),9/11 (82%),10/16 (63%),4/9 (44%),5,4,1/1 (100%),0/1 (0%),24,13,7,10,7,5,3,1,2/11 (18%),4/18 (22%),5/9 (55%),6/16 (37%),4,5,1,0,0,0,0.0,1.0,2.0,0.0,14/21 (67%),19/34 (56%),5/7 (71%),15/15 (100%),9/14 (64%),10/19 (53%),1/7 (14%),11/15 (73%),4.0,5.0,0/2 (0%),2/3 (66%),10.0,21.0,13.0,11.0,3.0,7.0,3.0,5.0,9/19 (47%),5/14 (35%),4/15 (26%),6/7 (85%),5.0,4.0,1.0,2.0,0.0,0.0,0.0,0.0,1.0,0.0,5/12 (42%),4/6 (67%),6/7 (86%),2/2 (100%),2/5 (40%),4/4 (100%),2/7 (29%),0/2 (0%),2.0,1.0,0/2 (0%),0/0 (0%),4.0,4.0,2.0,8.0,2.0,3.0,0.0,3.0,0/4 (0%),3/5 (60%),2/2 (100%),5/7 (71%),1.0,2.0,0.0,2.0,0.0,0.0
15469024,CHALLENGER,174026,"Cesenatico, Italy",2026-02-04,Round of 32,Hardcourt indoor,106153,Enrico Dalla Valle,145108,Remy Bertola,2,1,2 - 1,2026-05-17,7,5,2,5,72/105 (69%),73/110 (66%),31/33 (94%),32/37 (86%),50/72 (69%),43/73 (59%),22/33 (67%),24/37 (65%),15,15,6/8 (75%),4/7 (57%),114.0,100.0,72,67,42,33,11,7,17.0,14.0,13.0,10.0,5,3,30/73 (41%),22/72 (30%),13/37 (35%),11/33 (33%),15,15,3,2,1,0,3,1,1,1,22/34 (65%),19/28 (68%),11/12 (92%),8/9 (89%),10/22 (45%),11/19 (58%),9/12 (75%),7/9 (78%),5,5,3/5 (60%),1/2 (50%),19,18,10,15,6,6,3,4,8/19 (42%),12/22 (54%),2/9 (22%),3/12 (25%),5,5,1,2,0,0,1.0,3.0,0.0,3.0,31/44 (70%),32/51 (63%),13/13 (100%),16/19 (84%),25/31 (81%),23/32 (72%),8/13 (62%),12/19 (63%),6.0,6.0,1/1 (100%),2/2 (100%),33.0,35.0,16.0,11.0,6.0,5.0,2.0,1.0,9/32 (28%),6/31 (19%),7/19 (36%),5/13 (38%),6.0,6.0,0.0,0.0,1.0,0.0,3.0,1.0,1.0,1.0,19/27 (70%),21/30 (70%),7/8 (88%),8/9 (89%),15/19 (79%),9/21 (43%),5/8 (63%),5/9 (56%),4.0,4.0,2/2 (100%),1/3 (33%),20.0,14.0,16.0,7.0,11.0,4.0,3.0,1.0,12/21 (57%),4/19 (21%),4/9 (44%),3/8 (37%),4.0,4.0,2.0,0.0,0.0,0.0
15440991,CHALLENGER,174026,"Cesenatico, Italy",2026-02-04,Round of 16,Hardcourt indoor,76515,Ivan Gakhov,217834,Francesco Forti,2,1,2 - 1,2026-05-17,9,22,5,3,70/122 (57%),68/103 (66%),47/52 (90%),32/35 (91%),51/70 (73%),56/68 (82%),28/52 (54%),14/35 (40%),17,17,8/12 (66%),2/5 (40%),112.0,113.0,79,70,33,43,6,7,18.0,18.0,13.0,13.0,3,4,12/68 (17%),19/70 (27%),21/35 (60%),24/52 (46%),17,17,3,4,2,0,4,6,2,2,21/42 (50%),30/43 (70%),19/21 (90%),11/13 (85%),17/21 (81%),22/30 (73%),12/21 (57%),5/13 (38%),6,6,2/3 (66%),2/3 (66%),29,27,16,13,6,4,3,3,8/30 (26%),4/21 (19%),8/13 (61%),9/21 (42%),6,6,1,1,1,0,4.0,8.0,1.0,0.0,25/36 (69%),14/21 (67%),10/11 (91%),7/7 (100%),18/25 (72%),14/14 (100%),6/11 (55%),6/7 (86%),5.0,5.0,4/5 (80%),0/0 (0%),24.0,20.0,1.0,12.0,5.0,7.0,1.0,2.0,0/14 (0%),7/25 (28%),1/7 (14%),5/11 (45%),5.0,5.0,0.0,1.0,0.0,0.0,1.0,8.0,2.0,1.0,24/44 (55%),24/39 (62%),18/20 (90%),14/15 (93%),16/24 (67%),20/24 (83%),10/20 (50%),3/15 (20%),6.0,6.0,2/4 (50%),0/2 (0%),26.0,23.0,16.0,18.0,4.0,6.0,3.0,4.0,4/24 (16%),8/24 (33%),12/15 (80%),10/20 (50%),6.0,6.0,2.0,2.0,1.0,0.0
15440990,CHALLENGER,174026,"Cesenatico, Italy",2026-02-04,Round of 16,Hardcourt indoor,414847,Petr Brunclik,296802,Niels Visker,2,0,2 - ?,2026-05-17,13,8,3,2,58/93 (62%),48/68 (71%),32/35 (91%),18/20 (90%),40/58 (69%),40/48 (83%),20/35 (57%),13/20 (65%),11,11,10/11 (90%),5/5 (100%),75.0,86.0,60,53,15,33,7,5,10.0,13.0,9.0,10.0,2,3,8/48 (16%),18/58 (31%),7/20 (35%),15/35 (42%),11,11,0,1,0,1,5,4,1,1,16/28 (57%),22/34 (65%),11/12 (92%),11/12 (92%),13/16 (81%),18/22 (82%),7/12 (58%),6/12 (50%),5,5,1/2 (50%),5/5 (100%),20,24,10,8,7,5,1,3,4/22 (18%),3/16 (18%),6/12 (50%),5/12 (41%),5,5,0,1,0,0,8.0,4.0,2.0,1.0,42/65 (65%),25/34 (74%),21/23 (91%),8/9 (89%),27/42 (64%),22/25 (88%),13/23 (57%),7/9 (78%),6.0,6.0,9/9 (100%),0/0 (0%),40.0,29.0,5.0,25.0,5.0,5.0,1.0,2.0,3/25 (12%),15/42 (35%),2/9 (22%),10/23 (43%),6.0,6.0,0.0,0.0,0.0,1.0,,,,,,,,,,,,,,,,,,,,,,,,,,,,,,,,,,
15440987,CHALLENGER,174026,"Cesenatico, Italy",2026-02-04,Round of 16,Hardcourt indoor,262405,Pietro Orlando Fellin,403858,Svyatoslav Gulin,2,0,2 - ?,2026-05-17,0,4,1,1,48/74 (65%),43/60 (72%),25/26 (96%),16/17 (94%),36/48 (75%),30/43 (70%),12/26 (46%),6/17 (35%),10,10,7/9 (77%),3/7 (42%),72.0,62.0,48,36,24,26,7,6,13.0,8.0,8.0,5.0,5,2,13/43 (30%),12/48 (25%),11/17 (64%),14/26 (53%),10,10,4,2,1,0,0,1,0,0,15/21 (71%),20/28 (71%),6/6 (100%),8/8 (100%),12/15 (80%),12/20 (60%),4/6 (67%),2/8 (25%),4,4,0/0 (0%),2/4 (50%),16,14,14,5,7,3,4,1,8/20 (40%),3/15 (20%),6/8 (75%),2/6 (33%),4,4,2,0,0,0,0.0,3.0,1.0,1.0,33/53 (62%),23/32 (72%),19/20 (95%),8/9 (89%),24/33 (73%),18/23 (78%),8/20 (40%),4/9 (44%),6.0,6.0,7/9 (77%),1/3 (33%),32.0,22.0,10.0,21.0,5.0,6.0,2.0,3.0,5/23 (21%),9/33 (27%),5/9 (55%),12/20 (60%),6.0,6.0,2.0,2.0,1.0,0.0,,,,,,,,,,,,,,,,,,,,,,,,,,,,,,,,,,
15461426,CHALLENGER,174017,"Cleveland, USA",2026-02-04,Round of 32,Hardcourt indoor,124916,Borna Gojo,522293,Jack Kennedy,2,0,2 - ?,2026-05-17,0,9,5,1,23/45 (51%),23/40 (57%),17/22 (77%),16/17 (94%),10/23 (43%),18/23 (78%),5/22 (23%),11/17 (65%),6,6,3/9 (33%),4/4 (100%),26.0,59.0,15,29,11,30,3,16,0.0,12.0,0.0,6.0,0,12,5/23 (21%),13/23 (56%),6/17 (35%),17/22 (77%),6,6,0,6,0,0,0,2,3,0,13/21 (62%),15/27 (56%),5/8 (63%),12/12 (100%),6/13 (46%),10/15 (67%),1/8 (13%),7/12 (58%),3,3,1/4 (25%),4/4 (100%),7,17,10,14,3,5,0,6,5/15 (33%),7/13 (53%),5/12 (41%),7/8 (87%),3,3,0,3,0,0,0.0,7.0,2.0,1.0,10/24 (42%),8/13 (62%),12/14 (86%),4/5 (80%),4/10 (40%),8/8 (100%),4/14 (29%),4/5 (80%),3.0,3.0,2/5 (40%),0/0 (0%),8.0,12.0,1.0,16.0,3.0,16.0,0.0,6.0,0/8 (0%),6/10 (60%),1/5 (20%),10/14 (71%),3.0,3.0,0.0,3.0,0.0,0.0,,,,,,,,,,,,,,,,,,,,,,,,,,,,,,,,,,
15440966,CHALLENGER,174021,"Koblenz, Germany",2026-02-04,Round of 16,Hardcourt indoor,380042,Tom Gentzsch,286492,Martin Krumich,2,0,,20260517,5,4,0,1,41/57 (72%),38/61 (62%),16/16 (100%),22/23 (96%),32/41 (78%),24/38 (63%),10/16 (63%),13/23 (57%),10,9,1/1 (100%),1/3 (33%),66.0,52.0,42,37,24,15,6,4,12.0,7.0,9.0,7.0,3,2,14/38 (36%),9/41 (21%),10/23 (43%),6/16 (37%),9,10,2,0,0,0,1,1,0,1,22/31 (71%),16/27 (59%),9/9 (100%),10/11 (91%),17/22 (77%),11/16 (69%),5/9 (56%),5/11 (45%),5,4,1/1 (100%),0/1 (0%),22,16,11,9,5,4,3,1,5/16 (31%),5/22 (22%),6/11 (54%),4/9 (44%),4,5,1,0,0,0,4.0,3.0,0.0,0.0,20/26 (77%),22/34 (65%),6/6 (100%),12/12 (100%),16/20 (80%),13/22 (59%),4/6 (67%),8/12 (67%),5.0,5.0,0/0 (0%),1/2 (50%),20.0,21.0,13.0,6.0,6.0,4.0,3.0,1.0,9/22 (40%),4/20 (20%),4/12 (33%),2/6 (33%),5.0,5.0,1.0,0.0,0.0,0.0,,,,,,,,,,,,,,,,,,,,,,,,,,,,,,,,,,
15468134,CHALLENGER,174009,"Tenerife, Spain",2026-02-04,Round of 32,Hardcourt outdoor,177686,Javier Barranco Cosano,482299,Andrea Colombo,2,0,,20260517,1,3,1,0,26/42 (62%),37/49 (76%),15/16 (94%),12/12 (100%),14/26 (54%),28/37 (76%),6/16 (38%),9/12 (75%),8,8,1/5 (20%),3/3 (100%),32.0,59.0,20,37,12,22,5,11,4.0,12.0,4.0,7.0,1,5,9/37 (24%),12/26 (46%),3/12 (25%),10/16 (62%),8,8,0,4,0,0,0,1,1,0,13/25 (52%),21/28 (75%),11/12 (92%),7/7 (100%),7/13 (54%),16/21 (76%),6/12 (50%),4/7 (57%),5,4,1/3 (33%),2/2 (100%),13,20,8,12,3,9,1,3,5/21 (23%),6/13 (46%),3/7 (42%),6/12 (50%),4,5,0,2,0,0,1.0,2.0,0.0,0.0,12/17 (71%),16/21 (76%),5/5 (100%),5/5 (100%),6/12 (50%),12/16 (75%),1/5 (20%),5/5 (100%),3.0,4.0,0/2 (0%),1/1 (100%),7.0,17.0,4.0,10.0,5.0,11.0,1.0,3.0,4/16 (25%),6/12 (50%),0/5 (0%),4/5 (80%),4.0,3.0,0.0,2.0,0.0,0.0,,,,,,,,,,,,,,,,,,,,,,,,,,,,,,,,,,
15460039,CHALLENGER,174009,"Tenerife, Spain",2026-02-04,Round of 32,Hardcourt outdoor,36300,Stefano Travaglia,198223,Sergey Fomin,2,0,,20260517,0,7,2,0,30/41 (73%),21/40 (53%),9/11 (82%),19/19 (100%),12/30 (40%),19/21 (90%),6/11 (55%),14/19 (74%),7,8,0/4 (0%),3/3 (100%),25.0,56.0,18,33,7,23,3,9,3.0,12.0,3.0,8.0,1,7,2/21 (9%),18/30 (60%),5/19 (26%),5/11 (45%),8,7,0,4,0,0,0,5,1,0,13/21 (62%),12/24 (50%),7/8 (88%),12/12 (100%),7/13 (54%),11/12 (92%),5/8 (63%),9/12 (75%),4,5,0/1 (0%),0/0 (0%),12,20,4,9,3,9,1,3,1/12 (8%),6/13 (46%),3/12 (25%),3/8 (37%),5,4,0,1,0,0,0.0,2.0,1.0,0.0,16/20 (80%),9/16 (56%),3/4 (75%),7/7 (100%),4/16 (25%),8/9 (89%),2/4 (50%),5/7 (71%),3.0,3.0,0/3 (0%),3/3 (100%),6.0,13.0,3.0,14.0,3.0,8.0,0.0,6.0,1/9 (11%),12/16 (75%),2/7 (28%),2/4 (50%),3.0,3.0,0.0,3.0,0.0,0.0,,,,,,,,,,,,,,,,,,,,,,,,,,,,,,,,,,
15460043,CHALLENGER,174009,"Tenerife, Spain",2026-02-04,Round of 32,Hardcourt outdoor,217448,Pol Martin Tiffon,405101,Sergio Callejon Hernando,2,0,,20260517,2,3,3,3,23/43 (53%),21/51 (41%),17/20 (85%),27/30 (90%),14/23 (61%),18/21 (86%),5/20 (25%),15/30 (50%),8,8,4/9 (44%),0/1 (0%),37.0,57.0,19,33,18,24,4,8,4.0,12.0,2.0,6.0,1,5,3/21 (14%),9/23 (39%),15/30 (50%),15/20 (75%),8,8,1,5,0,0,1,1,3,1,9/18 (50%),12/32 (38%),6/9 (67%),19/20 (95%),8/9 (89%),10/12 (83%),1/9 (11%),10/20 (50%),4,5,1/3 (33%),0/1 (0%),9,20,12,9,4,8,1,3,2/12 (16%),1/9 (11%),10/20 (50%),8/9 (88%),5,4,1,2,0,0,1.0,2.0,0.0,2.0,14/25 (56%),8/19 (42%),11/11 (100%),9/11 (82%),6/14 (43%),7/8 (88%),4/11 (36%),6/11 (55%),4.0,3.0,3/6 (50%),0/0 (0%),10.0,13.0,6.0,15.0,4.0,5.0,1.0,4.0,1/8 (12%),8/14 (57%),5/11 (45%),7/11 (63%),3.0,4.0,0.0,3.0,0.0,0.0,,,,,,,,,,,,,,,,,,,,,,,,,,,,,,,,,,
15460046,CHALLENGER,174009,"Tenerife, Spain",2026-02-04,Round of 32,Hardcourt outdoor,261017,Francesco Maestrelli,213076,Mathys Erhard,2,0,,20260517,0,3,2,2,45/63 (71%),52/63 (83%),16/18 (89%),9/11 (82%),37/45 (82%),35/52 (67%),9/18 (50%),7/11 (64%),11,10,1/2 (50%),2/4 (50%),66.0,58.0,46,42,20,16,5,8,13.0,9.0,10.0,8.0,3,2,17/52 (32%),8/45 (17%),4/11 (36%),9/18 (50%),10,11,2,1,1,0,0,1,1,1,19/26 (73%),22/27 (81%),6/7 (86%),4/5 (80%),16/19 (84%),14/22 (64%),4/7 (57%),3/5 (60%),5,4,0/0 (0%),2/3 (66%),20,17,10,6,5,5,3,1,8/22 (36%),3/19 (15%),2/5 (40%),3/7 (42%),4,5,1,0,0,0,0.0,2.0,1.0,1.0,24/36 (67%),29/35 (83%),11/12 (92%),5/6 (83%),21/24 (88%),21/29 (72%),5/12 (42%),4/6 (67%),6.0,6.0,1/2 (50%),0/1 (0%),26.0,25.0,10.0,10.0,4.0,8.0,2.0,2.0,8/29 (27%),3/24 (12%),2/6 (33%),7/12 (58%),6.0,6.0,1.0,1.0,1.0,0.0,,,,,,,,,,,,,,,,,,,,,,,,,,,,,,,,,,
15468135,CHALLENGER,174009,"Tenerife, Spain",2026-02-04,Round of 32,Hardcourt outdoor,192862,Miguel Damas,462179,Thomas Faurel,2,0,,20260517,0,2,0,1,38/55 (69%),30/49 (61%),17/17 (100%),18/19 (95%),27/38 (71%),15/30 (50%),7/17 (41%),9/19 (47%),10,9,0/3 (0%),1/6 (16%),59.0,45.0,34,24,25,21,7,4,12.0,7.0,7.0,3.0,6,2,15/30 (50%),11/38 (28%),10/19 (52%),10/17 (58%),9,10,5,3,0,0,0,2,0,1,15/28 (54%),15/22 (68%),13/13 (100%),6/7 (86%),11/15 (73%),6/15 (40%),5/13 (38%),2/7 (29%),5,4,0/2 (0%),0/3 (0%),16,8,14,12,7,3,3,2,9/15 (60%),4/15 (26%),5/7 (71%),8/13 (61%),4,5,3,2,0,0,0.0,0.0,0.0,0.0,22/27 (81%),15/27 (56%),5/5 (100%),12/12 (100%),15/22 (68%),9/15 (60%),3/5 (60%),7/12 (58%),5.0,5.0,0/1 (0%),1/3 (33%),18.0,16.0,11.0,9.0,6.0,4.0,4.0,2.0,6/15 (40%),7/22 (31%),5/12 (41%),2/5 (40%),5.0,5.0,2.0,1.0,0.0,0.0,,,,,,,,,,,,,,,,,,,,,,,,,,,,,,,,,,
15468137,CHALLENGER,174009,"Tenerife, Spain",2026-02-04,Round of 32,Hardcourt outdoor,853634,Jacopo Vasamì,318573,Dali Blanch,2,1,,20260517,15,5,2,3,67/108 (62%),69/109 (63%),39/41 (95%),37/40 (93%),57/67 (85%),52/69 (75%),22/41 (54%),23/40 (57%),17,16,1/1 (100%),4/5 (80%),113.0,104.0,79,75,34,29,7,5,18.0,17.0,17.0,13.0,3,1,17/69 (24%),10/67 (14%),17/40 (42%),19/41 (46%),16,17,1,0,0,2,8,1,0,0,20/37 (54%),22/36 (61%),17/17 (100%),14/14 (100%),18/20 (90%),17/22 (77%),9/17 (53%),11/14 (79%),6,6,,,27,28,8,10,4,5,1,1,5/22 (22%),2/20 (10%),3/14 (21%),8/17 (47%),6,6,0,0,0,1,5.0,1.0,1.0,1.0,21/33 (64%),18/26 (69%),11/12 (92%),7/8 (88%),17/21 (81%),12/18 (67%),7/12 (58%),3/8 (38%),5.0,4.0,1/1 (100%),1/2 (50%),24.0,15.0,11.0,9.0,7.0,3.0,3.0,1.0,6/18 (33%),4/21 (19%),5/8 (62%),5/12 (41%),4.0,5.0,1.0,0.0,0.0,0.0,2.0,3.0,1.0,2.0,26/38 (68%),28/47 (60%),11/12 (92%),17/19 (89%),22/26 (85%),22/28 (79%),6/12 (50%),10/19 (53%),6.0,6.0,0/0 (0%),3/3 (100%),28.0,32.0,15.0,10.0,5.0,4.0,1.0,1.0,6/28 (21%),4/26 (15%),9/19 (47%),6/12 (50%),6.0,6.0,0.0,0.0,0.0,1.0
15460038,CHALLENGER,174009,"Tenerife, Spain",2026-02-04,Round of 32,Hardcourt outdoor,307391,Daniel Rincon,145112,Marc-Andrea Huesler,2,0,,20260517,5,3,1,1,62/89 (70%),46/72 (64%),26/27 (96%),25/26 (96%),37/62 (60%),37/46 (80%),17/27 (63%),15/26 (58%),12,12,8/10 (80%),0/1 (0%),74.0,87.0,54,52,20,35,5,7,11.0,14.0,10.0,10.0,2,3,9/46 (19%),25/62 (40%),11/26 (42%),10/27 (37%),12,12,1,2,0,1,4,3,1,0,31/47 (66%),20/36 (56%),15/16 (94%),16/16 (100%),21/31 (68%),19/20 (95%),10/16 (63%),10/16 (63%),6,6,4/4 (100%),0/0 (0%),31,29,7,16,5,7,1,2,1/20 (5%),10/31 (32%),6/16 (37%),6/16 (37%),6,6,0,0,0,1,1.0,0.0,0.0,1.0,30/42 (71%),27/36 (75%),12/12 (100%),8/9 (89%),16/30 (53%),18/27 (67%),7/12 (58%),5/9 (56%),6.0,6.0,4/6 (66%),0/1 (0%),23.0,23.0,13.0,19.0,4.0,4.0,2.0,2.0,9/27 (33%),14/30 (46%),4/9 (44%),5/12 (41%),6.0,6.0,1.0,2.0,0.0,0.0,,,,,,,,,,,,,,,,,,,,,,,,,,,,,,,,,,
15468136,CHALLENGER,174009,"Tenerife, Spain",2026-02-04,Round of 32,Hardcourt outdoor,48626,Lorenzo Giustino,460287,Izan Almazan Valiente,2,0,,20260517,8,2,0,2,44/68 (65%),43/64 (67%),24/24 (100%),19/21 (90%),37/44 (84%),31/43 (72%),15/24 (63%),13/21 (62%),12,12,0/1 (0%),0/2 (0%),72.0,60.0,52,44,20,16,10,5,14.0,11.0,10.0,10.0,3,2,12/43 (27%),7/44 (15%),8/21 (38%),9/24 (37%),12,12,2,1,1,0,3,0,0,2,24/36 (67%),21/32 (66%),12/12 (100%),9/11 (82%),22/24 (92%),18/21 (86%),7/12 (58%),8/11 (73%),6,6,,,29,26,6,7,4,5,1,1,3/21 (14%),2/24 (8%),3/11 (27%),5/12 (41%),6,6,0,0,1,0,5.0,2.0,0.0,0.0,20/32 (63%),22/32 (69%),12/12 (100%),10/10 (100%),15/20 (75%),13/22 (59%),8/12 (67%),5/10 (50%),6.0,6.0,0/1 (0%),0/2 (0%),23.0,18.0,14.0,9.0,10.0,5.0,3.0,2.0,9/22 (40%),5/20 (25%),5/10 (50%),4/12 (33%),6.0,6.0,2.0,1.0,0.0,0.0,,,,,,,,,,,,,,,,,,,,,,,,,,,,,,,,,,
15468132,CHALLENGER,174009,"Tenerife, Spain",2026-02-04,Round of 32,Hardcourt outdoor,451920,Alejo Sanchez Quilez,54955,Kimmer Coppejans,2,1,,20260517,3,7,1,3,61/102 (60%),72/103 (70%),40/41 (98%),28/31 (90%),34/61 (56%),49/72 (68%),22/41 (54%),10/31 (32%),14,15,9/15 (60%),9/14 (64%),100.0,105.0,56,59,44,46,10,8,14.0,16.0,8.0,10.0,3,3,23/72 (31%),27/61 (44%),21/31 (67%),19/41 (46%),15,14,5,6,1,0,0,3,0,0,10/18 (56%),17/23 (74%),8/8 (100%),6/6 (100%),4/10 (40%),14/17 (82%),5/8 (63%),3/6 (50%),3,4,1/3 (33%),1/1 (100%),9,17,6,9,4,6,1,5,3/17 (17%),6/10 (60%),3/6 (50%),3/8 (37%),4,3,0,2,0,0,2.0,3.0,1.0,2.0,35/54 (65%),32/47 (68%),18/19 (95%),13/15 (87%),18/35 (51%),24/32 (75%),9/19 (47%),1/15 (7%),6.0,6.0,5/8 (62%),6/9 (66%),27.0,25.0,22.0,27.0,6.0,8.0,2.0,2.0,8/32 (25%),17/35 (48%),14/15 (93%),10/19 (52%),6.0,6.0,3.0,3.0,1.0,0.0,1.0,1.0,0.0,1.0,16/30 (53%),22/33 (67%),14/14 (100%),10/11 (91%),12/16 (75%),11/22 (50%),8/14 (57%),6/11 (55%),5.0,5.0,3/4 (75%),2/4 (50%),20.0,17.0,16.0,10.0,10.0,4.0,2.0,2.0,11/22 (50%),4/16 (25%),5/11 (45%),6/14 (42%),5.0,5.0,2.0,1.0,0.0,0.0
15470886,CHALLENGER,174017,"Cleveland, USA",2026-02-04,Round of 32,Hardcourt indoor,274435,Stefan Dostanic,199448,Matt Kuhar,2,0,2 - ?,2026-05-17,3,8,1,0,28/41 (68%),26/39 (67%),12/13 (92%),13/13 (100%),14/28 (50%),24/26 (92%),5/13 (38%),8/13 (62%),7,8,1/5 (20%),0/0 (0%),26.0,54.0,19,32,7,22,4,7,3.0,12.0,3.0,8.0,1,5,2/26 (7%),14/28 (50%),5/13 (38%),8/13 (61%),8,7,0,4,0,0,1,3,0,0,11/17 (65%),13/21 (62%),6/6 (100%),8/8 (100%),4/11 (36%),11/13 (85%),3/6 (50%),5/8 (63%),3,4,1/3 (33%),0/0 (0%),7,16,5,10,2,4,1,3,2/13 (15%),7/11 (63%),3/8 (37%),3/6 (50%),4,3,0,2,0,0,2.0,5.0,1.0,0.0,17/24 (71%),13/18 (72%),6/7 (86%),5/5 (100%),10/17 (59%),13/13 (100%),2/7 (29%),3/5 (60%),4.0,4.0,0/2 (0%),0/0 (0%),12.0,16.0,2.0,12.0,4.0,7.0,1.0,5.0,0/13 (0%),7/17 (41%),2/5 (40%),5/7 (71%),4.0,4.0,0.0,2.0,0.0,0.0,,,,,,,,,,,,,,,,,,,,,,,,,,,,,,,,,,
15461425,CHALLENGER,174017,"Cleveland, USA",2026-02-04,Round of 32,Hardcourt indoor,232036,Tristan Boyer,239967,Garrett Johns,2,0,2 - ?,2026-05-17,6,3,4,5,36/60 (60%),36/64 (56%),20/24 (83%),23/28 (82%),31/36 (86%),26/36 (72%),10/24 (42%),12/28 (43%),10,10,4/5 (80%),4/7 (57%),67.0,57.0,41,38,26,19,8,6,12.0,8.0,9.0,6.0,5,2,10/36 (27%),5/36 (13%),16/28 (57%),14/24 (58%),10,10,3,1,0,0,4,1,4,5,17/27 (63%),20/35 (57%),6/10 (60%),10/15 (67%),15/17 (88%),14/20 (70%),3/10 (30%),5/15 (33%),5,5,1/2 (50%),3/5 (60%),18,19,16,9,8,3,4,2,6/20 (30%),2/17 (11%),10/15 (66%),7/10 (70%),5,5,2,1,0,0,2.0,2.0,0.0,0.0,19/33 (58%),16/29 (55%),14/14 (100%),13/13 (100%),16/19 (84%),12/16 (75%),7/14 (50%),7/13 (54%),5.0,5.0,3/3 (100%),1/2 (50%),23.0,19.0,10.0,10.0,4.0,6.0,3.0,1.0,4/16 (25%),3/19 (15%),6/13 (46%),7/14 (50%),5.0,5.0,1.0,0.0,0.0,0.0,,,,,,,,,,,,,,,,,,,,,,,,,,,,,,,,,,
15461428,CHALLENGER,174017,"Cleveland, USA",2026-02-04,Round of 32,Hardcourt indoor,232059,Keegan Smith,265147,Tyler Zink,2,1,2 - 1,2026-05-17,7,10,2,3,66/102 (65%),80/108 (74%),34/36 (94%),25/28 (89%),50/66 (76%),59/80 (74%),23/36 (64%),20/28 (71%),16,17,0/1 (0%),2/2 (100%),102.0,108.0,73,79,29,29,4,5,16.0,19.0,15.0,17.0,1,3,21/80 (26%),16/66 (24%),8/28 (28%),13/36 (36%),17,16,0,1,1,1,1,4,1,0,14/26 (54%),19/25 (76%),11/12 (92%),6/6 (100%),11/14 (79%),15/19 (79%),5/12 (42%),5/6 (83%),4,5,0/1 (0%),0/0 (0%),16,20,5,10,4,5,1,3,4/19 (21%),3/14 (21%),1/6 (16%),7/12 (58%),5,4,0,1,0,0,2.0,2.0,1.0,2.0,30/42 (71%),24/38 (63%),11/12 (92%),12/14 (86%),23/30 (77%),18/24 (75%),7/12 (58%),9/14 (64%),6.0,6.0,,,30.0,27.0,11.0,12.0,4.0,4.0,1.0,1.0,6/24 (25%),7/30 (23%),5/14 (35%),5/12 (41%),6.0,6.0,0.0,0.0,1.0,0.0,4.0,4.0,0.0,1.0,22/34 (65%),36/45 (80%),12/12 (100%),8/9 (89%),16/22 (73%),25/36 (69%),11/12 (92%),7/9 (78%),6.0,6.0,0/0 (0%),2/2 (100%),27.0,32.0,13.0,7.0,4.0,3.0,1.0,1.0,11/36 (30%),6/22 (27%),2/9 (22%),1/12 (8%),6.0,6.0,0.0,0.0,0.0,1.0
15470889,CHALLENGER,174017,"Cleveland, USA",2026-02-04,Round of 32,Hardcourt indoor,257597,Joshua Sheehy,199453,Karl Poling,2,0,2 - ?,2026-05-17,14,2,5,4,40/88 (45%),56/101 (55%),43/48 (90%),41/45 (91%),31/40 (78%),37/56 (66%),28/48 (58%),24/45 (53%),12,12,8/9 (88%),5/6 (83%),99.0,90.0,59,61,40,29,8,4,14.0,12.0,11.0,10.0,2,1,19/56 (33%),9/40 (22%),21/45 (46%),20/48 (41%),12,12,1,1,2,0,7,1,2,0,15/45 (33%),25/41 (61%),28/30 (93%),16/16 (100%),12/15 (80%),17/25 (68%),19/30 (63%),10/16 (63%),6,6,5/5 (100%),2/2 (100%),31,27,14,14,5,4,2,1,8/25 (32%),3/15 (20%),6/16 (37%),11/30 (36%),6,6,0,0,1,0,7.0,1.0,3.0,4.0,25/43 (58%),31/60 (52%),15/18 (83%),25/29 (86%),19/25 (76%),20/31 (65%),9/18 (50%),14/29 (48%),6.0,6.0,3/4 (75%),3/4 (75%),28.0,34.0,26.0,15.0,8.0,4.0,2.0,1.0,11/31 (35%),6/25 (24%),15/29 (51%),9/18 (50%),6.0,6.0,1.0,1.0,1.0,0.0,,,,,,,,,,,,,,,,,,,,,,,,,,,,,,,,,,
15470885,CHALLENGER,174017,"Cleveland, USA",2026-02-04,Round of 32,Hardcourt indoor,290569,Quinn Vandecasteele,333007,Murphy Cassone,2,0,2 - ?,2026-05-17,9,4,2,1,37/77 (48%),52/74 (70%),38/40 (95%),21/22 (95%),33/37 (89%),34/52 (65%),20/40 (50%),11/22 (50%),11,10,6/7 (85%),4/6 (66%),82.0,69.0,53,45,29,24,6,5,13.0,9.0,10.0,6.0,4,1,18/52 (34%),4/37 (10%),11/22 (50%),20/40 (50%),10,11,2,1,1,0,2,4,0,0,15/38 (39%),37/50 (74%),23/23 (100%),13/13 (100%),15/15 (100%),26/37 (70%),14/23 (61%),7/13 (54%),6,6,0/0 (0%),4/4 (100%),29,33,17,9,6,4,2,1,11/37 (29%),0/15 (0%),6/13 (46%),9/23 (39%),6,6,0,0,1,0,7.0,0.0,2.0,1.0,21/39 (54%),15/24 (63%),16/18 (89%),8/9 (89%),17/21 (81%),8/15 (53%),7/18 (39%),4/9 (44%),5.0,4.0,6/7 (85%),0/2 (0%),24.0,12.0,12.0,15.0,5.0,5.0,3.0,2.0,7/15 (46%),4/21 (19%),5/9 (55%),11/18 (61%),4.0,5.0,2.0,1.0,0.0,0.0,,,,,,,,,,,,,,,,,,,,,,,,,,,,,,,,,,
15461431,CHALLENGER,174017,"Cleveland, USA",2026-02-04,Round of 32,Hardcourt indoor,215377,Dan Martin,216154,Sho Shimabukuro,2,0,2 - ?,2026-05-17,4,2,5,1,30/59 (51%),30/50 (60%),24/29 (83%),19/20 (95%),20/30 (67%),23/30 (77%),12/29 (41%),14/20 (70%),9,10,4/7 (57%),0/1 (0%),45.0,64.0,32,37,13,27,3,7,7.0,12.0,6.0,9.0,1,3,7/30 (23%),10/30 (33%),6/20 (30%),17/29 (58%),10,9,1,3,0,0,1,1,1,1,11/18 (61%),16/26 (62%),6/7 (86%),9/10 (90%),6/11 (55%),12/16 (75%),2/7 (29%),5/10 (50%),4,5,0/2 (0%),0/1 (0%),8,17,9,10,3,7,1,2,4/16 (25%),5/11 (45%),5/10 (50%),5/7 (71%),5,4,1,2,0,0,3.0,1.0,4.0,0.0,19/41 (46%),14/24 (58%),18/22 (82%),10/10 (100%),14/19 (74%),11/14 (79%),10/22 (45%),9/10 (90%),5.0,5.0,4/5 (80%),0/0 (0%),24.0,20.0,4.0,17.0,3.0,5.0,1.0,3.0,3/14 (21%),5/19 (26%),1/10 (10%),12/22 (54%),5.0,5.0,0.0,1.0,0.0,0.0,,,,,,,,,,,,,,,,,,,,,,,,,,,,,,,,,,
15470887,CHALLENGER,174017,"Cleveland, USA",2026-02-04,Round of 32,Hardcourt indoor,263674,Justin Boulais,1160881,Lincoln Battle,2,0,2 - ?,2026-05-17,2,5,1,1,35/59 (59%),36/57 (63%),23/24 (96%),20/21 (95%),22/35 (63%),26/36 (72%),7/24 (29%),10/21 (48%),9,10,4/8 (50%),4/6 (66%),50.0,66.0,29,36,21,30,4,14,7.0,12.0,4.0,8.0,2,4,10/36 (27%),13/35 (37%),11/21 (52%),17/24 (70%),10,9,2,4,0,0,0,1,0,0,9/20 (45%),15/24 (63%),11/11 (100%),9/9 (100%),4/9 (44%),10/15 (67%),2/11 (18%),4/9 (44%),4,5,1/4 (25%),1/3 (33%),6,14,10,14,3,14,2,4,5/15 (33%),5/9 (55%),5/9 (55%),9/11 (81%),5,4,2,3,0,0,2.0,4.0,1.0,1.0,25/39 (64%),21/33 (64%),13/14 (93%),11/12 (92%),17/25 (68%),16/21 (76%),6/14 (43%),6/12 (50%),5.0,5.0,3/4 (75%),3/3 (100%),23.0,22.0,11.0,16.0,4.0,5.0,1.0,3.0,5/21 (23%),8/25 (32%),6/12 (50%),8/14 (57%),5.0,5.0,0.0,1.0,0.0,0.0,,,,,,,,,,,,,,,,,,,,,,,,,,,,,,,,,,
15470888,CHALLENGER,174017,"Cleveland, USA",2026-02-04,Round of 32,Hardcourt indoor,161448,Ben Jones,422712,Aryan Shah,2,1,2 - 1,2026-05-17,2,18,5,4,47/89 (53%),56/85 (66%),37/42 (88%),25/29 (86%),35/47 (74%),47/56 (84%),20/42 (48%),10/29 (34%),14,15,4/7 (57%),4/6 (66%),83.0,91.0,55,57,28,34,6,5,13.0,16.0,11.0,13.0,3,3,9/56 (16%),12/47 (25%),19/29 (65%),22/42 (52%),15,14,2,3,0,0,1,5,3,2,17/33 (52%),20/29 (69%),13/16 (81%),7/9 (78%),13/17 (76%),18/20 (90%),9/16 (56%),2/9 (22%),5,5,1/1 (100%),4/5 (80%),22,20,9,11,6,4,3,1,2/20 (10%),4/17 (23%),7/9 (77%),7/16 (43%),5,5,1,0,0,0,1.0,9.0,1.0,0.0,10/23 (43%),19/28 (68%),12/13 (92%),9/9 (100%),9/10 (90%),16/19 (84%),6/13 (46%),4/9 (44%),4.0,5.0,1/2 (50%),0/0 (0%),15.0,20.0,8.0,8.0,4.0,4.0,1.0,3.0,3/19 (15%),1/10 (10%),5/9 (55%),7/13 (53%),5.0,4.0,0.0,1.0,0.0,0.0,0.0,4.0,1.0,2.0,18/33 (55%),17/28 (61%),14/15 (93%),9/11 (82%),12/18 (67%),13/17 (76%),6/15 (40%),4/11 (36%),5.0,5.0,2/4 (50%),0/1 (0%),18.0,17.0,11.0,15.0,5.0,5.0,3.0,3.0,4/17 (23%),6/18 (33%),7/11 (63%),9/15 (60%),5.0,5.0,1.0,2.0,0.0,0.0
15461432,CHALLENGER,174017,"Cleveland, USA",2026-02-04,Round of 32,Hardcourt indoor,391865,Colton Smith,256804,Cannon Kingsley,2,1,2 - 1,2026-05-17,11,6,2,3,80/121 (66%),58/89 (65%),39/41 (95%),28/31 (90%),55/80 (69%),44/58 (76%),19/41 (46%),17/31 (55%),16,15,5/8 (62%),2/5 (40%),102.0,108.0,74,61,28,47,6,8,16.0,16.0,13.0,12.0,2,3,14/58 (24%),25/80 (31%),14/31 (45%),22/41 (53%),15,16,3,3,0,1,3,0,0,2,21/32 (66%),16/25 (64%),11/11 (100%),7/9 (78%),15/21 (71%),9/16 (56%),5/11 (45%),4/9 (44%),5,4,0/1 (0%),0/2 (0%),20,13,12,12,6,5,3,2,7/16 (43%),6/21 (28%),5/9 (55%),6/11 (54%),4,5,2,1,0,0,7.0,3.0,1.0,0.0,39/61 (64%),25/40 (63%),21/22 (95%),15/15 (100%),28/39 (72%),21/25 (84%),12/22 (55%),9/15 (60%),6.0,6.0,5/5 (100%),0/0 (0%),40.0,30.0,10.0,21.0,6.0,5.0,1.0,1.0,4/25 (16%),11/39 (28%),6/15 (40%),10/22 (45%),6.0,6.0,0.0,0.0,0.0,1.0,1.0,3.0,1.0,1.0,17/28 (61%),16/24 (67%),10/11 (91%),7/8 (88%),10/17 (59%),13/16 (81%),4/11 (36%),5/8 (63%),5.0,5.0,0/2 (0%),2/3 (66%),14.0,18.0,6.0,14.0,3.0,8.0,2.0,2.0,3/16 (18%),7/17 (41%),3/8 (37%),7/11 (63%),5.0,5.0,1.0,2.0,0.0,0.0
15463403,CHALLENGER,174017,"Cleveland, USA",2026-02-04,Round of 32,Hardcourt indoor,307390,Raphael Perot,393595,Jay Friend,2,1,2 - 1,2026-05-17,2,5,4,3,60/99 (61%),45/80 (56%),35/39 (90%),32/35 (91%),42/60 (70%),31/45 (69%),19/39 (49%),17/35 (49%),14,13,2/4 (50%),1/5 (20%),93.0,86.0,61,48,32,38,5,5,16.0,11.0,12.0,9.0,4,3,14/45 (31%),18/60 (30%),18/35 (51%),20/39 (51%),13,14,4,2,0,0,1,2,0,1,12/24 (50%),9/25 (36%),12/12 (100%),15/16 (94%),10/12 (83%),6/9 (67%),7/12 (58%),7/16 (44%),4,4,0/0 (0%),0/2 (0%),17,13,12,7,5,3,4,1,3/9 (33%),2/12 (16%),9/16 (56%),5/12 (41%),4,4,2,0,0,0,0.0,2.0,2.0,2.0,22/36 (61%),20/33 (61%),12/14 (86%),11/13 (85%),13/22 (59%),13/20 (65%),6/14 (43%),7/13 (54%),5.0,5.0,2/4 (50%),1/2 (50%),19.0,20.0,13.0,17.0,3.0,5.0,2.0,3.0,7/20 (35%),9/22 (40%),6/13 (46%),8/14 (57%),5.0,5.0,1.0,2.0,0.0,0.0,1.0,1.0,2.0,0.0,26/39 (67%),14/22 (64%),11/13 (85%),8/8 (100%),19/26 (73%),12/14 (86%),6/13 (46%),3/8 (38%),5.0,4.0,0/0 (0%),0/1 (0%),25.0,15.0,7.0,14.0,4.0,4.0,3.0,1.0,2/14 (14%),7/26 (26%),5/8 (62%),7/13 (53%),4.0,5.0,1.0,0.0,0.0,0.0
15460037,CHALLENGER,174009,"Tenerife, Spain",2026-02-04,Round of 32,Hardcourt outdoor,338890,Daniel Merida,321791,Toby Samuel,2,0,,20260517,1,3,0,0,33/54 (61%),36/53 (68%),21/21 (100%),17/17 (100%),16/33 (48%),20/36 (56%),8/21 (38%),10/17 (59%),9,9,6/12 (50%),3/6 (50%),47.0,60.0,24,30,23,30,6,8,6.0,12.0,3.0,6.0,3,4,16/36 (44%),17/33 (51%),7/17 (41%),13/21 (61%),9,9,3,6,0,0,1,2,0,0,15/22 (68%),14/21 (67%),7/7 (100%),7/7 (100%),6/15 (40%),10/14 (71%),2/7 (29%),4/7 (57%),4,4,3/6 (50%),1/2 (50%),8,14,7,14,3,8,2,4,4/14 (28%),9/15 (60%),3/7 (42%),5/7 (71%),4,4,1,3,0,0,0.0,1.0,0.0,0.0,18/32 (56%),21/32 (66%),14/14 (100%),11/11 (100%),10/18 (56%),10/21 (48%),6/14 (43%),6/11 (55%),5.0,5.0,3/6 (50%),2/4 (50%),16.0,16.0,16.0,16.0,6.0,5.0,3.0,2.0,11/21 (52%),8/18 (44%),5/11 (45%),8/14 (57%),5.0,5.0,2.0,3.0,0.0,0.0,,,,,,,,,,,,,,,,,,,,,,,,,,,,,,,,,,
15468133,CHALLENGER,174009,"Tenerife, Spain",2026-02-04,Round of 32,Hardcourt outdoor,250857,Alejandro Moro Canas,326985,Iiro Vasa,2,1,,20260517,2,8,0,3,68/97 (70%),57/98 (58%),29/29 (100%),38/41 (93%),45/68 (66%),43/57 (75%),19/29 (66%),22/41 (54%),15,15,7/8 (87%),6/8 (75%),97.0,98.0,64,65,33,33,7,7,16.0,14.0,14.0,12.0,4,3,14/57 (24%),23/68 (33%),19/41 (46%),10/29 (34%),15,15,2,1,0,0,0,1,0,1,17/25 (68%),16/30 (53%),8/8 (100%),13/14 (93%),11/17 (65%),12/16 (75%),4/8 (50%),10/14 (71%),4,5,3/4 (75%),3/3 (100%),15,22,8,10,7,7,1,3,4/16 (25%),6/17 (35%),4/14 (28%),4/8 (50%),5,4,0,1,0,0,1.0,3.0,0.0,0.0,19/29 (66%),17/27 (63%),10/10 (100%),10/10 (100%),15/19 (79%),13/17 (76%),6/10 (60%),4/10 (40%),5.0,4.0,3/3 (100%),1/2 (50%),21.0,17.0,10.0,8.0,5.0,5.0,3.0,1.0,4/17 (23%),4/19 (21%),6/10 (60%),4/10 (40%),4.0,5.0,1.0,0.0,0.0,0.0,1.0,4.0,0.0,2.0,32/43 (74%),24/41 (59%),11/11 (100%),15/17 (88%),19/32 (59%),18/24 (75%),9/11 (82%),8/17 (47%),6.0,6.0,1/1 (100%),2/3 (66%),28.0,26.0,15.0,15.0,4.0,6.0,3.0,1.0,6/24 (25%),13/32 (40%),9/17 (52%),2/11 (18%),6.0,6.0,1.0,0.0,0.0,0.0
15440880,CHALLENGER,174009,"Tenerife, Spain",2026-02-04,Round of 16,Hardcourt outdoor,36300,Stefano Travaglia,381399,Gabriele Piraino,2,0,,20260517,2,6,1,2,34/52 (65%),38/63 (60%),17/18 (94%),23/25 (92%),20/34 (59%),27/38 (71%),8/18 (44%),13/25 (52%),9,9,2/6 (33%),1/2 (50%),51.0,64.0,28,40,23,24,5,6,6.0,12.0,5.0,8.0,2,3,11/38 (28%),14/34 (41%),12/25 (48%),10/18 (55%),9,9,1,4,0,0,1,4,1,1,17/23 (74%),22/36 (61%),5/6 (83%),13/14 (93%),10/17 (59%),16/22 (73%),2/6 (33%),6/14 (43%),4,5,1/3 (33%),0/1 (0%),12,22,14,11,5,6,2,3,6/22 (27%),7/17 (41%),8/14 (57%),4/6 (66%),5,4,1,2,0,0,1.0,2.0,0.0,1.0,18/29 (62%),16/27 (59%),11/11 (100%),10/11 (91%),10/18 (56%),11/16 (69%),6/11 (55%),7/11 (64%),5.0,4.0,1/3 (33%),1/1 (100%),16.0,18.0,9.0,13.0,4.0,4.0,1.0,3.0,5/16 (31%),8/18 (44%),4/11 (36%),5/11 (45%),4.0,5.0,0.0,2.0,0.0,0.0,,,,,,,,,,,,,,,,,,,,,,,,,,,,,,,,,,
15440864,CHALLENGER,174009,"Tenerife, Spain",2026-02-04,Round of 16,Hardcourt outdoor,177686,Javier Barranco Cosano,131442,Michael Mmoh,1,0,,20260517,3,2,4,4,45/72 (63%),39/64 (61%),23/27 (85%),21/25 (84%),26/45 (58%),24/39 (62%),10/27 (37%),10/25 (40%),9,9,7/11 (63%),0/4 (0%),66.0,70.0,36,34,30,36,8,7,9.0,10.0,5.0,4.0,2,3,15/39 (38%),19/45 (42%),15/25 (60%),17/27 (62%),9,9,4,4,0,1,0,0,2,3,25/40 (63%),27/40 (68%),13/15 (87%),10/13 (77%),13/25 (52%),16/27 (59%),6/15 (40%),4/13 (31%),6,6,3/6 (50%),0/3 (0%),19,20,20,21,8,4,2,3,11/27 (40%),12/25 (48%),9/13 (69%),9/15 (60%),6,6,3,3,0,1,3.0,2.0,2.0,1.0,19/32 (59%),14/24 (58%),11/13 (85%),9/10 (90%),12/19 (63%),9/14 (64%),5/13 (38%),5/10 (50%),3.0,3.0,4/5 (80%),0/1 (0%),17.0,14.0,10.0,15.0,4.0,4.0,2.0,1.0,5/14 (35%),7/19 (36%),5/10 (50%),8/13 (61%),3.0,3.0,1.0,1.0,0.0,0.0,,,,,,,,,,,,,,,,,,,,,,,,,,,,,,,,,,
15440868,CHALLENGER,174009,"Tenerife, Spain",2026-02-04,Round of 16,Hardcourt outdoor,261017,Francesco Maestrelli,307383,Abdullah Shelbayh,2,0,,20260517,1,1,0,1,31/50 (62%),22/44 (50%),19/19 (100%),21/22 (95%),25/31 (81%),17/22 (77%),11/19 (58%),6/22 (27%),8,8,1/1 (100%),2/6 (33%),57.0,37.0,36,23,21,14,6,5,12.0,4.0,8.0,4.0,5,1,5/22 (22%),6/31 (19%),16/22 (72%),8/19 (42%),8,8,4,0,0,0,0,0,0,0,14/21 (67%),14/28 (50%),7/7 (100%),14/14 (100%),13/14 (93%),12/14 (86%),4/7 (57%),4/14 (29%),4,5,0/0 (0%),2/4 (50%),17,16,12,4,6,5,2,1,2/14 (14%),1/14 (7%),10/14 (71%),3/7 (42%),5,4,2,0,0,0,1.0,1.0,0.0,1.0,17/29 (59%),8/16 (50%),12/12 (100%),7/8 (88%),12/17 (71%),5/8 (63%),7/12 (58%),2/8 (25%),4.0,3.0,1/1 (100%),0/2 (0%),19.0,7.0,9.0,10.0,5.0,4.0,5.0,1.0,3/8 (37%),5/17 (29%),6/8 (75%),5/12 (41%),3.0,4.0,2.0,0.0,0.0,0.0,,,,,,,,,,,,,,,,,,,,,,,,,,,,,,,,,,
15440870,CHALLENGER,174009,"Tenerife, Spain",2026-02-04,Round of 16,Hardcourt outdoor,258978,George Loffhagen,853634,Jacopo Vasamì,2,0,,20260517,6,4,2,1,57/87 (66%),30/52 (58%),28/30 (93%),21/22 (95%),37/57 (65%),27/30 (90%),13/30 (43%),15/22 (68%),11,10,6/9 (66%),0/0 (0%),60.0,79.0,50,42,10,37,4,8,8.0,13.0,8.0,10.0,1,3,3/30 (10%),20/57 (35%),7/22 (31%),17/30 (56%),10,11,0,3,0,0,3,2,0,0,38/57 (67%),17/27 (63%),19/19 (100%),10/10 (100%),22/38 (58%),15/17 (88%),10/19 (53%),9/10 (90%),6,6,3/4 (75%),0/0 (0%),32,24,3,25,3,8,1,3,2/17 (11%),16/38 (42%),1/10 (10%),9/19 (47%),6,6,0,1,0,0,3.0,2.0,2.0,1.0,18/30 (60%),13/25 (52%),10/12 (83%),11/12 (92%),15/18 (83%),12/13 (92%),3/12 (25%),6/12 (50%),5.0,4.0,3/5 (60%),0/0 (0%),18.0,18.0,7.0,12.0,4.0,6.0,1.0,3.0,1/13 (7%),3/18 (16%),6/12 (50%),9/12 (75%),4.0,5.0,0.0,2.0,0.0,0.0,,,,,,,,,,,,,,,,,,,,,,,,,,,,,,,,,,
15440879,CHALLENGER,174009,"Tenerife, Spain",2026-02-04,Round of 16,Hardcourt outdoor,338890,Daniel Merida,451920,Alejo Sanchez Quilez,2,0,,20260517,0,4,4,2,41/67 (61%),35/61 (57%),22/26 (85%),24/26 (92%),22/41 (54%),23/35 (66%),11/26 (42%),14/26 (54%),11,10,3/9 (33%),4/7 (57%),57.0,71.0,33,37,24,34,4,5,8.0,13.0,5.0,5.0,2,4,12/35 (34%),19/41 (46%),12/26 (46%),15/26 (57%),10,11,3,6,0,0,0,3,1,0,21/34 (62%),18/35 (51%),12/13 (92%),17/17 (100%),12/21 (57%),11/18 (61%),6/13 (46%),11/17 (65%),6,6,1/4 (25%),2/4 (50%),18,22,13,16,4,5,2,3,7/18 (38%),9/21 (42%),6/17 (35%),7/13 (53%),6,6,2,3,0,0,0.0,1.0,3.0,2.0,20/33 (61%),16/26 (62%),10/13 (77%),8/10 (80%),10/20 (50%),11/16 (69%),5/13 (38%),4/10 (40%),5.0,4.0,2/5 (40%),2/3 (66%),15.0,15.0,11.0,18.0,3.0,4.0,2.0,3.0,5/16 (31%),10/20 (50%),6/10 (60%),8/13 (61%),4.0,5.0,1.0,3.0,0.0,0.0,,,,,,,,,,,,,,,,,,,,,,,,,,,,,,,,,,
15440881,CHALLENGER,174009,"Tenerife, Spain",2026-02-04,Round of 16,Hardcourt outdoor,217448,Pol Martin Tiffon,264358,Pablo Llamas Ruiz,2,1,,20260517,1,1,2,1,47/74 (64%),79/99 (80%),25/27 (93%),19/20 (95%),30/47 (64%),35/79 (44%),13/27 (48%),10/20 (50%),12,13,3/7 (42%),11/20 (55%),97.0,76.0,43,45,54,31,10,7,17.0,8.0,8.0,4.0,10,3,44/79 (55%),17/47 (36%),10/20 (50%),14/27 (51%),13,12,9,4,0,0,0,0,2,1,20/32 (63%),38/51 (75%),10/12 (83%),12/13 (92%),11/20 (55%),20/38 (53%),3/12 (25%),7/13 (54%),6,6,2/6 (33%),6/9 (66%),14,27,24,18,5,7,2,3,18/38 (47%),9/20 (45%),6/13 (46%),9/12 (75%),6,6,3,4,0,0,0.0,1.0,0.0,0.0,17/26 (65%),25/29 (86%),9/9 (100%),4/4 (100%),11/17 (65%),10/25 (40%),6/9 (67%),2/4 (50%),3.0,4.0,1/1 (100%),3/6 (50%),17.0,12.0,17.0,9.0,10.0,3.0,4.0,1.0,15/25 (60%),6/17 (35%),2/4 (50%),3/9 (33%),4.0,3.0,3.0,0.0,0.0,0.0,1.0,0.0,0.0,0.0,10/16 (63%),16/19 (84%),6/6 (100%),3/3 (100%),8/10 (80%),5/16 (31%),4/6 (67%),1/3 (33%),3.0,3.0,0/0 (0%),2/5 (40%),12.0,6.0,13.0,4.0,6.0,3.0,6.0,0.0,11/16 (68%),2/10 (20%),2/3 (66%),2/6 (33%),3.0,3.0,3.0,0.0,0.0,0.0
15462930,WTA,174032,"Mumbai, India",2026-02-04,Round of 32,Hardcourt outdoor,378686,Tatiana Prozorova,291270,Priska Madelyn Nugroho,2,0,,20260517,0,2,1,2,26/43 (60%),27/43 (63%),16/17 (94%),14/16 (88%),12/26 (46%),22/27 (81%),7/17 (41%),9/16 (56%),8,7,3/8 (37%),4/4 (100%),32.0,56.0,19,31,13,25,5,8,3.0,12.0,3.0,7.0,1,7,5/27 (18%),14/26 (53%),7/16 (43%),10/17 (58%),7,8,0,5,0,0,0,0,1,1,14/25 (56%),18/29 (62%),10/11 (91%),10/11 (91%),6/14 (43%),14/18 (78%),6/11 (55%),5/11 (45%),4,4,3/5 (60%),4/4 (100%),12,19,10,13,4,7,1,3,4/18 (22%),8/14 (57%),6/11 (54%),5/11 (45%),4,4,0,2,0,0,0.0,2.0,0.0,1.0,13/19 (68%),10/15 (67%),6/6 (100%),4/5 (80%),7/13 (54%),9/10 (90%),0/6 (0%),3/5 (60%),4.0,3.0,0/3 (0%),0/0 (0%),7.0,12.0,3.0,12.0,5.0,8.0,1.0,4.0,1/10 (10%),6/13 (46%),2/5 (40%),6/6 (100%),3.0,4.0,0.0,3.0,0.0,0.0,,,,,,,,,,,,,,,,,,,,,,,,,,,,,,,,,,
15459035,WTA,174032,"Mumbai, India",2026-02-04,Round of 32,Hardcourt outdoor,418056,Lilli Tagger,457906,Vaishnavi Adkar,2,0,,20260517,7,0,1,2,39/61 (64%),39/69 (57%),21/22 (95%),28/30 (93%),31/39 (79%),26/39 (67%),13/22 (59%),13/30 (43%),11,11,2/3 (66%),7/10 (70%),74.0,56.0,44,39,30,17,7,6,13.0,9.0,10.0,8.0,4,2,13/39 (33%),8/39 (20%),17/30 (56%),9/22 (40%),11,11,3,1,0,0,4,0,1,1,26/38 (68%),22/36 (61%),11/12 (92%),13/14 (93%),20/26 (77%),14/22 (64%),4/12 (33%),5/14 (36%),6,6,2/3 (66%),6/8 (75%),24,19,17,14,7,6,4,2,8/22 (36%),6/26 (23%),9/14 (64%),8/12 (66%),6,6,2,1,0,0,3.0,0.0,0.0,1.0,13/23 (57%),17/33 (52%),10/10 (100%),15/16 (94%),11/13 (85%),12/17 (71%),9/10 (90%),8/16 (50%),5.0,5.0,0/0 (0%),1/2 (50%),20.0,20.0,13.0,3.0,5.0,3.0,3.0,1.0,5/17 (29%),2/13 (15%),8/16 (50%),1/10 (10%),5.0,5.0,1.0,0.0,0.0,0.0,,,,,,,,,,,,,,,,,,,,,,,,,,,,,,,,,,
15461434,CHALLENGER,174017,"Cleveland, USA",2026-02-04,Round of 32,Hardcourt indoor,321862,Andres Martin,244985,Andre Ilagan,2,1,2 - 1,2026-05-17,6,11,3,6,81/120 (68%),85/124 (69%),36/39 (92%),33/39 (85%),53/81 (65%),61/85 (72%),19/39 (49%),12/39 (31%),17,16,9/14 (64%),6/11 (54%),123.0,121.0,72,73,51,48,5,9,17.0,17.0,10.0,11.0,4,3,24/85 (28%),28/81 (34%),27/39 (69%),20/39 (51%),16,17,5,5,0,1,1,5,1,2,27/38 (71%),39/56 (70%),10/11 (91%),15/17 (88%),19/27 (70%),30/39 (77%),7/11 (64%),5/17 (29%),6,6,0/1 (0%),4/5 (80%),26,35,21,12,5,7,2,2,9/39 (23%),8/27 (29%),12/17 (70%),4/11 (36%),6,6,1,1,0,1,0.0,0.0,0.0,2.0,28/39 (72%),16/25 (64%),11/11 (100%),7/9 (78%),18/28 (64%),11/16 (69%),6/11 (55%),2/9 (22%),5.0,4.0,4/5 (80%),2/4 (50%),24.0,13.0,12.0,15.0,5.0,9.0,5.0,3.0,5/16 (31%),10/28 (35%),7/9 (77%),5/11 (45%),4.0,5.0,2.0,1.0,0.0,0.0,5.0,6.0,2.0,2.0,26/43 (60%),30/43 (70%),15/17 (88%),11/13 (85%),16/26 (62%),20/30 (67%),6/17 (35%),5/13 (38%),6.0,6.0,5/8 (62%),0/2 (0%),22.0,25.0,18.0,21.0,5.0,4.0,2.0,3.0,10/30 (33%),10/26 (38%),8/13 (61%),11/17 (64%),6.0,6.0,2.0,3.0,0.0,0.0
15440934,CHALLENGER,174017,"Cleveland, USA",2026-02-04,Round of 16,Hardcourt indoor,335632,Daniel Milavsky,215377,Dan Martin,2,0,2 - ?,2026-05-17,0,11,3,3,41/73 (56%),34/60 (57%),29/32 (91%),23/26 (88%),26/41 (63%),29/34 (85%),17/32 (53%),18/26 (69%),11,10,1/3 (33%),2/2 (100%),56.0,77.0,43,47,13,30,4,10,9.0,13.0,9.0,10.0,1,3,5/34 (14%),15/41 (36%),8/26 (30%),15/32 (46%),10,11,0,2,0,1,0,8,1,3,23/41 (56%),24/43 (56%),17/18 (94%),16/19 (84%),15/23 (65%),19/24 (79%),11/18 (61%),12/19 (63%),6,6,0/0 (0%),2/2 (100%),26,31,12,15,4,6,1,1,5/24 (20%),8/23 (34%),7/19 (36%),7/18 (38%),6,6,0,0,0,1,0.0,3.0,2.0,0.0,18/32 (56%),10/17 (59%),12/14 (86%),7/7 (100%),11/18 (61%),10/10 (100%),6/14 (43%),6/7 (86%),5.0,4.0,1/3 (33%),0/0 (0%),17.0,16.0,1.0,15.0,4.0,9.0,1.0,2.0,0/10 (0%),7/18 (38%),1/7 (14%),8/14 (57%),4.0,5.0,0.0,2.0,0.0,0.0,,,,,,,,,,,,,,,,,,,,,,,,,,,,,,,,,,
15440911,CHALLENGER,174017,"Cleveland, USA",2026-02-04,Round of 16,Hardcourt indoor,232059,Keegan Smith,339606,Antoine Ghibaudo,2,0,2 - ?,2026-05-17,4,3,3,4,57/77 (74%),47/78 (60%),17/20 (85%),27/31 (87%),41/57 (72%),37/47 (79%),13/20 (65%),15/31 (48%),12,12,2/2 (100%),1/2 (50%),80.0,75.0,54,52,26,23,7,6,14.0,11.0,12.0,11.0,3,1,10/47 (21%),16/57 (28%),16/31 (51%),7/20 (35%),12,12,1,0,1,0,1,0,1,2,33/42 (79%),20/39 (51%),8/9 (89%),17/19 (89%),24/33 (73%),18/20 (90%),5/9 (56%),9/19 (47%),6,6,1/1 (100%),0/0 (0%),29,27,12,13,5,4,1,1,2/20 (10%),9/33 (27%),10/19 (52%),4/9 (44%),6,6,0,0,1,0,3.0,3.0,2.0,2.0,24/35 (69%),27/39 (69%),9/11 (82%),10/12 (83%),17/24 (71%),19/27 (70%),8/11 (73%),6/12 (50%),6.0,6.0,1/1 (100%),1/2 (50%),25.0,25.0,14.0,10.0,7.0,6.0,3.0,1.0,8/27 (29%),7/24 (29%),6/12 (50%),3/11 (27%),6.0,6.0,1.0,0.0,0.0,0.0,,,,,,,,,,,,,,,,,,,,,,,,,,,,,,,,,,
15440910,CHALLENGER,174017,"Cleveland, USA",2026-02-04,Round of 16,Hardcourt indoor,77007,Stefan Kozlov,307390,Raphael Perot,2,1,2 - 1,2026-05-17,10,3,5,3,49/82 (60%),73/101 (72%),28/33 (85%),25/28 (89%),36/49 (73%),43/73 (59%),18/33 (55%),15/28 (54%),15,15,4/8 (50%),4/8 (50%),97.0,86.0,54,58,43,28,6,5,16.0,15.0,11.0,11.0,3,3,30/73 (41%),13/49 (26%),13/28 (46%),15/33 (45%),15,15,4,4,1,0,4,0,3,2,17/34 (50%),27/43 (63%),14/17 (82%),14/16 (88%),10/17 (59%),14/27 (52%),12/17 (71%),10/16 (63%),6,6,0/2 (0%),2/4 (50%),22,24,19,12,6,4,3,2,13/27 (48%),7/17 (41%),6/16 (37%),5/17 (29%),6,6,2,2,1,0,5.0,1.0,2.0,1.0,12/20 (60%),20/28 (71%),6/8 (75%),7/8 (88%),10/12 (83%),13/20 (65%),1/8 (13%),4/8 (50%),4.0,5.0,3/5 (60%),0/1 (0%),11.0,17.0,11.0,9.0,5.0,5.0,2.0,3.0,7/20 (35%),2/12 (16%),4/8 (50%),7/8 (87%),5.0,4.0,1.0,2.0,0.0,0.0,1.0,2.0,0.0,0.0,20/28 (71%),25/30 (83%),8/8 (100%),5/5 (100%),16/20 (80%),15/25 (60%),5/8 (63%),2/5 (40%),5.0,4.0,1/1 (100%),2/3 (66%),21.0,17.0,13.0,7.0,4.0,5.0,3.0,1.0,10/25 (40%),4/20 (20%),3/5 (60%),3/8 (37%),4.0,5.0,1.0,0.0,0.0,0.0
15440924,CHALLENGER,174017,"Cleveland, USA",2026-02-04,Round of 16,Hardcourt indoor,274435,Stefan Dostanic,187230,Christian Langmo,2,1,2 - 1,2026-05-17,9,4,2,4,84/120 (70%),67/101 (66%),34/36 (94%),30/34 (88%),59/84 (70%),55/67 (82%),17/36 (47%),20/34 (59%),15,16,12/14 (85%),4/4 (100%),102.0,119.0,76,75,26,44,5,5,14.0,18.0,13.0,16.0,1,3,12/67 (17%),25/84 (29%),14/34 (41%),19/36 (52%),16,15,0,2,1,0,1,1,1,0,13/25 (52%),21/25 (84%),11/12 (92%),4/4 (100%),9/13 (69%),16/21 (76%),6/12 (50%),4/4 (100%),4,5,1/2 (50%),0/0 (0%),15,20,5,10,3,4,1,3,5/21 (23%),4/13 (30%),0/4 (0%),6/12 (50%),5,4,0,1,0,0,4.0,2.0,0.0,2.0,36/43 (84%),23/41 (56%),7/7 (100%),16/18 (89%),27/36 (75%),19/23 (83%),4/7 (57%),12/18 (67%),6.0,6.0,,,31.0,31.0,10.0,12.0,5.0,5.0,1.0,1.0,4/23 (17%),9/36 (25%),6/18 (33%),3/7 (42%),6.0,6.0,0.0,0.0,1.0,0.0,4.0,1.0,1.0,2.0,34/52 (65%),23/35 (66%),17/18 (94%),10/12 (83%),23/34 (68%),20/23 (87%),7/18 (39%),4/12 (33%),5.0,5.0,11/12 (91%),4/4 (100%),30.0,24.0,11.0,22.0,4.0,5.0,1.0,2.0,3/23 (13%),11/34 (32%),8/12 (66%),11/18 (61%),5.0,5.0,0.0,1.0,0.0,0.0
15460023,CHALLENGER,174021,"Koblenz, Germany",2026-02-04,Round of 32,Hardcourt indoor,157394,Mats Rosenkranz,208222,Patrick Zahraj,1,0,? - 1,2026-05-17,7,4,3,3,40/61 (66%),43/70 (61%),18/21 (86%),24/27 (89%),28/40 (70%),30/43 (70%),10/21 (48%),12/27 (44%),10,9,6/8 (75%),7/10 (70%),66.0,65.0,38,42,28,23,6,7,11.0,8.0,7.0,6.0,3,3,13/43 (30%),12/40 (30%),15/27 (55%),11/21 (52%),9,10,3,2,0,0,6,1,2,2,25/35 (71%),15/22 (68%),8/10 (80%),5/7 (71%),17/25 (68%),11/15 (73%),6/10 (60%),3/7 (43%),5,4,4/4 (100%),0/1 (0%),23,14,8,12,5,3,3,1,4/15 (26%),8/25 (32%),4/7 (57%),4/10 (40%),4,5,1,0,0,0,1.0,3.0,1.0,1.0,15/26 (58%),28/48 (58%),10/11 (91%),19/20 (95%),11/15 (73%),19/28 (68%),4/11 (36%),9/20 (45%),5.0,5.0,2/4 (50%),7/9 (77%),15.0,28.0,20.0,11.0,6.0,7.0,2.0,3.0,9/28 (32%),4/15 (26%),11/20 (55%),7/11 (63%),5.0,5.0,2.0,2.0,0.0,0.0,,,,,,,,,,,,,,,,,,,,,,,,,,,,,,,,,,
15468125,CHALLENGER,174021,"Koblenz, Germany",2026-02-04,Round of 32,Hardcourt indoor,300293,Max Hans Rehberg,341168,Liam Gavrielides,2,0,2 - ?,2026-05-17,1,3,1,0,38/55 (69%),25/47 (53%),16/17 (94%),22/22 (100%),25/38 (66%),15/25 (60%),11/17 (65%),10/22 (45%),8,9,2/2 (100%),0/4 (0%),58.0,43.0,36,25,22,18,9,5,12.0,5.0,8.0,4.0,6,1,10/25 (40%),13/38 (34%),12/22 (54%),6/17 (35%),9,8,4,0,0,0,0,2,1,0,19/30 (63%),12/24 (50%),10/11 (91%),12/12 (100%),13/19 (68%),8/12 (67%),6/11 (55%),6/12 (50%),4,5,2/2 (100%),0/2 (0%),19,14,10,11,6,5,3,1,4/12 (33%),6/19 (31%),6/12 (50%),5/11 (45%),5,4,2,0,0,0,1.0,1.0,0.0,0.0,18/24 (75%),13/23 (57%),6/6 (100%),10/10 (100%),12/18 (67%),7/13 (54%),5/6 (83%),4/10 (40%),4.0,4.0,0/0 (0%),0/2 (0%),17.0,11.0,12.0,7.0,9.0,3.0,3.0,1.0,6/13 (46%),6/18 (33%),6/10 (60%),1/6 (16%),4.0,4.0,2.0,0.0,0.0,0.0,,,,,,,,,,,,,,,,,,,,,,,,,,,,,,,,,,
15468123,CHALLENGER,174021,"Koblenz, Germany",2026-02-04,Round of 32,Hardcourt indoor,82579,Kaichi Uchida,114885,Johan Nikles,2,0,2 - ?,2026-05-17,5,3,1,1,33/55 (60%),23/43 (53%),21/22 (95%),19/20 (95%),26/33 (79%),16/23 (70%),13/22 (59%),9/20 (45%),9,8,1/1 (100%),5/8 (62%),57.0,41.0,39,25,18,16,9,5,12.0,5.0,9.0,5.0,5,1,7/23 (30%),7/33 (21%),11/20 (55%),9/22 (40%),8,9,3,0,0,0,1,1,1,1,19/32 (59%),13/26 (50%),12/13 (92%),12/13 (92%),16/19 (84%),11/13 (85%),6/13 (46%),7/13 (54%),5,5,1/1 (100%),2/3 (66%),22,18,8,10,6,5,2,1,2/13 (15%),3/19 (15%),6/13 (46%),7/13 (53%),5,5,1,0,0,0,4.0,2.0,0.0,0.0,14/23 (61%),10/17 (59%),9/9 (100%),7/7 (100%),10/14 (71%),5/10 (50%),7/9 (78%),2/7 (29%),4.0,3.0,0/0 (0%),3/5 (60%),17.0,7.0,10.0,6.0,9.0,4.0,5.0,1.0,5/10 (50%),4/14 (28%),5/7 (71%),2/9 (22%),3.0,4.0,2.0,0.0,0.0,0.0,,,,,,,,,,,,,,,,,,,,,,,,,,,,,,,,,,
15468122,CHALLENGER,174021,"Koblenz, Germany",2026-02-04,Round of 32,Hardcourt indoor,420304,Max Schoenhaus,462177,Mika Petkovic,2,1,2 - 1,2026-05-17,15,5,5,1,61/106 (58%),65/98 (66%),40/45 (89%),32/33 (97%),46/61 (75%),39/65 (60%),20/45 (44%),16/33 (48%),17,16,11/15 (73%),1/6 (16%),109.0,95.0,66,55,43,40,9,5,18.0,15.0,13.0,11.0,5,3,26/65 (40%),15/61 (24%),17/33 (51%),25/45 (55%),16,17,5,4,0,0,3,3,0,0,20/36 (56%),29/43 (67%),16/16 (100%),14/14 (100%),15/20 (75%),19/29 (66%),9/16 (56%),9/14 (64%),6,6,5/6 (83%),0/0 (0%),24,28,15,12,4,5,1,3,10/29 (34%),5/20 (25%),5/14 (35%),7/16 (43%),6,6,0,1,0,0,6.0,1.0,3.0,0.0,19/33 (58%),23/32 (72%),11/14 (79%),9/9 (100%),16/19 (84%),14/23 (61%),6/14 (43%),5/9 (56%),6.0,6.0,0/1 (0%),1/3 (33%),22.0,19.0,13.0,11.0,4.0,5.0,4.0,3.0,9/23 (39%),3/19 (15%),4/9 (44%),8/14 (57%),6.0,6.0,2.0,1.0,0.0,0.0,6.0,1.0,2.0,1.0,22/37 (59%),14/23 (61%),13/15 (87%),8/9 (89%),15/22 (68%),6/14 (43%),5/15 (33%),2/9 (22%),5.0,4.0,6/8 (75%),0/3 (0%),20.0,8.0,15.0,17.0,9.0,4.0,5.0,2.0,8/14 (57%),7/22 (31%),7/9 (77%),10/15 (66%),4.0,5.0,3.0,2.0,0.0,0.0
15468121,CHALLENGER,174021,"Koblenz, Germany",2026-02-04,Round of 32,Hardcourt indoor,286492,Martin Krumich,353705,Matthew William Donald,2,0,2 - ?,2026-05-17,2,6,3,3,36/65 (55%),45/75 (60%),26/29 (90%),27/30 (90%),25/36 (69%),31/45 (69%),13/29 (45%),16/30 (53%),11,11,1/5 (20%),6/8 (75%),66.0,74.0,38,47,28,27,5,4,9.0,13.0,5.0,9.0,3,5,14/45 (31%),11/36 (30%),14/30 (46%),16/29 (55%),11,11,2,4,0,0,0,1,1,0,13/28 (46%),20/26 (77%),14/15 (93%),6/6 (100%),10/13 (77%),16/20 (80%),9/15 (60%),4/6 (67%),5,5,0/1 (0%),0/0 (0%),19,20,6,9,4,4,1,2,4/20 (20%),3/13 (23%),2/6 (33%),6/15 (40%),5,5,0,1,0,0,2.0,5.0,2.0,3.0,23/37 (62%),25/49 (51%),12/14 (86%),21/24 (88%),15/23 (65%),15/25 (60%),4/14 (29%),12/24 (50%),6.0,6.0,1/4 (25%),6/8 (75%),19.0,27.0,22.0,18.0,5.0,4.0,3.0,2.0,10/25 (40%),8/23 (34%),12/24 (50%),10/14 (71%),6.0,6.0,2.0,3.0,0.0,0.0,,,,,,,,,,,,,,,,,,,,,,,,,,,,,,,,,,
15462924,WTA,174032,"Mumbai, India",2026-02-04,Round of 32,Hardcourt outdoor,383994,Hanne Vandewinkel,479153,Zuzanna Pawlikowska,2,0,N/A,20260517,0,4,3,3,39/59 (66%),43/66 (65%),17/20 (85%),20/23 (87%),18/39 (46%),24/43 (56%),6/20 (30%),11/23 (48%),9,9,2/9 (22%),7/11 (63%),56,70,24,35,32,35,5,6,6,12,2,5,3,4,19/43 (44%),21/39 (53%),12/23 (52%),14/20 (70%),9,9,4,7,0,0,0,0,2,1,24/35 (69%),18/27 (67%),9/11 (82%),8/9 (89%),13/24 (54%),11/18 (61%),3/11 (27%),5/9 (56%),5,4,2/5 (40%),1/2 (50%),16,16,11,19,5,6,3,4,7/18 (38%),11/24 (45%),4/9 (44%),8/11 (72%),4,5,1,3,0,0,0,4,1,2,15/24 (63%),26/40 (65%),8/9 (89%),12/14 (86%),5/15 (33%),14/26 (54%),3/9 (33%),5/14 (36%),4,5,0/4 (0%),6/9 (66%),8,19,21,16,4,5,1,3,12/26 (46%),10/15 (66%),9/14 (64%),6/9 (66%),5,4,3,4,0,0,,,,,,,,,,,,,,,,,,,,,,,,,,,,,,,,,,
15459039,WTA,174032,"Mumbai, India",2026-02-04,Round of 32,Hardcourt outdoor,322099,Lanlana Tararudee,507584,Maaya Rajeshwaran Revathi,2,0,N/A,20260517,1,2,1,1,17/46 (37%),28/61 (46%),28/29 (97%),32/33 (97%),13/17 (76%),22/28 (79%),10/29 (34%),18/33 (55%),8,9,2/6 (33%),5/6 (83%),44,63,23,40,21,23,4,12,5,12,4,8,1,3,6/28 (21%),4/17 (23%),15/33 (45%),19/29 (65%),9,8,1,4,0,0,1,1,1,1,8/23 (35%),17/37 (46%),14/15 (93%),19/20 (95%),7/8 (88%),13/17 (76%),5/15 (33%),9/20 (45%),4,5,0/2 (0%),2/3 (66%),12,22,15,11,4,4,1,3,4/17 (23%),1/8 (12%),11/20 (55%),10/15 (66%),5,4,1,2,0,0,0,1,0,0,9/23 (39%),11/24 (46%),14/14 (100%),13/13 (100%),6/9 (67%),9/11 (82%),5/14 (36%),9/13 (69%),4,4,2/4 (50%),3/3 (100%),11,18,6,12,4,8,1,3,2/11 (18%),3/9 (33%),4/13 (30%),9/14 (64%),4,4,0,2,0,0,,,,,,,,,,,,,,,,,,,,,,,,,,,,,,,,,,
15441030,WTA,174032,"Mumbai, India",2026-02-04,Round of 16,Hardcourt outdoor,314519,Darja Semenistaja,197535,Mai Hontama,2,0,N/A,20260517,0,2,5,1,55/90 (61%),49/73 (67%),30/35 (86%),23/24 (96%),25/55 (45%),28/49 (57%),17/35 (49%),11/24 (46%),11,11,5/11 (45%),3/8 (37%),76,87,42,39,34,48,6,8,10,13,5,6,2,3,21/49 (42%),30/55 (54%),13/24 (54%),18/35 (51%),11,11,5,6,0,1,0,1,3,0,23/36 (64%),20/31 (65%),10/13 (77%),11/11 (100%),13/23 (57%),11/20 (55%),4/13 (31%),6/11 (55%),5,5,1/4 (25%),1/3 (33%),17,17,14,19,6,6,2,3,9/20 (45%),10/23 (43%),5/11 (45%),9/13 (69%),5,5,2,3,0,0,0,1,2,1,32/54 (59%),25/42 (60%),20/22 (91%),16/17 (94%),12/32 (38%),14/25 (56%),13/22 (59%),8/17 (47%),6,6,4/7 (57%),2/5 (40%),25,22,20,29,4,8,2,3,11/25 (44%),20/32 (62%),9/17 (52%),9/22 (40%),6,6,3,3,0,1,,,,,,,,,,,,,,,,,,,,,,,,,,,,,,,,,,
15441027,WTA,174032,"Mumbai, India",2026-02-04,Round of 16,Hardcourt outdoor,208613,Mei Yamaguchi,378682,Yasmine Kabbaj,2,1,N/A,20260517,2,1,1,5,68/96 (71%),75/99 (76%),27/28 (96%),19/24 (79%),44/68 (65%),46/75 (61%),12/28 (43%),10/24 (42%),16,16,5/11 (45%),7/13 (53%),99,96,56,56,43,40,6,5,17,16,10,10,3,4,29/75 (38%),24/68 (35%),14/24 (58%),16/28 (57%),16,16,6,6,1,0,2,1,1,1,18/28 (64%),22/28 (79%),9/10 (90%),5/6 (83%),10/18 (56%),13/22 (59%),4/10 (40%),2/6 (33%),5,5,2/5 (40%),1/3 (33%),14,15,13,14,6,4,2,4,9/22 (40%),8/18 (44%),4/6 (66%),6/10 (60%),5,5,2,3,0,0,0,0,0,2,21/27 (78%),25/32 (78%),6/6 (100%),5/7 (71%),16/21 (76%),15/25 (60%),3/6 (50%),4/7 (57%),5,5,1/2 (50%),4/6 (66%),19,19,13,8,6,5,3,3,10/25 (40%),5/21 (23%),3/7 (42%),3/6 (50%),5,5,2,1,0,0,0,0,0,2,30/44 (68%),30/42 (71%),14/14 (100%),10/12 (83%),20/30 (67%),19/30 (63%),6/14 (43%),5/12 (42%),6,6,2/4 (50%),2/4 (50%),26,24,18,18,4,4,3,3,11/30 (36%),10/30 (33%),7/12 (58%),8/14 (57%),6,6,2,2,1,0
15441039,WTA,174032,"Mumbai, India",2026-02-04,Round of 16,Hardcourt outdoor,112957,Leolia Jeanjean,390973,Miho Kuramochi,2,0,N/A,20260517,2,0,1,1,32/49 (65%),27/37 (73%),16/17 (94%),9/10 (90%),22/32 (69%),13/27 (48%),8/17 (47%),5/10 (50%),9,9,6/7 (85%),4/6 (66%),49,37,30,18,19,19,6,8,12,6,8,5,3,2,14/27 (51%),10/32 (31%),5/10 (50%),9/17 (52%),9,9,2,1,0,0,1,0,0,1,24/35 (69%),18/26 (69%),11/11 (100%),7/8 (88%),16/24 (67%),8/18 (44%),6/11 (55%),4/8 (50%),5,4,4/5 (80%),4/6 (66%),22,12,14,13,5,8,3,2,10/18 (55%),8/24 (33%),4/8 (50%),5/11 (45%),4,5,2,1,0,0,2,0,4,1,19/34 (56%),25/30 (83%),11/15 (73%),4/5 (80%),15/19 (79%),13/25 (52%),6/15 (40%),2/5 (40%),4,5,4/4 (100%),0/2 (0%),21,15,15,13,6,4,3,1,12/25 (48%),4/19 (21%),3/5 (60%),9/15 (60%),5,4,2,0,0,0,,,,,,,,,,,,,,,,,,,,,,,,,,,,,,,,,,
15441038,WTA,174032,"Mumbai, India",2026-02-04,Round of 16,Hardcourt outdoor,238275,Mananchaya Sawangkaew,235052,Misaki Matsuda,2,0,N/A,20260517,0,3,1,3,25/45 (56%),15/34 (44%),19/20 (95%),16/19 (84%),13/25 (52%),19/15 (100%),6/20 (30%),3/19 (16%),9,8,2/5 (40%),0/1 (0%),46,62,26,32,20,30,5,5,5,12,4,7,2,4,-4/15 (-26%),12/25 (48%),16/19 (84%),14/20 (70%),8,9,1,3,0,0,0,3,1,3,19/30 (63%),17/26 (65%),10/11 (91%),6/9 (67%),11/19 (58%),14/17 (82%),4/11 (36%),2/9 (22%),5,5,1/3 (33%),0/1 (0%),15,16,10,15,5,4,2,2,3/17 (17%),8/19 (42%),7/9 (77%),7/11 (63%),5,5,1,2,0,0,0,1,0,0,17/26 (65%),16/26 (62%),9/9 (100%),10/10 (100%),7/17 (41%),10/16 (63%),4/9 (44%),6/10 (60%),4,3,1/4 (25%),3/3 (100%),11,16,10,15,3,5,1,4,6/16 (37%),10/17 (58%),4/10 (40%),5/9 (55%),3,4,0,3,0,0,,,,,,,,,,,,,,,,,,,,,,,,,,,,,,,,,,
15441035,WTA,174032,"Mumbai, India",2026-02-04,Round of 16,Hardcourt outdoor,310115,Fangran Tian,383994,Hanne Vandewinkel,2,1,N/A,20260517,2,4,1,6,79/91 (87%),68/80 (85%),11/12 (92%),6/12 (50%),48/79 (61%),42/68 (62%),7/12 (58%),4/12 (33%),14,14,5/9 (55%),3/7 (42%),87,82,55,46,32,36,8,6,14,14,10,10,5,5,26/68 (38%),31/79 (39%),8/12 (66%),5/12 (41%),14,14,4,4,0,0,0,1,0,3,34/38 (89%),19/23 (83%),4/4 (100%),2/5 (40%),17/34 (50%),15/19 (79%),2/4 (50%),2/4 (50%),4,4,4/6 (66%),0/0 (0%),19,17,6,19,3,6,1,5,4/19 (21%),17/34 (50%),2/4 (50%),2/4 (50%),4,4,0,2,0,0,2,0,0,1,24/28 (86%),21/25 (84%),4/4 (100%),3/4 (75%),16/24 (67%),11/21 (52%),2/4 (50%),2/4 (50%),5,5,0/1 (0%),1/3 (33%),18,13,12,10,8,6,4,3,10/21 (47%),8/24 (33%),2/4 (50%),2/4 (50%),5,5,2,1,0,0,0,3,1,2,21/25 (84%),28/30 (93%),3/4 (75%),1/3 (33%),15/21 (71%),16/28 (57%),3/4 (75%),0/2 (0%),5,5,1/2 (50%),2/4 (50%),18,16,14,7,6,4,4,3,12/28 (42%),6/21 (28%),2/2 (100%),1/4 (25%),5,5,2,1,0,0
15441033,WTA,174032,"Mumbai, India",2026-02-04,Round of 16,Hardcourt outdoor,322099,Lanlana Tararudee,231208,Sohyun Park,2,1,N/A,20260517,1,7,2,3,65/91 (71%),47/80 (59%),24/26 (92%),30/33 (91%),35/65 (54%),35/47 (74%),13/26 (50%),16/33 (48%),12,12,9/14 (64%),4/6 (66%),76,94,48,51,28,43,5,7,9,15,7,10,3,8,12/47 (25%),30/65 (46%),17/33 (51%),13/26 (50%),12,12,2,5,0,0,1,3,1,2,28/41 (68%),13/24 (54%),12/13 (92%),9/11 (82%),20/28 (71%),10/13 (77%),7/13 (54%),6/11 (55%),5,4,5/5 (100%),1/2 (50%),27,16,8,14,5,5,3,1,3/13 (23%),8/28 (28%),5/11 (45%),6/13 (46%),4,5,1,0,0,0,0,2,1,0,19/25 (76%),21/31 (68%),5/6 (83%),10/10 (100%),9/19 (47%),15/21 (71%),3/6 (50%),5/10 (50%),4,5,2/4 (50%),0/1 (0%),12,20,11,13,5,7,2,3,6/21 (28%),10/19 (52%),5/10 (50%),3/6 (50%),5,4,1,2,0,0,0,2,0,1,18/25 (72%),13/24 (54%),7/7 (100%),11/12 (92%),6/18 (33%),10/13 (77%),3/7 (43%),5/11 (45%),3,3,2/5 (40%),3/3 (100%),9,15,9,16,2,6,0,6,3/13 (23%),12/18 (66%),6/11 (54%),4/7 (57%),3,3,0,3,0,0
15441032,WTA,174032,"Mumbai, India",2026-02-04,Round of 16,Hardcourt outdoor,418056,Lilli Tagger,207065,Eri Shimizu,2,0,N/A,20260517,6,1,0,1,32/43 (74%),58/63 (92%),11/11 (100%),4/5 (80%),26/32 (81%),31/58 (53%),8/11 (73%),2/5 (40%),8,8,1/1 (100%),2/6 (33%),63,42,34,33,29,9,8,4,12,4,8,4,5,1,27/58 (46%),6/32 (18%),3/5 (60%),3/11 (27%),8,8,4,0,0,0,4,1,0,1,16/19 (84%),31/34 (91%),3/3 (100%),3/4 (75%),13/16 (81%),16/31 (52%),3/3 (100%),1/3 (33%),4,4,0/0 (0%),1/3 (33%),16,17,17,3,8,4,3,1,15/31 (48%),3/16 (18%),2/3 (66%),0/3 (0%),4,4,2,0,0,0,2,0,0,0,16/24 (67%),27/28 (96%),8/8 (100%),1/1 (100%),13/16 (81%),15/27 (56%),5/8 (63%),1/1 (100%),4,4,1/1 (100%),1/3 (33%),18,16,12,6,7,4,5,1,12/27 (44%),3/16 (18%),0/1 (0%),3/8 (37%),4,4,2,0,0,0,,,,,,,,,,,,,,,,,,,,,,,,,,,,,,,,,,
15441029,WTA,174032,"Mumbai, India",2026-02-04,Round of 16,Hardcourt outdoor,378686,Tatiana Prozorova,414874,Kristiana Sidorova,2,0,N/A,20260517,0,1,5,2,32/53 (60%),43/52 (83%),16/21 (76%),7/9 (78%),20/32 (63%),27/43 (63%),6/21 (29%),4/9 (44%),8,9,7/12 (58%),0/2 (0%),46,58,26,31,20,27,9,5,5,12,3,7,2,4,16/43 (37%),12/32 (37%),5/9 (55%),15/21 (71%),9,8,2,5,0,0,0,0,3,0,17/29 (59%),21/26 (81%),9/12 (75%),5/5 (100%),11/17 (65%),13/21 (62%),6/12 (50%),3/5 (60%),5,5,3/5 (60%),0/1 (0%),17,16,10,12,9,4,2,3,8/21 (38%),6/17 (35%),2/5 (40%),6/12 (50%),5,5,1,2,0,0,0,1,2,2,15/24 (63%),22/25 (88%),7/9 (78%),2/4 (50%),9/15 (60%),14/22 (64%),0/9 (0%),1/3 (33%),3,4,4/7 (57%),0/1 (0%),9,15,10,15,4,5,1,4,8/22 (36%),6/15 (40%),2/3 (66%),9/9 (100%),4,3,1,3,0,0,,,,,,,,,,,,,,,,,,,,,,,,,,,,,,,,,,
